{"version":122,"hash":{"type":"Buffer","data":"nzq+GijYVtpIYC06qBCf64mfe4Bj1hwPkxZZLZMdxVfnO4oVMkhLc2j7ibFigpgOtEfNaGieVE+z3tLrMwA79rLrojAqVfEQfxXQV1ANUBN5r3yw2OOeXfoQhGJ78W5Zochgbx9gAxHnaFs4ZP9Jq7xD7wE6BfEyyzKeuUJTXQI="},"indexValueMap":{"AowOTidxZAuqUnMruDzdI4v66HN9/hLMW0lerquF3AM=":{"valueMac":{"type":"Buffer","data":"IvhN+AIxidFw1WO6oyUxTnkRpHebFvtfyhQJi+7NOyo="}},"DYYIYHz2UVatB8Xd0/vJKDtNFD3aRi7cpInq9a0dLh8=":{"valueMac":{"type":"Buffer","data":"U0zKyfpu3pL/Apcgcl8Ad9rVd9EY34ueTXzvgGoMqn8="}},"QR/e99xf8DAPod0aJkapQroVWmhA+XP0LoMwRxU16jk=":{"valueMac":{"type":"Buffer","data":"mmF+2kvx/ahI5h0vJVCwagtC+nX7UXZPvnlbAYAEIXU="}},"SF+sFtCKnV/ykcUiNlCym1I6+2G6qGiEytODtHqpuNA=":{"valueMac":{"type":"Buffer","data":"00xErOuYTznFkIxwtza7r/Jutg69xO3oR+DxIvKEuFg="}},"U9EdF1TtOu4Ba24h60QByuxxW33/wtYOF9HO9kBJGnA=":{"valueMac":{"type":"Buffer","data":"s8YknS92+M40Y2WYQPQmMxM2nJy/0owjPjTxsf/WeR4="}},"YeHQrt6fjYdzYAz2B+Qnu+et79ltLftxiOjzBWUUuQs=":{"valueMac":{"type":"Buffer","data":"XeGZpc459yvjNypwq5hh8h+zyfMOOE7uN1LVojWDbew="}},"aH64AEYCLFVvBTT7bwlfSuYe/8VBlV0lHqZ5K+Xaa3s=":{"valueMac":{"type":"Buffer","data":"N0u3rMSx9Ptyvhum7/ItKfnj/jNuPglCXUPZdDirLIw="}},"qc+OT7Pk4oRLHVrYp051B5ro2EDxzH0Kim4yroUm5yk=":{"valueMac":{"type":"Buffer","data":"GHYfhj3WmxqFT6kxSWlvoAX1OvV+rEREmQYAjcJwcxU="}},"qkIqjbPQ+efP1G51gcKtpZFIxPUfkXYvWz51J0gar+E=":{"valueMac":{"type":"Buffer","data":"csDhHHYuYKBlmw8zmuCRbg2AdY3bwRqXlTPgY3oJJdk="}},"rGVUwCGLUC9xORwSwwbhjgUaEso7/9/TyvMWC0jUFgg=":{"valueMac":{"type":"Buffer","data":"LVHuUHK5MjbgGtaDpqto+EsdUc87zHFOxdzZoDkoArc="}},"reZ06FQb2jgSrSo7tdxR+a+OY6aBZlbLCRA8fqEtRic=":{"valueMac":{"type":"Buffer","data":"+eZvtgzjSp7Yr2l7evgTvUhKlSjApAymUaQDGX3zpoE="}},"tHEUosqLY0jMboxvbxHp3BO8aj6Ls60q8R6y+AUge6w=":{"valueMac":{"type":"Buffer","data":"n+Kb4HQJHgB0oGDdWs+dXZ5h9/5AtxTrq+BsLigHDLo="}},"t61Mfct3phopNVSsPaXeUnrvILT6zuDtwuz3pHFbxXY=":{"valueMac":{"type":"Buffer","data":"CwbQc3nqlvKKRVOnOq4CE+JHIZEoexAY3UUn2Ap717s="}},"vpUFvq2U3JnCyoGRd/k+trFIsRjaRfAOMhdPKVbEGx8=":{"valueMac":{"type":"Buffer","data":"FY5VP9Vn06dorOIFWWaPczCUwQUgl0W6nzd59vRtaQc="}},"v+T0z8oWftArbwf6DgQCsz2YKG41DHBqHqRoDAOonPc=":{"valueMac":{"type":"Buffer","data":"HrzaxwohYkKAh2+3Bln/jh54KEIcvNiV4Wvf2dJecOw="}},"wcd+a7LW2uhK9YmJY0+vN7dXrxhTWpbwUEkUw/RDV/8=":{"valueMac":{"type":"Buffer","data":"ihPZxpLl93nJY3u5cBcOgWb6AKcvWLqOZbjT1Z19m6I="}},"3yA49runkuiIYmYjNHEkXRxvktC11TN3HfSEJ05nuTs=":{"valueMac":{"type":"Buffer","data":"7w0BH1hhX93gIHsKv3cq0EdXsaLNMo88nKqre28JVXU="}},"+ni7uU8mwgW8KpB0YFibgcuLYqPhZ9GKbV8LXU3TY3U=":{"valueMac":{"type":"Buffer","data":"phw33sdhqmf+PVu49GsvNzXRLeQ5/zaObw6RGOnLwVk="}},"Bj6wsbSNwWmjdphEcar2XtJ+yrcmestkntLk2gY01og=":{"valueMac":{"type":"Buffer","data":"BLIjlaPkhL9UhX12QRVLl4Sbpr4pBavUhhEbvq114Z4="}},"0/a6KCfGq55MUjBdJRGOFD4VfmmQXww9Ja/yXxM6ejk=":{"valueMac":{"type":"Buffer","data":"LctkUNw+ca9JZ+dxiIbJ9ZsJAvQkiN5A4KjijfOwIHA="}},"ZQQ2G8SFSalBi68PMGcyoGOdoihVtMiLzlnUqD3zjPc=":{"valueMac":{"type":"Buffer","data":"fRVFxJvOS7IeA8FCrd1VFGprWkY+mNyxijZfhR5mVmw="}},"gIlKUEuE+Wl2hfWlsGQA9CzuPMBn6g37DXnYDraaCJU=":{"valueMac":{"type":"Buffer","data":"EiEl+k48k+LdV4ibRNNqoXMmfs7/NFstEyQWy5RjDFQ="}},"8LnFIVjsu1BtgVBoZy4iDawN0QKYormW4GJm4PVo8D4=":{"valueMac":{"type":"Buffer","data":"/1RwRQmEnvS/Wf64F/cc57Hg9GdMVGdA9P3rRaoR1DI="}},"llWf5cSSfmPFHoyosKDj9PKRbKqlvyZPGMkv0FDAsOE=":{"valueMac":{"type":"Buffer","data":"ZJOVOdaYvBMf17dSVKyFkIIBW3gyufYGYhhOuCAILCE="}},"o8FWb7RX6KTPk1rFboINA7AfoZtWgqgUFx3Vn8BPoLQ=":{"valueMac":{"type":"Buffer","data":"tYqD6tYISXzDOCNeuqwViTnB0rZxV+arHpgGVNvqdTI="}}}}