{"_sessions":{"BevYZez0g0RgR4UweLCHXBYZPjos2TmHAtZkR7PAhzcb":{"registrationId":392531800,"currentRatchet":{"ephemeralKeyPair":{"pubKey":"BWK+Gc3ERMOe2xtr4GDzGPmIN4tyaZIIQfOIjJhpWDN3","privKey":"8H/BlOruRUpv100NNu6GBrSJqQ3BYuF1jQSTuO3BnEM="},"lastRemoteEphemeralKey":"BRlrn6xqkmZud9XmrmW+JuIKCA2IR3UQWKVf2+c8xhhs","previousCounter":0,"rootKey":"rCFyakef3KinDWS987yYgTqptzSR42gLxsu0N6/KKeY="},"indexInfo":{"baseKey":"BevYZez0g0RgR4UweLCHXBYZPjos2TmHAtZkR7PAhzcb","baseKeyType":1,"closed":-1,"used":1755492398133,"created":1755492398133,"remoteIdentityKey":"BUrAYGGqq3jGlDUQKrZ/5wt0TacTfNPTjAguMkGnLVRK"},"_chains":{"BWK+Gc3ERMOe2xtr4GDzGPmIN4tyaZIIQfOIjJhpWDN3":{"chainKey":{"counter":68,"key":"kQCnzIMnKkuiPgkQYQxYS4rgr6SOW189rrjCoEK44a0="},"chainType":1,"messageKeys":{}}},"pendingPreKey":{"signedKeyId":7,"baseKey":"BevYZez0g0RgR4UweLCHXBYZPjos2TmHAtZkR7PAhzcb","preKeyId":11880081}}},"version":"v1"}