{"_sessions":{"BejF3sa160AfR3/e9d9O3pQYRkU092W5f02eYCmEDup8":{"registrationId":1925535440,"currentRatchet":{"ephemeralKeyPair":{"pubKey":"Bb9LbP9JMRw+TI519FDojN9UDhCEsu/w3OIuIpbL4Nxx","privKey":"qMHQAJhXe5cI22bkgymaDl3+RxsRQQdtcy8mvKqA1n0="},"lastRemoteEphemeralKey":"BcS+GQ9KD2q/7Z3BKFMvmpnS9VyoRMTD/U5j/n1+yRkW","previousCounter":0,"rootKey":"Xzpghi3giV78AO/wK9YpIHL40l2X9VF7ZFNoFLnRj6o="},"indexInfo":{"baseKey":"BejF3sa160AfR3/e9d9O3pQYRkU092W5f02eYCmEDup8","baseKeyType":1,"closed":-1,"used":1755507317433,"created":1755507317433,"remoteIdentityKey":"BeBd07+mMBnhtLhn/HATznsJ76+O4l1VVCu2BITR/N9o"},"_chains":{"Bb9LbP9JMRw+TI519FDojN9UDhCEsu/w3OIuIpbL4Nxx":{"chainKey":{"counter":25,"key":"TjbFLWs7kCIa6pY991NU5Yz5sIres7p6PLqJRsWnT5Q="},"chainType":1,"messageKeys":{}}},"pendingPreKey":{"signedKeyId":37,"baseKey":"BejF3sa160AfR3/e9d9O3pQYRkU092W5f02eYCmEDup8","preKeyId":16000161}}},"version":"v1"}