{"_sessions":{"Bd0e8kkQz24UAW47lAtadQ5/mgu6uFhtR6PIfsCWTjV0":{"registrationId":1479910517,"currentRatchet":{"ephemeralKeyPair":{"pubKey":"Bbp7HHTMZ0GQEOp6Fgbxif7OYXzdBOZTAEJkvmgFOsIM","privKey":"wJwa0V3Bo1QdsaiHWnxMFDA2MJXy6PVE2m7+uYHQ4UY="},"lastRemoteEphemeralKey":"BWmz5cgFJLedj6e3dZK9q6fCLbyQ5JQF70mX5Gw2q5cd","previousCounter":0,"rootKey":"+VuFSqHXnDlpeAxWux9pHyA0ZqTL7ELDasBuelOL0F4="},"indexInfo":{"baseKey":"Bd0e8kkQz24UAW47lAtadQ5/mgu6uFhtR6PIfsCWTjV0","baseKeyType":1,"closed":-1,"used":1755507317698,"created":1755507317698,"remoteIdentityKey":"BY1NZA+veaMZn0Mts3IVqJn1UbREqkI1n1kZlf98d706"},"_chains":{"Bbp7HHTMZ0GQEOp6Fgbxif7OYXzdBOZTAEJkvmgFOsIM":{"chainKey":{"counter":25,"key":"nAso1qyFX6xXY3tHh9zD6GEpeoSyAobg1JxiaLSmA1I="},"chainType":1,"messageKeys":{}}},"pendingPreKey":{"signedKeyId":2,"baseKey":"Bd0e8kkQz24UAW47lAtadQ5/mgu6uFhtR6PIfsCWTjV0","preKeyId":15984022}}},"version":"v1"}