{"_sessions":{"BffJD1jNMukTRgB2YofgyWL9qyeaiB7IdyaEykX3TMEH":{"registrationId":65745257,"currentRatchet":{"ephemeralKeyPair":{"pubKey":"BRYEhNE411tzlryJoCikyzsUVqqX/+ikyccBJSRVSQgE","privKey":"YAo6VILqmfN0zA4xjhtJWR0g9IntK1gXq9NV21R8O04="},"lastRemoteEphemeralKey":"BfhzW+pI5xY0mkX11KL+W0kLffmt1rf0l3ZoC9cuQk1b","previousCounter":0,"rootKey":"kxkIAKGnC01uaf5yCno82SptOm+L4bM1A/Xu9NdrONs="},"indexInfo":{"baseKey":"BffJD1jNMukTRgB2YofgyWL9qyeaiB7IdyaEykX3TMEH","baseKeyType":1,"closed":-1,"used":1755507317249,"created":1755507317249,"remoteIdentityKey":"BZDPo0okrqzGxqsWs19ckb2hKVCDAWfztSUMpg8RvKx4"},"_chains":{"BRYEhNE411tzlryJoCikyzsUVqqX/+ikyccBJSRVSQgE":{"chainKey":{"counter":25,"key":"2t4jv8DInlVED47J0r0jiIe3sq0gpTWFcrvWTKWbfMI="},"chainType":1,"messageKeys":{}}},"pendingPreKey":{"signedKeyId":8,"baseKey":"BffJD1jNMukTRgB2YofgyWL9qyeaiB7IdyaEykX3TMEH","preKeyId":12576326}}},"version":"v1"}