{"_sessions":{"BVeUx6bL5/YCZdNsw0KQ2QHjGVLQbFEcVhxblyKzl5Et":{"registrationId":1543943948,"currentRatchet":{"ephemeralKeyPair":{"pubKey":"BWvTOUSNLs9/+ihnjPpkeI3YGbYpgbyoyJ03CsDzYwNc","privKey":"4PbNNnPuLL+jk+lzyvM6zPkydwWpV8uPXarK23zjSEo="},"lastRemoteEphemeralKey":"BZo9SyV/pVue5VUPSbMHpEm1iHGOAt6F4Q3BmSQGr9Q/","previousCounter":0,"rootKey":"S0PRhR/24O1+iLs74aQX8oRQe58FlZc/zcVrMjgnhFw="},"indexInfo":{"baseKey":"BVeUx6bL5/YCZdNsw0KQ2QHjGVLQbFEcVhxblyKzl5Et","baseKeyType":1,"closed":1755521401427,"used":1755481289159,"created":1755481289159,"remoteIdentityKey":"BYGNhfGs6h5flL+UAu9SVOKtCbl04lmcH6kBt8hmrfkt"},"_chains":{"BWvTOUSNLs9/+ihnjPpkeI3YGbYpgbyoyJ03CsDzYwNc":{"chainKey":{"counter":0,"key":"aT1z7MUAaaMpT3Y1UiNa4mRfAT60tUnGmNY8QTOGBZM="},"chainType":1,"messageKeys":{}}},"pendingPreKey":{"signedKeyId":0,"baseKey":"BVeUx6bL5/YCZdNsw0KQ2QHjGVLQbFEcVhxblyKzl5Et"}},"BXXptmJVvMnf+FzrMQrLhis2qWiyuS2f7ImT2mnK+eYG":{"registrationId":2120539185,"currentRatchet":{"ephemeralKeyPair":{"pubKey":"BY6Om9HD3M2uJLLPedtvzzLvZ4wrc+Moq02WsIm73uh2","privKey":"sL8wtP1DPrDkay69p2V5y7vLNtAsAdVLm4YqCRFS2VM="},"lastRemoteEphemeralKey":"BXP0lD+B+inM9Pq9Bz92THqJO5Xg/wTJ/HkOFb+8zKJs","previousCounter":0,"rootKey":"jZXNkuGW8lxO+iAWvZPEV5lwJMtPmqbMIWnHJklKeOo="},"indexInfo":{"baseKey":"BXXptmJVvMnf+FzrMQrLhis2qWiyuS2f7ImT2mnK+eYG","baseKeyType":1,"closed":1755521401764,"used":1755521401423,"created":1755521401423,"remoteIdentityKey":"BT4LYwLO9rSyS4evmggqx6QOC849YwoZF8jxceMlLIdM"},"_chains":{"BY6Om9HD3M2uJLLPedtvzzLvZ4wrc+Moq02WsIm73uh2":{"chainKey":{"counter":-1,"key":"eu2UEBeY3mBhQMMfUUAhFBwgNRx8dpdbzEEC9SWpqb8="},"chainType":1,"messageKeys":{}}},"pendingPreKey":{"signedKeyId":0,"baseKey":"BXXptmJVvMnf+FzrMQrLhis2qWiyuS2f7ImT2mnK+eYG","preKeyId":10921777}},"BZ9jdIF4lg/tZyMuWcBqxyiTtA10HDDtUbEuyvV2R48A":{"registrationId":2120539185,"currentRatchet":{"ephemeralKeyPair":{"pubKey":"BVKuZq/oDHiXOtBUbX0aPAfIUaLrivKY8PNpf3L7UnlI","privKey":"aE5pTIWCd4G+SkO8ySd4+FmLpLD13QPgMBb/QeqDhFE="},"lastRemoteEphemeralKey":"BXP0lD+B+inM9Pq9Bz92THqJO5Xg/wTJ/HkOFb+8zKJs","previousCounter":0,"rootKey":"oqb5U2//nuN14iOZ83xH2Hp+aKYcjDu5g+xr6v7ixiw="},"indexInfo":{"baseKey":"BZ9jdIF4lg/tZyMuWcBqxyiTtA10HDDtUbEuyvV2R48A","baseKeyType":1,"closed":1755521402090,"used":1755521401762,"created":1755521401762,"remoteIdentityKey":"BT4LYwLO9rSyS4evmggqx6QOC849YwoZF8jxceMlLIdM"},"_chains":{"BVKuZq/oDHiXOtBUbX0aPAfIUaLrivKY8PNpf3L7UnlI":{"chainKey":{"counter":-1,"key":"f8hn1RMD/KGvTNYjn1iwDgtabsYikpn485cCu1jMtws="},"chainType":1,"messageKeys":{}}},"pendingPreKey":{"signedKeyId":0,"baseKey":"BZ9jdIF4lg/tZyMuWcBqxyiTtA10HDDtUbEuyvV2R48A","preKeyId":10921727}},"BUEEtVBv/o4qVlHYZt+XPsIrDjEIYY7Ndu1QV2Bc1g86":{"registrationId":2120539185,"currentRatchet":{"ephemeralKeyPair":{"pubKey":"BXRv7wGAnjWRm7h340N00KXyjWmG2/t78jvjQkNy5otk","privKey":"WKkE7ettSJQ2DPdjnU3WS/7H7EWUrqAFJCuWTQsKDEg="},"lastRemoteEphemeralKey":"BXP0lD+B+inM9Pq9Bz92THqJO5Xg/wTJ/HkOFb+8zKJs","previousCounter":0,"rootKey":"oS4U7Zedj1CG61Pi1OtwR55OmHX+KyihiaWG4ywEihQ="},"indexInfo":{"baseKey":"BUEEtVBv/o4qVlHYZt+XPsIrDjEIYY7Ndu1QV2Bc1g86","baseKeyType":1,"closed":1755521402421,"used":1755521402088,"created":1755521402088,"remoteIdentityKey":"BT4LYwLO9rSyS4evmggqx6QOC849YwoZF8jxceMlLIdM"},"_chains":{"BXRv7wGAnjWRm7h340N00KXyjWmG2/t78jvjQkNy5otk":{"chainKey":{"counter":-1,"key":"QTEajdj4CFmKrSss3U33i6o68m2vTiXA4esRJlnnW4I="},"chainType":1,"messageKeys":{}}},"pendingPreKey":{"signedKeyId":0,"baseKey":"BUEEtVBv/o4qVlHYZt+XPsIrDjEIYY7Ndu1QV2Bc1g86","preKeyId":10921828}},"BYtN8kdbbwuDKEG0wz29tO59ZqqkB0nwR5Qgw2WLE6IP":{"registrationId":2120539185,"currentRatchet":{"ephemeralKeyPair":{"pubKey":"BR4xYkCc7iZsa4lq0piamh7Sydn2MCmxomgaIOWsZYJB","privKey":"IEMfHD85O9W2PdeiWyxGT+dljb29xJ2CgkLKyOD5Ans="},"lastRemoteEphemeralKey":"BXP0lD+B+inM9Pq9Bz92THqJO5Xg/wTJ/HkOFb+8zKJs","previousCounter":0,"rootKey":"3BmPnLOmrC8JBqhl5epgKLkP9f+H0HzT0swzpoxena8="},"indexInfo":{"baseKey":"BYtN8kdbbwuDKEG0wz29tO59ZqqkB0nwR5Qgw2WLE6IP","baseKeyType":1,"closed":1755521402746,"used":1755521402416,"created":1755521402416,"remoteIdentityKey":"BT4LYwLO9rSyS4evmggqx6QOC849YwoZF8jxceMlLIdM"},"_chains":{"BR4xYkCc7iZsa4lq0piamh7Sydn2MCmxomgaIOWsZYJB":{"chainKey":{"counter":-1,"key":"MN9DU4WzeL91TMQhS++u7u1acn2w3J+v7vii3EKYYI0="},"chainType":1,"messageKeys":{}}},"pendingPreKey":{"signedKeyId":0,"baseKey":"BYtN8kdbbwuDKEG0wz29tO59ZqqkB0nwR5Qgw2WLE6IP","preKeyId":10922528}},"BZ+pwbCTKXyCip1fQhfkIIjC94Tgel5EHhuhS8PvSZFT":{"registrationId":2120539185,"currentRatchet":{"ephemeralKeyPair":{"pubKey":"Ba4DxEMsxY0upcHWpdqd8naYLprLDdb2YA/CEA2MGG0g","privKey":"WI4zLZ7hKKi7JALCAlwHobFjoQlfHvU0LGV5KXVV8Go="},"lastRemoteEphemeralKey":"BXP0lD+B+inM9Pq9Bz92THqJO5Xg/wTJ/HkOFb+8zKJs","previousCounter":0,"rootKey":"U2XqNl9pG6y6Ex6AfBFTAVBob/+oNYSGIdRkDAuENs4="},"indexInfo":{"baseKey":"BZ+pwbCTKXyCip1fQhfkIIjC94Tgel5EHhuhS8PvSZFT","baseKeyType":1,"closed":1755521403060,"used":1755521402744,"created":1755521402744,"remoteIdentityKey":"BT4LYwLO9rSyS4evmggqx6QOC849YwoZF8jxceMlLIdM"},"_chains":{"Ba4DxEMsxY0upcHWpdqd8naYLprLDdb2YA/CEA2MGG0g":{"chainKey":{"counter":-1,"key":"9recYQjYL8OJZWFJXt144OH6wBVIt4WsIEAApaEruIE="},"chainType":1,"messageKeys":{}}},"pendingPreKey":{"signedKeyId":0,"baseKey":"BZ+pwbCTKXyCip1fQhfkIIjC94Tgel5EHhuhS8PvSZFT","preKeyId":10922386}},"BRcPSiyA3u9DknytwXJyryu7LElZ98G+Pl83rEezuMR6":{"registrationId":2120539185,"currentRatchet":{"ephemeralKeyPair":{"pubKey":"BR+VSslQQPqLNu6nENK2Tmaj9kn3mBhoVeu2P024k+I2","privKey":"kA5+QHqW8VHR8RNu0a+FceSUr+fJX3U/PnO8n6jxRG8="},"lastRemoteEphemeralKey":"BXP0lD+B+inM9Pq9Bz92THqJO5Xg/wTJ/HkOFb+8zKJs","previousCounter":0,"rootKey":"9fFfQcTMyALAuIpvwIpFfoZfCiqP0pZx0aphhmh357c="},"indexInfo":{"baseKey":"BRcPSiyA3u9DknytwXJyryu7LElZ98G+Pl83rEezuMR6","baseKeyType":1,"closed":1755521408483,"used":1755521403059,"created":1755521403059,"remoteIdentityKey":"BT4LYwLO9rSyS4evmggqx6QOC849YwoZF8jxceMlLIdM"},"_chains":{"BR+VSslQQPqLNu6nENK2Tmaj9kn3mBhoVeu2P024k+I2":{"chainKey":{"counter":-1,"key":"43PcNKLJUpZWalzxBLk2xXDNVxj5+dffU8KfPMXXamY="},"chainType":1,"messageKeys":{}}},"pendingPreKey":{"signedKeyId":0,"baseKey":"BRcPSiyA3u9DknytwXJyryu7LElZ98G+Pl83rEezuMR6","preKeyId":10922382}},"BcM21D+9HfAFaqZT1KD3Y7A5sXLedqCITeeH3Reu7gpu":{"registrationId":2120539185,"currentRatchet":{"ephemeralKeyPair":{"pubKey":"BbiAy2UPR0ohY5H2qHLYyhbBl0RuRo+sNY5cGkp8vQRk","privKey":"aO32ucjwZiLcBtBmiUhllM+Kx2MSprunu3nl9oUptlg="},"lastRemoteEphemeralKey":"BXP0lD+B+inM9Pq9Bz92THqJO5Xg/wTJ/HkOFb+8zKJs","previousCounter":0,"rootKey":"WzOzpXuoNcZ9/NXaieDvvpZ0oV7QLb/OtjOHfh9/tKg="},"indexInfo":{"baseKey":"BcM21D+9HfAFaqZT1KD3Y7A5sXLedqCITeeH3Reu7gpu","baseKeyType":1,"closed":1755521408805,"used":1755521408481,"created":1755521408481,"remoteIdentityKey":"BT4LYwLO9rSyS4evmggqx6QOC849YwoZF8jxceMlLIdM"},"_chains":{"BbiAy2UPR0ohY5H2qHLYyhbBl0RuRo+sNY5cGkp8vQRk":{"chainKey":{"counter":-1,"key":"c6NdTaadpIUP2qn7AtjKusbFlzqJeBfm/Kz9S9CdjQg="},"chainType":1,"messageKeys":{}}},"pendingPreKey":{"signedKeyId":0,"baseKey":"BcM21D+9HfAFaqZT1KD3Y7A5sXLedqCITeeH3Reu7gpu","preKeyId":10921875}},"BQtbzbFRZVgQFxC8YPKOkkkGRuermrE8dZ7nYOUEBXg4":{"registrationId":2120539185,"currentRatchet":{"ephemeralKeyPair":{"pubKey":"BQ+TS0Fa6ho7ox1tdnPbx4x5ym2/KG4rignX0vITjqgr","privKey":"eOVlDdUtp81SXITZXKl13rsYAeL3ItDhxsds+1Hk6V0="},"lastRemoteEphemeralKey":"BXP0lD+B+inM9Pq9Bz92THqJO5Xg/wTJ/HkOFb+8zKJs","previousCounter":0,"rootKey":"vgyvfVVJ7WMi1FQzyYYjOV0k2ZEMWmxS5AHZ4ezsIlo="},"indexInfo":{"baseKey":"BQtbzbFRZVgQFxC8YPKOkkkGRuermrE8dZ7nYOUEBXg4","baseKeyType":1,"closed":1755521409128,"used":1755521408804,"created":1755521408804,"remoteIdentityKey":"BT4LYwLO9rSyS4evmggqx6QOC849YwoZF8jxceMlLIdM"},"_chains":{"BQ+TS0Fa6ho7ox1tdnPbx4x5ym2/KG4rignX0vITjqgr":{"chainKey":{"counter":-1,"key":"kEKmSwt86hG7l0PqDw+29kkIXFI42YnsElxBKIej5R0="},"chainType":1,"messageKeys":{}}},"pendingPreKey":{"signedKeyId":0,"baseKey":"BQtbzbFRZVgQFxC8YPKOkkkGRuermrE8dZ7nYOUEBXg4","preKeyId":10922343}},"BSiHjCtnw6qPzx1FbUsXtA7qkyh1CO4VF/xqb3eNyr9o":{"registrationId":2120539185,"currentRatchet":{"ephemeralKeyPair":{"pubKey":"BaMN7cFqHoitPmbTnXBHVti7JQQCB1/P+b1y/bAmsQBH","privKey":"kKw0y0ZhkQaIZQEFWqqAEApgQLqbkt2kZf8Xba0UBWI="},"lastRemoteEphemeralKey":"BU1G2NiEvjUzSueBo6d6oIZn/W06/U20dVY9LJu6WmQP","previousCounter":2,"rootKey":"0Y5h/20haovebqMhuASsg5SRUqXm+gBpNO6rU8i6Sto="},"indexInfo":{"baseKey":"BSiHjCtnw6qPzx1FbUsXtA7qkyh1CO4VF/xqb3eNyr9o","baseKeyType":1,"closed":-1,"used":1756253925504,"created":1755521409127,"remoteIdentityKey":"BT4LYwLO9rSyS4evmggqx6QOC849YwoZF8jxceMlLIdM"},"_chains":{"BU1G2NiEvjUzSueBo6d6oIZn/W06/U20dVY9LJu6WmQP":{"chainKey":{"counter":22,"key":"ZV+grs/+PzH1BNCF3hBe38/Qpxvu6hIVwEMITPzurmk="},"chainType":2,"messageKeys":{"0":"rl2/liuX20jKolyko4OyoEkVA73Nrp1cK+1MwaDiDdI=","1":"mbXXikge60M4BCzJw26vt35RCuqq0A2Y/QCLREOKm6E=","2":"2lWv6G+u4NbXvtNXrf9YvpXXVcGrQIXpbRyqKJ79/mc=","3":"E+Fn0HFEUPabctLlW5T1K3rwf8gGGsyREVMQUlpbOQ0=","4":"lLieNF7Od8zP/JjriRvg5griC9j++zcQWGigEhh6+ws=","5":"g9QZXN+oGSMLkh8x/owvJAbL5qXBOqL/n08HDD849nI=","6":"XoaMonaBVFZpKGSb0MjW6XictvHFolLQrohsbp8Iet4=","7":"scpqjV96y8WDUh+JwEOplLbTszvPho3j4oNB8vumGDk=","8":"7Q53D7jkBdiJ0slO2HV4REdEUZlo+0d2YI716YXzScM=","9":"4nROXCwl5z3rbZlOgB0Ecr/lru6lnDPFCMqPsO5ITr8=","10":"85i1eVnrGsxHtYeKHtj+pWNFZL6XzLelACQIsQWSO08=","11":"NHc+KGAP6lpMT1dBpwBljEVD1eGr7GSp0sMyVmN1iyI=","12":"6uwA9RRPh4g47FwRnGn6pxiRhKJVCc5k6j1mdu6veaA=","13":"Vq7tequHBs5HmZE2Gk5A6wtBTkAwgUaoxDqbEkiNK/I=","14":"4RIviksnB4VWf5ICU1VLXyo5KGziMGM9+rxmIQj8wdg=","15":"MJRmYRD7zaHEQegKlNqlMTAZnO903rTI3o4AN3NlqnE=","16":"25mZaOeoUUvW/QMTCaDw8mdq5Rw/tMDj7oXS7NegypM=","17":"TLN/odlk6icOe6ReJoMYiWg8WmuxNyJXQu+zg6eYwZ0=","18":"pFDTkm1MUR9j93tXUEmR9xNthaLIV+fcDllBsBnnl0o=","19":"8MPc8yqbO0sUBCWx7LWlae50R50CaFiaC1ZM2SUEUQo=","20":"mAlQHlzuN7kr2HHiTplNEezvYG5odwNWk5yibmwieIs=","21":"HAtG+n0BhOQe/bKWnAAWd9SAAVvrrLbGZXDctaD/Zic="}},"BaMN7cFqHoitPmbTnXBHVti7JQQCB1/P+b1y/bAmsQBH":{"chainKey":{"counter":0,"key":"9uhF1i3SF45cxNYriO+1D5aoXkWpBoBdAGcB+7ahg7s="},"chainType":1,"messageKeys":{}}}}},"version":"v1"}