{"_sessions":{"BUZlQpN1aKM7Xe1vRdPf/ErEKG7zN30shLUGI5qMfZxE":{"registrationId":1596324316,"currentRatchet":{"ephemeralKeyPair":{"pubKey":"BQ8HSQfH6VsLFSp1ib9lFPgjsZ8YWJS16hq5eHUAmTZ2","privKey":"wGDDNzBI6CHxCZ/iunIBRSYam5OnHNKu6uU1toRJyF8="},"lastRemoteEphemeralKey":"Bf+4B88eXEHpbnIA1i4MS3qLJuUw+TxMeKIz+zlR2aIG","previousCounter":0,"rootKey":"KiU/HfrjZ1KX8QyAhngme1d7DtZOplnFh2NWl+Y2M3I="},"indexInfo":{"baseKey":"BUZlQpN1aKM7Xe1vRdPf/ErEKG7zN30shLUGI5qMfZxE","baseKeyType":1,"closed":-1,"used":1756406623140,"created":1756356393640,"remoteIdentityKey":"BTmonFIOi8xdUFPYJQmN3O9AYnfoADRuWucKaJvtVhBq"},"_chains":{"BcYMkkcMsQUrNvk8qNJKRJeNQXkXpH/g+ezU9OE7F/NO":{"chainKey":{"counter":0},"chainType":2,"messageKeys":{}},"Bf+4B88eXEHpbnIA1i4MS3qLJuUw+TxMeKIz+zlR2aIG":{"chainKey":{"counter":1,"key":"BXvHXr4pgzbcYfPV6Oj0ZsW16qDKxZ/InR2I80KHp5M="},"chainType":2,"messageKeys":{}},"BQ8HSQfH6VsLFSp1ib9lFPgjsZ8YWJS16hq5eHUAmTZ2":{"chainKey":{"counter":-1,"key":"eaZ6vq/hwKzDi+dMwd5od00v54nZE+gvhTOT7NbIbXk="},"chainType":1,"messageKeys":{}}}}},"version":"v1"}