{"_sessions":{"BaDvBraRH0wA6vL5gI81ntJxFhirvy22Zv1oWW2Ds7N4":{"registrationId":99,"currentRatchet":{"ephemeralKeyPair":{"pubKey":"BdOpusbu3TvVx6vjf8XWyvE39A1AJoxPEeFg90PsdgwH","privKey":"EIBzVEcUdk4V+xBtqPp+CeKOyxHbA1JTlRQMC2CFzXM="},"lastRemoteEphemeralKey":"BWjL9ylxD9LNxf1ug76JBJTrUM9rbu+bpvLQ+sDUaqhe","previousCounter":0,"rootKey":"hxIH5eEl6n2/hF67cEVaYGgGnP0kp7XhBnQcuvfXKOw="},"indexInfo":{"baseKey":"BaDvBraRH0wA6vL5gI81ntJxFhirvy22Zv1oWW2Ds7N4","baseKeyType":1,"closed":-1,"used":1756270525167,"created":1756270525167,"remoteIdentityKey":"BfSSeMaVZZYXO4CXzZo3I7ny7VQsnc9xQ1UELU4PGFVT"},"_chains":{"BdOpusbu3TvVx6vjf8XWyvE39A1AJoxPEeFg90PsdgwH":{"chainKey":{"counter":8,"key":"oHE9LKTmgTFu4BXZxLANOeDnKAbNIfGCWhYFDcZyxEk="},"chainType":1,"messageKeys":{}}},"pendingPreKey":{"signedKeyId":1,"baseKey":"BaDvBraRH0wA6vL5gI81ntJxFhirvy22Zv1oWW2Ds7N4"}}},"version":"v1"}