{"_sessions":{"BZeKWt9eUhej11qIUvGUyKMniI4BTwKsmalLqZxuoc0o":{"registrationId":613372060,"currentRatchet":{"ephemeralKeyPair":{"pubKey":"BYhgc255QLlWn9226OfIStW1iHKSAj0vV4jKnxpo5rNa","privKey":"0Hnu3cqafFjq9YkYk/XsEMZDf1yq6SwEILmd30AwbnA="},"lastRemoteEphemeralKey":"BTTXfcA2rJ9oPiVYobySSiZBKifhKOqqpDr+4xyYFXQQ","previousCounter":0,"rootKey":"1qWeirEghJ/pMjN73l9ypYDcrM3ebn7rN2ifcu6xAf8="},"indexInfo":{"baseKey":"BZeKWt9eUhej11qIUvGUyKMniI4BTwKsmalLqZxuoc0o","baseKeyType":1,"closed":-1,"used":1756270525373,"created":1756270525373,"remoteIdentityKey":"BUK5+xsvqw4zOlcFxutV5JSyY8CDlF1YXSjguxPDKfk/"},"_chains":{"BYhgc255QLlWn9226OfIStW1iHKSAj0vV4jKnxpo5rNa":{"chainKey":{"counter":8,"key":"xbcaADsmeAHk1BU01UeJr9vTm1XeK07agOBS4BLmBoY="},"chainType":1,"messageKeys":{}}},"pendingPreKey":{"signedKeyId":4,"baseKey":"BZeKWt9eUhej11qIUvGUyKMniI4BTwKsmalLqZxuoc0o","preKeyId":6794760}}},"version":"v1"}