{"_sessions":{"Ba6UxYFyZXu7utdlUcRv1/W8PM8kSdwvTNuwLv4C3B9p":{"registrationId":1007880047,"currentRatchet":{"ephemeralKeyPair":{"pubKey":"BYq5ls0QNcRCuZlf4qPgq65GX30fLjzwk4IgBwW+8e8R","privKey":"0KMt7GdI46L01evcG0KbILkNCenoh0Kbb+iz9VJ7RUk="},"lastRemoteEphemeralKey":"BRHYoPZRZkblK8aECizrTmn8oarnjoMOQnIBiMUxRl1s","previousCounter":0,"rootKey":"Pbcn4zEmENhrbWdOuwxBMDJq22erKFO/xwAsoXtJO/E="},"indexInfo":{"baseKey":"Ba6UxYFyZXu7utdlUcRv1/W8PM8kSdwvTNuwLv4C3B9p","baseKeyType":1,"closed":-1,"used":1755481289033,"created":1755481289033,"remoteIdentityKey":"BY4UKIHCg7giPz2Cci3a27yJLbLUFZb1h4jlzI4GC49b"},"_chains":{"BYq5ls0QNcRCuZlf4qPgq65GX30fLjzwk4IgBwW+8e8R":{"chainKey":{"counter":4,"key":"cSAKqILnvFt22a59scV5pEnfEQ0ZtMJyhN35vDOXMPs="},"chainType":1,"messageKeys":{}}},"pendingPreKey":{"signedKeyId":12,"baseKey":"Ba6UxYFyZXu7utdlUcRv1/W8PM8kSdwvTNuwLv4C3B9p","preKeyId":3478386}}},"version":"v1"}