{"_sessions":{"BX5GGDZRcANTsItGo1suyTaZmNhpB7/XdfW5jzorsbsW":{"registrationId":802430237,"currentRatchet":{"ephemeralKeyPair":{"pubKey":"BW3HrSaim65P7GeKYfgvZcVcHSTe0KU30ri3Q+vEgag2","privKey":"oP5SwJxjzALX8MV8/0gehzgtuCBcwBwZpof8Uf+0924="},"lastRemoteEphemeralKey":"BbrNxbs6h6I1Stx7ijSiLy1r9xo+L+0fyF2YRRyyJl0d","previousCounter":0,"rootKey":"jtHcdfkb+aq8v0hBp4ebNxXgUQWseI/GvyPFPuliTug="},"indexInfo":{"baseKey":"BX5GGDZRcANTsItGo1suyTaZmNhpB7/XdfW5jzorsbsW","baseKeyType":2,"closed":-1,"used":1756457280754,"created":1755481852500,"remoteIdentityKey":"BYj3WAeIyp8CutPRRQGJr0oP9BUmlDO/0J+TzRD8rqEC"},"_chains":{"BVZEyW/faeQ6hI+8DZ+29e1Moo1XLCBCwTGWXZ93nlUr":{"chainKey":{"counter":3},"chainType":2,"messageKeys":{}},"BbrNxbs6h6I1Stx7ijSiLy1r9xo+L+0fyF2YRRyyJl0d":{"chainKey":{"counter":12,"key":"stjsNxnFVMJzj4ycBJddJfoQzsdm/sLYa2zq8Ih/WWo="},"chainType":2,"messageKeys":{"0":"/3LFcbSdBjxUhQbG8+xwVpQn4kg+tJXWB5tA/MBxL2g=","1":"gg8Ll0oAD5SecX4tTM0S7UD+IPuo5OqyJ2e7qgdAcgA=","2":"EaU6H90DrCd6DVZV1zLdSa8jovz8sUxHluYjyZ0fQts="}},"BW3HrSaim65P7GeKYfgvZcVcHSTe0KU30ri3Q+vEgag2":{"chainKey":{"counter":-1,"key":"ug0FufVfv/wtNJUzTX6/r1tlMDOWzh+Qfxzi3iOj9Po="},"chainType":1,"messageKeys":{}}}}},"version":"v1"}