{"_sessions":{"BYVhpSu9449hdDefJg6jelYh/YCl4+XuL4yEVOt094kc":{"registrationId":769612419,"currentRatchet":{"ephemeralKeyPair":{"pubKey":"BTMWewDGTuElC8lT+cRHoOSVyN9+3K1T1Dgydugr6ipn","privKey":"4HfjafPGbUw9pz/8z+i54GL4pgZlHF7G4YgAIY0sAFo="},"lastRemoteEphemeralKey":"BVjJV0ndO19t3EQ8fXwyuY7pmiFIxvd2js0pVy833l8g","previousCounter":1,"rootKey":"MDjdD0HQ/8GybcNjxwq6AOSkeFjA2rGdhiX+r6GZRRo="},"indexInfo":{"baseKey":"BYVhpSu9449hdDefJg6jelYh/YCl4+XuL4yEVOt094kc","baseKeyType":1,"closed":-1,"used":1755687662377,"created":1755507317123,"remoteIdentityKey":"BVzTH/AuGUQ+yDyEXv7TwHWD75YMRu0JlRsf6ZI7hLkI"},"_chains":{"BS7Y9rydD/OKC84TT6ZhZJEz/gPx7y74gTdasX9yD6A5":{"chainKey":{"counter":0},"chainType":2,"messageKeys":{}},"BQIRuAhh5CzyP8hocuzOvrLtpEfz8NuaEE2QPgCTTYVZ":{"chainKey":{"counter":0},"chainType":2,"messageKeys":{}},"BVjJV0ndO19t3EQ8fXwyuY7pmiFIxvd2js0pVy833l8g":{"chainKey":{"counter":0,"key":"7pr7hnLmtxXK7nsEyLzbMh2adg7HuVQtMFF/JE2qsKw="},"chainType":2,"messageKeys":{}},"BTMWewDGTuElC8lT+cRHoOSVyN9+3K1T1Dgydugr6ipn":{"chainKey":{"counter":6,"key":"7IFTFEgx+vSJA9yLGn0bNlJA+f3pm9DvZ64ZcLHxfLk="},"chainType":1,"messageKeys":{}}}}},"version":"v1"}