{"_sessions":{"BalyvkBLBAguBMaw6fpVQ2pDZsZloA1ZqF9W5herSRRg":{"registrationId":727972816,"currentRatchet":{"ephemeralKeyPair":{"pubKey":"BRQPS5Da6ltW5oOCJgFIpC5oC1HCMmatTjM0USH5RWMp","privKey":"8HmntXS9n4Ha8I85bxeQns891cdWvpsov7WQ0pSA8Gs="},"lastRemoteEphemeralKey":"BaR+Ne0lmPzXc+EvhpBA/CV4mMk/U5K86xFVdXSwttIB","previousCounter":0,"rootKey":"gzVlcFJu8cgCHsmzrrQmY0SFqcfkykzxgMy6CFBXJac="},"indexInfo":{"baseKey":"BalyvkBLBAguBMaw6fpVQ2pDZsZloA1ZqF9W5herSRRg","baseKeyType":1,"closed":-1,"used":1756270525403,"created":1756270525403,"remoteIdentityKey":"BXbpgxyROGq4lmIX6AMTfS3vTBZNaF9yKfWgVlswLnAU"},"_chains":{"BRQPS5Da6ltW5oOCJgFIpC5oC1HCMmatTjM0USH5RWMp":{"chainKey":{"counter":8,"key":"YmPfz3cf2wnT0LFidymr4YVRSdGtaHS6SywknQPU/vk="},"chainType":1,"messageKeys":{}}},"pendingPreKey":{"signedKeyId":18,"baseKey":"BalyvkBLBAguBMaw6fpVQ2pDZsZloA1ZqF9W5herSRRg","preKeyId":13419738}}},"version":"v1"}