{"_sessions":{"BfhTPKAUU1Pb8NGVhMlulSpBEnU3T6YHYgi0PCeH4MMb":{"registrationId":2101044827,"currentRatchet":{"ephemeralKeyPair":{"pubKey":"BbxfdY9b05WcRtF9NwQAxTh0xjFE/HExV4qRayfv0csJ","privKey":"WJmQgJ1pd7tz/CYXUBNNV/+CtiYHfh/6NhhOcjWXMlM="},"lastRemoteEphemeralKey":"BdyuULkSxLe7ySF09V1YIZwCRoNRZmFMBzeZXhxKmgkz","previousCounter":0,"rootKey":"ZI26j6OWILP3rSe2jSm8g7SQEurzKzZIgxgua76EAq0="},"indexInfo":{"baseKey":"BfhTPKAUU1Pb8NGVhMlulSpBEnU3T6YHYgi0PCeH4MMb","baseKeyType":1,"closed":-1,"used":1756270525750,"created":1756270525750,"remoteIdentityKey":"BWzx+W/aFUHLiP49fRleeF4mP8pj1cdjtcxWiIPojGcx"},"_chains":{"BbxfdY9b05WcRtF9NwQAxTh0xjFE/HExV4qRayfv0csJ":{"chainKey":{"counter":8,"key":"/RruR/RIRaJVAUz/PkeESTJExQwGd74U8qaQ6Dkf5sU="},"chainType":1,"messageKeys":{}}},"pendingPreKey":{"signedKeyId":7,"baseKey":"BfhTPKAUU1Pb8NGVhMlulSpBEnU3T6YHYgi0PCeH4MMb","preKeyId":10897802}}},"version":"v1"}