{"_sessions":{"BTcyHEFwFP0EfgWwhTmnZ8DLOeg2SW0oMbZon3LBkB1f":{"registrationId":374472094,"currentRatchet":{"ephemeralKeyPair":{"pubKey":"BeQ9bixEjyD7N0kgUDBVPRoOtj6OOzl6zYGV7FLdLyou","privKey":"UI+A1sRCCsk8ELhurCLa+ZxLR5E0IdQ9CgAzl+uua14="},"lastRemoteEphemeralKey":"BYt79R21VbdwPY7lsu7/7OS+LOn5cbJH92d82JjIxphG","previousCounter":0,"rootKey":"Nt/L/fFwyg2CPTYrt5sia3DtgVQhezEyUTdhekO5PnE="},"indexInfo":{"baseKey":"BTcyHEFwFP0EfgWwhTmnZ8DLOeg2SW0oMbZon3LBkB1f","baseKeyType":1,"closed":-1,"used":1756024528172,"created":1756024528172,"remoteIdentityKey":"BYqkFUAWr5s77UZy8XZFG8VuLADbHFbrfcxr3z3UwP5Z"},"_chains":{"BeQ9bixEjyD7N0kgUDBVPRoOtj6OOzl6zYGV7FLdLyou":{"chainKey":{"counter":0,"key":"sUFlVgxF4QnBFXOhhtBcty+n5wX8TMpV1un8qNqzVP8="},"chainType":1,"messageKeys":{}}},"pendingPreKey":{"signedKeyId":1,"baseKey":"BTcyHEFwFP0EfgWwhTmnZ8DLOeg2SW0oMbZon3LBkB1f","preKeyId":1497}}},"version":"v1"}