{"_sessions":{"BXJPi75VjWqQMvmcZgIRj7Vx31/+Fa4Qdpf5MJe9Fap1":{"registrationId":203,"currentRatchet":{"ephemeralKeyPair":{"pubKey":"BZ715+/4PvQx9wmPugRlf9G868ikx7WcZvd0UvABO7gz","privKey":"8H28flHsCknFPv7LlJ8F0huEZhX9R6zsgxEBmUzP1nA="},"lastRemoteEphemeralKey":"BX12WJuCrsWMTHSdjQaNYdifkhQ9BE93ihdr8EuLfhd1","previousCounter":0,"rootKey":"PNQTR9eLCsaiw+KWMs+d8G24liQyptA2ORMUT8IlG14="},"indexInfo":{"baseKey":"BXJPi75VjWqQMvmcZgIRj7Vx31/+Fa4Qdpf5MJe9Fap1","baseKeyType":1,"closed":-1,"used":1755492398409,"created":1755492398409,"remoteIdentityKey":"BVh9d593fwb8UfXhK42ppNEcyWlmqh4aGuDHPrlUhLwg"},"_chains":{"BZ715+/4PvQx9wmPugRlf9G868ikx7WcZvd0UvABO7gz":{"chainKey":{"counter":33,"key":"VdLiDYJOjkicE8OlDK8FmEd/mGVgcK0XoFptkHw3I6M="},"chainType":1,"messageKeys":{}}},"pendingPreKey":{"signedKeyId":1,"baseKey":"BXJPi75VjWqQMvmcZgIRj7Vx31/+Fa4Qdpf5MJe9Fap1"}}},"version":"v1"}