{"_sessions":{"BeJBjQ9kyOMa2hOF/PUd7N3UsKUaBdUQp91xJXEG5jF+":{"registrationId":935414003,"currentRatchet":{"ephemeralKeyPair":{"pubKey":"BUNCmOp1XTUseIzAJOkJ+0zS/r4qN6Od0wcHrM+0VK1b","privKey":"OF6cnBTfN+cT6DqdZUNoHQhgbZ6sHzvnHreke3+1SUY="},"lastRemoteEphemeralKey":"Bcblo22sWzXIHwZn88ljZBlPM2TLJRhWySr3534XWjZn","previousCounter":0,"rootKey":"QeCHb3Y5/tD5E2L3d3l1X/XAgdqsnyOisISf0dCByRo="},"indexInfo":{"baseKey":"BeJBjQ9kyOMa2hOF/PUd7N3UsKUaBdUQp91xJXEG5jF+","baseKeyType":1,"closed":-1,"used":1756270525498,"created":1756270525498,"remoteIdentityKey":"BTcfJaWFdIqhasmjxJJXw+0NrhAt4BZhP8ogijINHBwa"},"_chains":{"BUNCmOp1XTUseIzAJOkJ+0zS/r4qN6Od0wcHrM+0VK1b":{"chainKey":{"counter":8,"key":"TljcYH4kMhbXeF9I7L7RebjCls1it+MU0ipvm2hTlHY="},"chainType":1,"messageKeys":{}}},"pendingPreKey":{"signedKeyId":0,"baseKey":"BeJBjQ9kyOMa2hOF/PUd7N3UsKUaBdUQp91xJXEG5jF+","preKeyId":14715449}}},"version":"v1"}