{"_sessions":{"Bdd3rUMtARNSMAXMxEoYLO7nG5UXE4QGY6oL9i07sbok":{"registrationId":15422,"currentRatchet":{"ephemeralKeyPair":{"pubKey":"BReG3yG2G92g8drA7u7jK6ftPfzR5Sx2VlVW6pnd0wYc","privKey":"sAvQwy9H6pqNrxHvno7u2htMUhJqzpIvJFPhPfpVh34="},"lastRemoteEphemeralKey":"BTwKqyyOEmCfqtsgEyiPLPGsTllpHNkAHHE0rnX9J3gJ","previousCounter":0,"rootKey":"vnZATH5kBc3ZKyv0598YxoxzkFngC3uQXILVPl9Ps+4="},"indexInfo":{"baseKey":"Bdd3rUMtARNSMAXMxEoYLO7nG5UXE4QGY6oL9i07sbok","baseKeyType":1,"closed":-1,"used":1756227601685,"created":1756227601685,"remoteIdentityKey":"BeS2oXRrFB2150WwnXTkbT9riRaLmyMqayE0wmxZZism"},"_chains":{"BReG3yG2G92g8drA7u7jK6ftPfzR5Sx2VlVW6pnd0wYc":{"chainKey":{"counter":4,"key":"DPWrZ0TFwdYkFggv3iEQVqb0lmha4UOTkE3Ij99kd/8="},"chainType":1,"messageKeys":{}}},"pendingPreKey":{"signedKeyId":1,"baseKey":"Bdd3rUMtARNSMAXMxEoYLO7nG5UXE4QGY6oL9i07sbok","preKeyId":83}}},"version":"v1"}