{"_sessions":{"BZimZRV88yoKaBy7cALRm+EkM4aT9HGSXhcAZrf8mfch":{"registrationId":1269,"currentRatchet":{"ephemeralKeyPair":{"pubKey":"BUiP38kJXlSs2GJcd7yVSsQ/4UbnaYRDCgyD27Qxz+ky","privKey":"kEyKpm4mOwgslz+TNAc7cWPzKkI6794LHNriUWrUsU0="},"lastRemoteEphemeralKey":"BUOu0OArGJJ6TDSMpW2bmuNLvzVvH3Rk42SszKMbN1l/","previousCounter":0,"rootKey":"PNrhy7kdMF0nPNTwy0n55p5C6g+ZV8YqLLayCONNjI0="},"indexInfo":{"baseKey":"BZimZRV88yoKaBy7cALRm+EkM4aT9HGSXhcAZrf8mfch","baseKeyType":1,"closed":-1,"used":1756380646817,"created":1756380646817,"remoteIdentityKey":"BWvsLXjb7sdwfnNKAzqrCM2U64wncFavOfqO5owsp1BW"},"_chains":{"BUiP38kJXlSs2GJcd7yVSsQ/4UbnaYRDCgyD27Qxz+ky":{"chainKey":{"counter":0,"key":"pdDsJd6371kIY8fRRIgc8/NOattj7JJxbR+rusPWB8c="},"chainType":1,"messageKeys":{}}},"pendingPreKey":{"signedKeyId":1,"baseKey":"BZimZRV88yoKaBy7cALRm+EkM4aT9HGSXhcAZrf8mfch","preKeyId":744}}},"version":"v1"}