{"_sessions":{"BVM8IyKRnaxX38kJzGtKomMT4MYupMsMl4iJHxsu+Psj":{"registrationId":78,"currentRatchet":{"ephemeralKeyPair":{"pubKey":"Bfl6/V8DdvnICWgVe1F5orXWuudJo/9PBHaX6ZJpHRdJ","privKey":"QAEIO3Y9MZHnIn8//moa+mK/XZ4NWonCLmdtwqn7mks="},"lastRemoteEphemeralKey":"BSolw7JQRAVv7fCHoTOxCZEjOUgsZSRkujhgyJ9ntYw2","previousCounter":0,"rootKey":"VCKLUDBmm0wTLmFYJd+mdBN9tlZvH7iyOeZHmeJGbRQ="},"indexInfo":{"baseKey":"BVM8IyKRnaxX38kJzGtKomMT4MYupMsMl4iJHxsu+Psj","baseKeyType":1,"closed":1756446801831,"used":1756446782360,"created":1756446782360,"remoteIdentityKey":"BfmSs/ji8kIZBzP2VzxBjouSc5UKh9SUEutj6rkhhBIC"},"_chains":{"Bfl6/V8DdvnICWgVe1F5orXWuudJo/9PBHaX6ZJpHRdJ":{"chainKey":{"counter":0,"key":"60+fLODuZlIgmPdBbuKwG0C8igPwiiHjY02GO0u7E1E="},"chainType":1,"messageKeys":{}}},"pendingPreKey":{"signedKeyId":1,"baseKey":"BVM8IyKRnaxX38kJzGtKomMT4MYupMsMl4iJHxsu+Psj","preKeyId":3}},"BazVc086ZhwqAyzjictbsIzJ4v4TYf6e06KupeDB5qBf":{"registrationId":78,"currentRatchet":{"ephemeralKeyPair":{"pubKey":"BaLSKrivJeKu/woy+A7bL/sJajD6OWWamBwddIrrJBsM","privKey":"4O9YOmp5T3XNdzQBv49sjxMFysK9q2ds+mKidZDb8m4="},"lastRemoteEphemeralKey":"BSolw7JQRAVv7fCHoTOxCZEjOUgsZSRkujhgyJ9ntYw2","previousCounter":0,"rootKey":"mmUfEz288+uGBaveno7iZL2xWEBaCygLzezDzB2/rpg="},"indexInfo":{"baseKey":"BazVc086ZhwqAyzjictbsIzJ4v4TYf6e06KupeDB5qBf","baseKeyType":1,"closed":-1,"used":1756446801829,"created":1756446801829,"remoteIdentityKey":"BfmSs/ji8kIZBzP2VzxBjouSc5UKh9SUEutj6rkhhBIC"},"_chains":{"BaLSKrivJeKu/woy+A7bL/sJajD6OWWamBwddIrrJBsM":{"chainKey":{"counter":17,"key":"EIA9UthnsvLFlKkpqE/EnuHXWOJNsWa1XvAYmW9NrXU="},"chainType":1,"messageKeys":{}}},"pendingPreKey":{"signedKeyId":1,"baseKey":"BazVc086ZhwqAyzjictbsIzJ4v4TYf6e06KupeDB5qBf","preKeyId":19}}},"version":"v1"}