{"_sessions":{"BV/yPL7b4g1CTty2iXNmVe7aXGqSWBzHDmFaZk+ooKd8":{"registrationId":216537740,"currentRatchet":{"ephemeralKeyPair":{"pubKey":"Ba0hbNnmyqrpGUfIhsQxgpKqEQ2/ZECMjDj9hfvWx1QC","privKey":"+KsMoOQLZWbjQOe3na2KGcWtnF0NJYc/sODYIAo4t1w="},"lastRemoteEphemeralKey":"BYELTZhWbEKmFDkC5cKjlqiTeST6xyIfUdElr6fdMwAi","previousCounter":0,"rootKey":"K+A8fEScFVX1Zr4xO+eQsHsbBvs5EBiXbAmlvrqkq/U="},"indexInfo":{"baseKey":"BV/yPL7b4g1CTty2iXNmVe7aXGqSWBzHDmFaZk+ooKd8","baseKeyType":1,"closed":-1,"used":1756270525802,"created":1756270525802,"remoteIdentityKey":"BTLmjOk6p5QvZ13/ZTGR5RBdp6qgcSL/fgXM0s+pqSdo"},"_chains":{"Ba0hbNnmyqrpGUfIhsQxgpKqEQ2/ZECMjDj9hfvWx1QC":{"chainKey":{"counter":7,"key":"pW+Sd5BINaMToeulkg5xeuFHMTat0/InBtlVIrhRCb8="},"chainType":1,"messageKeys":{}}},"pendingPreKey":{"signedKeyId":10,"baseKey":"BV/yPL7b4g1CTty2iXNmVe7aXGqSWBzHDmFaZk+ooKd8"}}},"version":"v1"}