{"_sessions":{"BQbqcc4o1o7Jsl0Tw+w3MWb+lB6RG3NVI+JQ5nmS02pH":{"registrationId":851964103,"currentRatchet":{"ephemeralKeyPair":{"pubKey":"BUIJS0U1VZL4Y+2rlQ7EaspOgjS3lZzunV4esHID1/ZR","privKey":"EOXe7CVZ+mJBVJdUbt80gRHJNcpJuWF7PCNOyu6A60k="},"lastRemoteEphemeralKey":"BR2UH1QJCRokFI44f14LvfHLOXqjMOcaO7M6XVSqn4Z6","previousCounter":0,"rootKey":"x//V9ks9JcAg0Y7GpcHoxIOGcz+oX+1Sn/5cE6OLSVA="},"indexInfo":{"baseKey":"BQbqcc4o1o7Jsl0Tw+w3MWb+lB6RG3NVI+JQ5nmS02pH","baseKeyType":1,"closed":-1,"used":1755492398074,"created":1755492398074,"remoteIdentityKey":"Beq08wJ1tZF8cckAO3RRAM3rD32SGGtvZh1yxNcNZakU"},"_chains":{"BUIJS0U1VZL4Y+2rlQ7EaspOgjS3lZzunV4esHID1/ZR":{"chainKey":{"counter":24,"key":"Eo/vzWgiBqcazW9siSCT8Fw4KJinEgv6F3Ma066Kx4Y="},"chainType":1,"messageKeys":{}}},"pendingPreKey":{"signedKeyId":2,"baseKey":"BQbqcc4o1o7Jsl0Tw+w3MWb+lB6RG3NVI+JQ5nmS02pH"}}},"version":"v1"}