{"_sessions":{"BWCzKeXGQ1JTf/UhWx667Ju1L5mUNTi85xZhbxcs9fYs":{"registrationId":1933502554,"currentRatchet":{"ephemeralKeyPair":{"pubKey":"BS14J6Yhc7WnicE9fNIWiu3rwXtSpHBfsyfoJ5xDNoMn","privKey":"OD31anfjI+sA2GF7Qzos3c2KHqu2UR6PFL+vVo282HE="},"lastRemoteEphemeralKey":"BWxGXSxJdVfHJ4hDX7Mw0oJxNMnIw7PhnfGAyoGS0vF+","previousCounter":0,"rootKey":"khr3JUd4c4AoXlY/mkMgEXxgGsgfD39JTjhr0nCoqew="},"indexInfo":{"baseKey":"BWCzKeXGQ1JTf/UhWx667Ju1L5mUNTi85xZhbxcs9fYs","baseKeyType":1,"closed":-1,"used":1755481289045,"created":1755481289045,"remoteIdentityKey":"Bblu7MZOZVf5TYvrcX9oNZCgqEGdFVI6dSJuBMHPn4tS"},"_chains":{"BS14J6Yhc7WnicE9fNIWiu3rwXtSpHBfsyfoJ5xDNoMn":{"chainKey":{"counter":4,"key":"wcXfzhvt0A2U4xNwOK9yzIc9s68qcZh0jt1FMO10XKs="},"chainType":1,"messageKeys":{}}},"pendingPreKey":{"signedKeyId":18,"baseKey":"BWCzKeXGQ1JTf/UhWx667Ju1L5mUNTi85xZhbxcs9fYs","preKeyId":9431815}}},"version":"v1"}