{"_sessions":{"BSn7vUttwHD5diCUZIFFtO09DDna31r8201lp+5Yp2VX":{"registrationId":1435434061,"currentRatchet":{"ephemeralKeyPair":{"pubKey":"BUgYYqHd2LxEOWuJ4zPZTCM7e/d79gutnjsPcQE5DLc3","privKey":"iLuEnOT85bWfxAmykeYjLk5/msbJftXaQ5hm2+om3Fc="},"lastRemoteEphemeralKey":"BZ9J+BNZzO5bLlv9EuSkmR+ng4EjOMYQTed+OpIk+RAR","previousCounter":0,"rootKey":"J70JxB87kV3p/XmfqqtlQpM4NhLNdZFtOAd8a+l5fVY="},"indexInfo":{"baseKey":"BSn7vUttwHD5diCUZIFFtO09DDna31r8201lp+5Yp2VX","baseKeyType":1,"closed":-1,"used":1755507317316,"created":1755507317316,"remoteIdentityKey":"BaluYTjHy/vGbS65cKU109hqKr1aNpyeHLD5riXD0NcX"},"_chains":{"BUgYYqHd2LxEOWuJ4zPZTCM7e/d79gutnjsPcQE5DLc3":{"chainKey":{"counter":25,"key":"H5IHV/mePn2EngthQydUa6S+M/hkyPHA6WDMlfHYffU="},"chainType":1,"messageKeys":{}}},"pendingPreKey":{"signedKeyId":1,"baseKey":"BSn7vUttwHD5diCUZIFFtO09DDna31r8201lp+5Yp2VX","preKeyId":15428738}}},"version":"v1"}