{"_sessions":{"BXi79/p8TXFgnC6WCf0SvVy+IyPoPWUPtL7ogtquNVYW":{"registrationId":2045657030,"currentRatchet":{"ephemeralKeyPair":{"pubKey":"BYZcQ3C/ZA4UNnJKyAcmK3ZkX+fklHsuXVBltzlMVPIu","privKey":"QLZ3cYiaG7VvDSpqZgzYoqhe7gha8NLAgA0KmDDxnVk="},"lastRemoteEphemeralKey":"BWFV0UbQXuWkfNT5DjsUipz7XnrWuGEC+PnF/qE9fFwG","previousCounter":45,"rootKey":"pNZ7d/tEGwB1Yp2IMMBj7II1LfkTZlwm5nHbJb8g6sc="},"indexInfo":{"baseKey":"BXi79/p8TXFgnC6WCf0SvVy+IyPoPWUPtL7ogtquNVYW","baseKeyType":1,"closed":-1,"used":1756457370786,"created":1755481289109,"remoteIdentityKey":"BUB3ar9VmHMzkkZdhjOQZLWk6Si7EpHPFzM/5bmJwWMA"},"_chains":{"Bcxod68G4hhKNliMM41BSCzYiBf+Cu994uImqt/qvDsK":{"chainKey":{"counter":0},"chainType":2,"messageKeys":{}},"BZIpejZwpw6l0IASAwQYN4QT4+XPVamcAb1hQoEjJZIb":{"chainKey":{"counter":0},"chainType":2,"messageKeys":{}},"BWFV0UbQXuWkfNT5DjsUipz7XnrWuGEC+PnF/qE9fFwG":{"chainKey":{"counter":0,"key":"W39gMgV29Bqk4piTsvd8XGOzhTBkKRDwt3Brnr4Rcf0="},"chainType":2,"messageKeys":{}},"BYZcQ3C/ZA4UNnJKyAcmK3ZkX+fklHsuXVBltzlMVPIu":{"chainKey":{"counter":1,"key":"Tasuy2ONPwdLCngesdwn37hSe3TXAiBruirVRPUqpIc="},"chainType":1,"messageKeys":{}}}}},"version":"v1"}