{"_sessions":{"BdvrUkpJXBZW1pKZmNwb4PFB+HQ+9ig9leGPoEGd50lu":{"registrationId":1895765210,"currentRatchet":{"ephemeralKeyPair":{"pubKey":"BQxyOHs5ZQ+5WY4U+r/9QIxzTeb3PktBthZlYso/JY1d","privKey":"wLH5D1LxOKyqbINC4Uq3kL8vY+AgQA/Nw8ajmCQ/g0Q="},"lastRemoteEphemeralKey":"BRfMAS6/D2P7nrxLuXQLms6n5KCCxvX2xaAFk3CQyvI5","previousCounter":0,"rootKey":"ajqGS6+66g+CE4DTQULaARYSDG11Bl0Sk28oo2QunPM="},"indexInfo":{"baseKey":"BdvrUkpJXBZW1pKZmNwb4PFB+HQ+9ig9leGPoEGd50lu","baseKeyType":1,"closed":-1,"used":1756270525278,"created":1756270525278,"remoteIdentityKey":"BXAVyRCWv899ftUBKcD6yTdLWBX7x7gAOFX+zndCr3c1"},"_chains":{"BQxyOHs5ZQ+5WY4U+r/9QIxzTeb3PktBthZlYso/JY1d":{"chainKey":{"counter":8,"key":"RWcrLItQzsxv1mafjdm3ZJfXqtKhHxqwZNEeSfEN+/E="},"chainType":1,"messageKeys":{}}},"pendingPreKey":{"signedKeyId":12,"baseKey":"BdvrUkpJXBZW1pKZmNwb4PFB+HQ+9ig9leGPoEGd50lu","preKeyId":3636191}}},"version":"v1"}