{"_sessions":{"BcJMhgIcaJq8valNTSQgUBdIWHtNdLjzyFY111Z2rdcE":{"registrationId":2011924216,"currentRatchet":{"ephemeralKeyPair":{"pubKey":"Bbfn1uYUWSQ/cOPXvjAasI9Ugx2e9rXyvlG5uU02BE4R","privKey":"UHPQn95qns2Zg3OTMNDgkTBeyoarOg/9+RrmThGHPm8="},"lastRemoteEphemeralKey":"BelHrVGL2qAXDd0+dkXinUjgXaB/CeGRv/f6Ji6DYzdy","previousCounter":0,"rootKey":"Y0wvQKJwz+klLeWSxWxZR6iuFRO/+rt04sa+BA5yvRo="},"indexInfo":{"baseKey":"BcJMhgIcaJq8valNTSQgUBdIWHtNdLjzyFY111Z2rdcE","baseKeyType":1,"closed":-1,"used":1756270525709,"created":1756270525709,"remoteIdentityKey":"BcLfcE2mNpdnYllcicEwoBuKQKvpcEz+WwSFFRC5lGxS"},"_chains":{"Bbfn1uYUWSQ/cOPXvjAasI9Ugx2e9rXyvlG5uU02BE4R":{"chainKey":{"counter":8,"key":"X5Yho9fdupMyg6hkI9t30GoZu96nqeIpoRYDMMJVF40="},"chainType":1,"messageKeys":{}}},"pendingPreKey":{"signedKeyId":14,"baseKey":"BcJMhgIcaJq8valNTSQgUBdIWHtNdLjzyFY111Z2rdcE","preKeyId":7702993}}},"version":"v1"}