{"_sessions":{"BY2PNKpKIyOgwxbDq6M1aU3RlQ227wRH7uU4BrSCrQ4T":{"registrationId":101,"currentRatchet":{"ephemeralKeyPair":{"pubKey":"BYiSlG3QwJeOO9UyYLXcXhh3X7gWKOaYrOqcV3KEEJN5","privKey":"wIkOt7nDHmfe9M8DTWmqC4JwezcqnSSMg9ePZVZD6Ww="},"lastRemoteEphemeralKey":"BTsxkge0drEpETDNChDU8NjJp74NTOGHxEd7WFNktwEG","previousCounter":0,"rootKey":"aIqbAPAA3e2X5+kR1fVXP4avSh8u6pNnuH8dvKv3Kaw="},"indexInfo":{"baseKey":"BY2PNKpKIyOgwxbDq6M1aU3RlQ227wRH7uU4BrSCrQ4T","baseKeyType":1,"closed":1755921662072,"used":1755921656037,"created":1755921656037,"remoteIdentityKey":"BRS9l06Xczr0mCHU6+VhR6PjCOw4x19HQRqOTAwH7mpv"},"_chains":{"BYiSlG3QwJeOO9UyYLXcXhh3X7gWKOaYrOqcV3KEEJN5":{"chainKey":{"counter":-1,"key":"fReLjRsAIqiuxL9b6mAaoF/V+hXSm5bd5La7PY3Cxa4="},"chainType":1,"messageKeys":{}}},"pendingPreKey":{"signedKeyId":1,"baseKey":"BY2PNKpKIyOgwxbDq6M1aU3RlQ227wRH7uU4BrSCrQ4T"}},"BVROM22mvYXegeEw8TN5qRZ42g1dGALByaZ1mWqF8EZ5":{"registrationId":101,"currentRatchet":{"ephemeralKeyPair":{"pubKey":"BShJuh/fb6GvOLhPvIBr4qWXiC1zh48X42Ly2amjF8dk","privKey":"KN0Kbtp/8PVlDzfyFpKvanzH18DKgj4yx/mPWYFIlGA="},"lastRemoteEphemeralKey":"BXYA/DINse2B9Bs9DjsmI+WsUesuL7LMzIZ+6FOUmesu","previousCounter":1,"rootKey":"2Ur4H9PJDroYvgk7cZIJRQ1hroBj3/Df/eU1B/M0uuE="},"indexInfo":{"baseKey":"BVROM22mvYXegeEw8TN5qRZ42g1dGALByaZ1mWqF8EZ5","baseKeyType":1,"closed":1755949355624,"used":1755922027819,"created":1755921662057,"remoteIdentityKey":"BRS9l06Xczr0mCHU6+VhR6PjCOw4x19HQRqOTAwH7mpv"},"_chains":{"BXYA/DINse2B9Bs9DjsmI+WsUesuL7LMzIZ+6FOUmesu":{"chainKey":{"counter":3,"key":"KGp3io+N/YOHWad4v4Q9oks9oKxMcvh9q5+vXELHRMs="},"chainType":2,"messageKeys":{}},"BShJuh/fb6GvOLhPvIBr4qWXiC1zh48X42Ly2amjF8dk":{"chainKey":{"counter":0,"key":"PJYZHC8fF08uOf8mLVD+BYa2NeyQ/36cKH8bkDmxBM4="},"chainType":1,"messageKeys":{}}}},"BYlDQuI6Mzo3ucZzVOHMbgloFt19N/aX0DqL/4TSx0cO":{"registrationId":101,"currentRatchet":{"ephemeralKeyPair":{"pubKey":"Bf4dhDIra7SGN7XC24Dg4QJ/lVSva09uvMgJvQQDTDV5","privKey":"+BE5L+UgNbKgA9fNLBoj/UvWl01lWY8pVJ0yfEezu2g="},"lastRemoteEphemeralKey":"BYmHmWkAcJrWcW76P7ZcGqEZLvk2Khgk/boSLd8EQIde","previousCounter":2,"rootKey":"SR9jCHVEWQA8Hh7scmSD7fdOUOGo3wgjJ+dbnoSCbXA="},"indexInfo":{"baseKey":"BYlDQuI6Mzo3ucZzVOHMbgloFt19N/aX0DqL/4TSx0cO","baseKeyType":1,"closed":1756051476418,"used":1756036967875,"created":1755949355622,"remoteIdentityKey":"BRS9l06Xczr0mCHU6+VhR6PjCOw4x19HQRqOTAwH7mpv"},"_chains":{"BYmHmWkAcJrWcW76P7ZcGqEZLvk2Khgk/boSLd8EQIde":{"chainKey":{"counter":0,"key":"S7jjgRSgD++VD5vQOLcM7JyHz0EZvObUB/Wdk8Wuijg="},"chainType":2,"messageKeys":{}},"Bf4dhDIra7SGN7XC24Dg4QJ/lVSva09uvMgJvQQDTDV5":{"chainKey":{"counter":0,"key":"RQPYDWYCd2w476gLqbUSEDvliL4f+vIHyiZT//3zAsg="},"chainType":1,"messageKeys":{}}}},"BQfqC5UhLpghNJ2RL2CshB/fek6jeqwMQ1lU5z9xJxhb":{"registrationId":101,"currentRatchet":{"ephemeralKeyPair":{"pubKey":"BSI2vTmK420+TVarMkL3cmKEOq79kJwYmygn3Iv+Jekv","privKey":"AHQcEKJZE4f7ofg+Z3w6ZdhthriwqgPTNu6Oat9TLlo="},"lastRemoteEphemeralKey":"BTsxkge0drEpETDNChDU8NjJp74NTOGHxEd7WFNktwEG","previousCounter":0,"rootKey":"bOSibZkDMJjcWrqA1QKSu0phZPSEB7GINOEA8YkH9Iw="},"indexInfo":{"baseKey":"BQfqC5UhLpghNJ2RL2CshB/fek6jeqwMQ1lU5z9xJxhb","baseKeyType":1,"closed":1756051481689,"used":1756051476416,"created":1756051476416,"remoteIdentityKey":"BRS9l06Xczr0mCHU6+VhR6PjCOw4x19HQRqOTAwH7mpv"},"_chains":{"BSI2vTmK420+TVarMkL3cmKEOq79kJwYmygn3Iv+Jekv":{"chainKey":{"counter":-1,"key":"l+NsEGa/R/QE6cyC+4eUi7NSknE2qURKIgz2fio9Z0g="},"chainType":1,"messageKeys":{}}},"pendingPreKey":{"signedKeyId":1,"baseKey":"BQfqC5UhLpghNJ2RL2CshB/fek6jeqwMQ1lU5z9xJxhb","preKeyId":1734}},"Bagw3nDzNoxFv3YfmYWAMG/2edmfBMjPQLLT/AC2eeJ1":{"registrationId":101,"currentRatchet":{"ephemeralKeyPair":{"pubKey":"Ba5eqUVZ6ipyENG7I9ImlO4RbtItVSvlNyIYR6oUFYNI","privKey":"2ABIaFYLndiai+tsBtASZKz+tISNfTUXumhBBf2IL08="},"lastRemoteEphemeralKey":"BTsxkge0drEpETDNChDU8NjJp74NTOGHxEd7WFNktwEG","previousCounter":0,"rootKey":"B3JW2fmoO0FpajzyNWXrKbgK5524D4PztD6oTzu3WUk="},"indexInfo":{"baseKey":"Bagw3nDzNoxFv3YfmYWAMG/2edmfBMjPQLLT/AC2eeJ1","baseKeyType":1,"closed":1756051487227,"used":1756051481686,"created":1756051481686,"remoteIdentityKey":"BRS9l06Xczr0mCHU6+VhR6PjCOw4x19HQRqOTAwH7mpv"},"_chains":{"Ba5eqUVZ6ipyENG7I9ImlO4RbtItVSvlNyIYR6oUFYNI":{"chainKey":{"counter":0,"key":"1T8/khWmSSyYe5BZN79dKBgDu1zBWoKinssd/mV6hEc="},"chainType":1,"messageKeys":{}}},"pendingPreKey":{"signedKeyId":1,"baseKey":"Bagw3nDzNoxFv3YfmYWAMG/2edmfBMjPQLLT/AC2eeJ1","preKeyId":1737}},"BSVMQTWaXK0e5FUralN/K/h77VAiDuY2HPM/GCH9YGp0":{"registrationId":101,"currentRatchet":{"ephemeralKeyPair":{"pubKey":"BdfTeLytYgqCpUExfswsRpf5kUKwUrjrjRxoQge4ZZt2","privKey":"4FbyLQ4EPrGDfPEW8Ox1iXsr7aHsjuhS7CaUbZpyX0g="},"lastRemoteEphemeralKey":"BTsxkge0drEpETDNChDU8NjJp74NTOGHxEd7WFNktwEG","previousCounter":0,"rootKey":"5xgvVZy6QcNE92oKs/Z11+nN7eGPbEoFN+F/HssZ/x4="},"indexInfo":{"baseKey":"BSVMQTWaXK0e5FUralN/K/h77VAiDuY2HPM/GCH9YGp0","baseKeyType":1,"closed":1756051492467,"used":1756051487225,"created":1756051487225,"remoteIdentityKey":"BRS9l06Xczr0mCHU6+VhR6PjCOw4x19HQRqOTAwH7mpv"},"_chains":{"BdfTeLytYgqCpUExfswsRpf5kUKwUrjrjRxoQge4ZZt2":{"chainKey":{"counter":-1,"key":"RJLl8ckVyFjId+atWwOpTmyo+QLU2uBMwsl/+QLuVKI="},"chainType":1,"messageKeys":{}}},"pendingPreKey":{"signedKeyId":1,"baseKey":"BSVMQTWaXK0e5FUralN/K/h77VAiDuY2HPM/GCH9YGp0","preKeyId":1748}},"BZzMZ2qA8bMLvFv9eeig4wL0vFe5iapxL5CacUzEsnNd":{"registrationId":101,"currentRatchet":{"ephemeralKeyPair":{"pubKey":"BVW1V7CIDF8cayzao22CCZa/iviG02lQ3qSBINIgMRta","privKey":"OKTLapp5GXfEf9jY7dP69xg9QG8S2xUbRIFOoDaId14="},"lastRemoteEphemeralKey":"BTsxkge0drEpETDNChDU8NjJp74NTOGHxEd7WFNktwEG","previousCounter":0,"rootKey":"ZjPtnYX1S0AnuF4DnLyvchjY0Ge/9MJ8eXxXUsMZwF4="},"indexInfo":{"baseKey":"BZzMZ2qA8bMLvFv9eeig4wL0vFe5iapxL5CacUzEsnNd","baseKeyType":1,"closed":1756051497716,"used":1756051492464,"created":1756051492464,"remoteIdentityKey":"BRS9l06Xczr0mCHU6+VhR6PjCOw4x19HQRqOTAwH7mpv"},"_chains":{"BVW1V7CIDF8cayzao22CCZa/iviG02lQ3qSBINIgMRta":{"chainKey":{"counter":-1,"key":"SzQ5JM6y9B3jaaTMULVa/0Lqc6P+2exRqRW4IyLK71I="},"chainType":1,"messageKeys":{}}},"pendingPreKey":{"signedKeyId":1,"baseKey":"BZzMZ2qA8bMLvFv9eeig4wL0vFe5iapxL5CacUzEsnNd","preKeyId":1728}},"BcNuex/CfWReKdIiPEJFPyC0x4wKVM3HfJS0N6bHu/Im":{"registrationId":101,"currentRatchet":{"ephemeralKeyPair":{"pubKey":"BbF2MFusD7TV1Pvh29W6L+5q+BYgdC2IKjuKqL2J5Q4T","privKey":"aKcb741ui49D0hsysS5CYjxOhJ/5Qj6lff332lyuZGM="},"lastRemoteEphemeralKey":"BTsxkge0drEpETDNChDU8NjJp74NTOGHxEd7WFNktwEG","previousCounter":0,"rootKey":"ApvHk0fGMeZ1DBm1fmmffAuJZj4VlvZnjIphtha57ZE="},"indexInfo":{"baseKey":"BcNuex/CfWReKdIiPEJFPyC0x4wKVM3HfJS0N6bHu/Im","baseKeyType":1,"closed":1756054808290,"used":1756051497714,"created":1756051497714,"remoteIdentityKey":"BRS9l06Xczr0mCHU6+VhR6PjCOw4x19HQRqOTAwH7mpv"},"_chains":{"BbF2MFusD7TV1Pvh29W6L+5q+BYgdC2IKjuKqL2J5Q4T":{"chainKey":{"counter":0,"key":"kEy4iY+sTAVeHQhMYVht8EoMepiEAdruAS4Jd0Ww9Lw="},"chainType":1,"messageKeys":{}}},"pendingPreKey":{"signedKeyId":1,"baseKey":"BcNuex/CfWReKdIiPEJFPyC0x4wKVM3HfJS0N6bHu/Im","preKeyId":1752}},"BXIksQVay0N2076tAJXlYvHEtn/msB3jJf2JNr3yZ+Qw":{"registrationId":101,"currentRatchet":{"ephemeralKeyPair":{"pubKey":"BbtqZvgfU9+XufqbwiVMqPUEgqZoT/DY//SUTpNieG4G","privKey":"oBBDiNfgJ7GVH7rKXbRb6tpX8luEnVFBx+Z/d0dmRFc="},"lastRemoteEphemeralKey":"BTsxkge0drEpETDNChDU8NjJp74NTOGHxEd7WFNktwEG","previousCounter":0,"rootKey":"au9jke5d4bcbM2hYbbV2h9sxWppTPt26dbCMBXzlLA0="},"indexInfo":{"baseKey":"BXIksQVay0N2076tAJXlYvHEtn/msB3jJf2JNr3yZ+Qw","baseKeyType":1,"closed":1756164484665,"used":1756054808287,"created":1756054808287,"remoteIdentityKey":"BRS9l06Xczr0mCHU6+VhR6PjCOw4x19HQRqOTAwH7mpv"},"_chains":{"BbtqZvgfU9+XufqbwiVMqPUEgqZoT/DY//SUTpNieG4G":{"chainKey":{"counter":4,"key":"gr0v31nNz6K6+IoQNZwAHdxJohqK+vYjqu75Oy4P1s4="},"chainType":1,"messageKeys":{}}},"pendingPreKey":{"signedKeyId":1,"baseKey":"BXIksQVay0N2076tAJXlYvHEtn/msB3jJf2JNr3yZ+Qw"}},"BbIP7JZt35uXjPQmnifhdxOOk8/2pG9CE19ZViI8h6MB":{"registrationId":101,"currentRatchet":{"ephemeralKeyPair":{"pubKey":"BTzjMzhs1gqfbmbuZ4Qmq0DvbLxDaxQ/MFIV38h6ge11","privKey":"0Jly/4MOpH/kjYjMVMVluJvLpHmgcLx13IyEYvMLbF8="},"lastRemoteEphemeralKey":"BTsxkge0drEpETDNChDU8NjJp74NTOGHxEd7WFNktwEG","previousCounter":0,"rootKey":"0Kc7DQDVXOyuhTqX4hfm/KYDZfB9sGkvwzMA7sVnJfY="},"indexInfo":{"baseKey":"BbIP7JZt35uXjPQmnifhdxOOk8/2pG9CE19ZViI8h6MB","baseKeyType":1,"closed":1756164490192,"used":1756164484658,"created":1756164484658,"remoteIdentityKey":"BRS9l06Xczr0mCHU6+VhR6PjCOw4x19HQRqOTAwH7mpv"},"_chains":{"BTzjMzhs1gqfbmbuZ4Qmq0DvbLxDaxQ/MFIV38h6ge11":{"chainKey":{"counter":-1,"key":"xBhjGlCUZJWcH+DuviaZ5xY6MXAkbOd9L5BCrKdAhLg="},"chainType":1,"messageKeys":{}}},"pendingPreKey":{"signedKeyId":1,"baseKey":"BbIP7JZt35uXjPQmnifhdxOOk8/2pG9CE19ZViI8h6MB","preKeyId":1856}},"BexmIiPvkPq892U4IukieGslCj2+xYGD+CeqoU1BbOZQ":{"registrationId":101,"currentRatchet":{"ephemeralKeyPair":{"pubKey":"BfdJqelom9i/XNoEczhI+Hk1j+zgJM1IFLOzNLLw1PBP","privKey":"EJSvAbZlV7BOphFX3Ye8PYER+iLCgiPeuVFOihre1mc="},"lastRemoteEphemeralKey":"BTsxkge0drEpETDNChDU8NjJp74NTOGHxEd7WFNktwEG","previousCounter":0,"rootKey":"bfwQJxhFiGLd/MEBJTP9faifVq13KGp582EWRBSwW0g="},"indexInfo":{"baseKey":"BexmIiPvkPq892U4IukieGslCj2+xYGD+CeqoU1BbOZQ","baseKeyType":1,"closed":1756164495469,"used":1756164490189,"created":1756164490189,"remoteIdentityKey":"BRS9l06Xczr0mCHU6+VhR6PjCOw4x19HQRqOTAwH7mpv"},"_chains":{"BfdJqelom9i/XNoEczhI+Hk1j+zgJM1IFLOzNLLw1PBP":{"chainKey":{"counter":-1,"key":"lKl2dzJd79UFoZxnrAORcJh2QnDQsv0StFa5UJwBMbg="},"chainType":1,"messageKeys":{}}},"pendingPreKey":{"signedKeyId":1,"baseKey":"BexmIiPvkPq892U4IukieGslCj2+xYGD+CeqoU1BbOZQ","preKeyId":1835}},"BTYeSzqfFmZ+ZwPdcgStPmfDFp0s6K3bwAvvWj1UTQYb":{"registrationId":101,"currentRatchet":{"ephemeralKeyPair":{"pubKey":"Bfth559khAslTcFjseBr7jBiBSj8CFXPZk/ik+MMnwZK","privKey":"QKQHg9furuS2K0ok4iqn/ki+a8h5M0iZehhD0Vee+3I="},"lastRemoteEphemeralKey":"BTsxkge0drEpETDNChDU8NjJp74NTOGHxEd7WFNktwEG","previousCounter":0,"rootKey":"8NGoaZLPwjDfIp2CtMvxoKb7DAKMHloTyp+piwnD8mU="},"indexInfo":{"baseKey":"BTYeSzqfFmZ+ZwPdcgStPmfDFp0s6K3bwAvvWj1UTQYb","baseKeyType":1,"closed":1756164598984,"used":1756164495466,"created":1756164495466,"remoteIdentityKey":"BRS9l06Xczr0mCHU6+VhR6PjCOw4x19HQRqOTAwH7mpv"},"_chains":{"Bfth559khAslTcFjseBr7jBiBSj8CFXPZk/ik+MMnwZK":{"chainKey":{"counter":0,"key":"sSG3phmykamfHZIw+dcuAm38BreLBYOE/BzcHkdMjiQ="},"chainType":1,"messageKeys":{}}},"pendingPreKey":{"signedKeyId":1,"baseKey":"BTYeSzqfFmZ+ZwPdcgStPmfDFp0s6K3bwAvvWj1UTQYb","preKeyId":1838}},"BUSZURjJNXp6HM/KV73tVNsLwM+W6QBhHfZQr7CgI2Av":{"registrationId":101,"currentRatchet":{"ephemeralKeyPair":{"pubKey":"BWc6ImaAuUgIjyrJOYoDMYmRf9ma4hRZ72D3gpc/r3Zl","privKey":"0JJqmeRAME69itnLH1RPdA80rUl4Pqf9cCRS0KUndEU="},"lastRemoteEphemeralKey":"BTsxkge0drEpETDNChDU8NjJp74NTOGHxEd7WFNktwEG","previousCounter":0,"rootKey":"nklVmnQPRY0uwmbktyDKAC2ubzMKJ8bCaib5AkRObXE="},"indexInfo":{"baseKey":"BUSZURjJNXp6HM/KV73tVNsLwM+W6QBhHfZQr7CgI2Av","baseKeyType":1,"closed":1756164604546,"used":1756164598981,"created":1756164598981,"remoteIdentityKey":"BRS9l06Xczr0mCHU6+VhR6PjCOw4x19HQRqOTAwH7mpv"},"_chains":{"BWc6ImaAuUgIjyrJOYoDMYmRf9ma4hRZ72D3gpc/r3Zl":{"chainKey":{"counter":-1,"key":"Q8aoO+pZPCW3rICDdhQlU54ny8nZT8jPD8osM6Oe3fo="},"chainType":1,"messageKeys":{}}},"pendingPreKey":{"signedKeyId":1,"baseKey":"BUSZURjJNXp6HM/KV73tVNsLwM+W6QBhHfZQr7CgI2Av","preKeyId":1847}},"BbgYvPzbkGky2yM34gE9jjNz78FF2NCirVqRduy9Ed99":{"registrationId":101,"currentRatchet":{"ephemeralKeyPair":{"pubKey":"BQJd840bOjhtsXJ7SNNLNWSeP8Unwazepn0HGJ3b0TJR","privKey":"CHKpUv16ugs7l20oj8lhL0E+1F58LWBsKCrAwXNdMlc="},"lastRemoteEphemeralKey":"BTsxkge0drEpETDNChDU8NjJp74NTOGHxEd7WFNktwEG","previousCounter":0,"rootKey":"ZrK+FEwOGhms5n8ukCLS8V+ch2d9VB0AonhmZh18XCs="},"indexInfo":{"baseKey":"BbgYvPzbkGky2yM34gE9jjNz78FF2NCirVqRduy9Ed99","baseKeyType":1,"closed":1756164609797,"used":1756164604543,"created":1756164604543,"remoteIdentityKey":"BRS9l06Xczr0mCHU6+VhR6PjCOw4x19HQRqOTAwH7mpv"},"_chains":{"BQJd840bOjhtsXJ7SNNLNWSeP8Unwazepn0HGJ3b0TJR":{"chainKey":{"counter":-1,"key":"l9PKyP48bExQXM+rCv9V1I910VfHOTn3ke6F2nWwD30="},"chainType":1,"messageKeys":{}}},"pendingPreKey":{"signedKeyId":1,"baseKey":"BbgYvPzbkGky2yM34gE9jjNz78FF2NCirVqRduy9Ed99","preKeyId":1830}},"BdS32gpnTxOzy3p535gIJuUW63GGr0IZ75H39lC6uOVV":{"registrationId":101,"currentRatchet":{"ephemeralKeyPair":{"pubKey":"BTVkX9jud4h/9RwNupfFNaM75SkmuFfV9YoNiDKIDw9X","privKey":"sNdDnu837avh5TIykOKhJNXDvmif/gi/esTHD9fF1FE="},"lastRemoteEphemeralKey":"BTsxkge0drEpETDNChDU8NjJp74NTOGHxEd7WFNktwEG","previousCounter":0,"rootKey":"mIufYC122K4GYvxpKMkbomcPFKOs4ZocLW4t6kpILUU="},"indexInfo":{"baseKey":"BdS32gpnTxOzy3p535gIJuUW63GGr0IZ75H39lC6uOVV","baseKeyType":1,"closed":1756164713494,"used":1756164609794,"created":1756164609794,"remoteIdentityKey":"BRS9l06Xczr0mCHU6+VhR6PjCOw4x19HQRqOTAwH7mpv"},"_chains":{"BTVkX9jud4h/9RwNupfFNaM75SkmuFfV9YoNiDKIDw9X":{"chainKey":{"counter":0,"key":"qHNz6x2jVNxYTB2Sapp9/B5q42liuGgiEoVmCtAGHMk="},"chainType":1,"messageKeys":{}}},"pendingPreKey":{"signedKeyId":1,"baseKey":"BdS32gpnTxOzy3p535gIJuUW63GGr0IZ75H39lC6uOVV","preKeyId":1843}},"BcAwW1v6ljQn9qbWgxr6W/B3AAAM15nU6y8z1TeMP+wD":{"registrationId":101,"currentRatchet":{"ephemeralKeyPair":{"pubKey":"BTLNWWEuxCovDcszmqJOE27paA2vquNBfTHndanx0qJw","privKey":"gF/71MQldopvGRL5wS8phtoZgyaO0qvgEld75d2Bd3Y="},"lastRemoteEphemeralKey":"BTsxkge0drEpETDNChDU8NjJp74NTOGHxEd7WFNktwEG","previousCounter":0,"rootKey":"HSoYQkoU8opn/mwndWABjvqrIOlk0tUjQpLEUEe2JPQ="},"indexInfo":{"baseKey":"BcAwW1v6ljQn9qbWgxr6W/B3AAAM15nU6y8z1TeMP+wD","baseKeyType":1,"closed":1756164719001,"used":1756164713491,"created":1756164713491,"remoteIdentityKey":"BRS9l06Xczr0mCHU6+VhR6PjCOw4x19HQRqOTAwH7mpv"},"_chains":{"BTLNWWEuxCovDcszmqJOE27paA2vquNBfTHndanx0qJw":{"chainKey":{"counter":-1,"key":"yPl/ERiFJYEG/hAzvTo4GDhr+PrGCsyB4C3qLQvVMmM="},"chainType":1,"messageKeys":{}}},"pendingPreKey":{"signedKeyId":1,"baseKey":"BcAwW1v6ljQn9qbWgxr6W/B3AAAM15nU6y8z1TeMP+wD","preKeyId":1829}},"BW8wzPvZTE7yunlrKITEvKFpn7fjRcCrEZyZA3E4Gfgq":{"registrationId":101,"currentRatchet":{"ephemeralKeyPair":{"pubKey":"BZDc6p9cWSuI5UlZSCvPByHGF1h43Hji2xB3AlTe6Fxj","privKey":"kJ39YCmS3jQkStOA/P5aNRRU9rQKPv0Ee0FWDNiw8Eo="},"lastRemoteEphemeralKey":"BTsxkge0drEpETDNChDU8NjJp74NTOGHxEd7WFNktwEG","previousCounter":0,"rootKey":"TWLkBtnMSRatyjlE6bFaHsSvYR3h20y7Ypuafp5TSS4="},"indexInfo":{"baseKey":"BW8wzPvZTE7yunlrKITEvKFpn7fjRcCrEZyZA3E4Gfgq","baseKeyType":1,"closed":1756164724271,"used":1756164718999,"created":1756164718999,"remoteIdentityKey":"BRS9l06Xczr0mCHU6+VhR6PjCOw4x19HQRqOTAwH7mpv"},"_chains":{"BZDc6p9cWSuI5UlZSCvPByHGF1h43Hji2xB3AlTe6Fxj":{"chainKey":{"counter":-1,"key":"Rj246nD3MQQtOovpuZx+XwGJ8nXsiR/5+1sX1xYPizQ="},"chainType":1,"messageKeys":{}}},"pendingPreKey":{"signedKeyId":1,"baseKey":"BW8wzPvZTE7yunlrKITEvKFpn7fjRcCrEZyZA3E4Gfgq","preKeyId":1857}},"BQ7CjjT8xhdZHXRVrBbbHAjcuglzvU13XZ+mHfXyU8wo":{"registrationId":101,"currentRatchet":{"ephemeralKeyPair":{"pubKey":"BdE1lGZ2yFl//roV0JEwTH+gPWaL6yxBbXmLeAcUOARX","privKey":"AGjGGBAlEWyDsMff1uydgC1al+GzwuAp+UyyEXBD4WY="},"lastRemoteEphemeralKey":"BTsxkge0drEpETDNChDU8NjJp74NTOGHxEd7WFNktwEG","previousCounter":0,"rootKey":"pi+WdxxLPOTQLQihOw/bXGNACDo71lBVK3bbAGbHziI="},"indexInfo":{"baseKey":"BQ7CjjT8xhdZHXRVrBbbHAjcuglzvU13XZ+mHfXyU8wo","baseKeyType":1,"closed":1756166149360,"used":1756164724269,"created":1756164724269,"remoteIdentityKey":"BRS9l06Xczr0mCHU6+VhR6PjCOw4x19HQRqOTAwH7mpv"},"_chains":{"BdE1lGZ2yFl//roV0JEwTH+gPWaL6yxBbXmLeAcUOARX":{"chainKey":{"counter":0,"key":"Sabe2MCT502LmceuK7wJAKXiEmkOEHfON7tJCmf/R9g="},"chainType":1,"messageKeys":{}}},"pendingPreKey":{"signedKeyId":1,"baseKey":"BQ7CjjT8xhdZHXRVrBbbHAjcuglzvU13XZ+mHfXyU8wo","preKeyId":1858}},"BWm37ka4OmeS6gTQpipB3LQH4y7MYqjbPxHu47lR2lYk":{"registrationId":101,"currentRatchet":{"ephemeralKeyPair":{"pubKey":"BV2zk3/GmeTi7a/Dh0yq8nS9TyTNo+ZQb1iZZdYuptV7","privKey":"oAqXjASjH4rdRQU+d+wq2Y5UKGD1MgLJvALQw5T4D2Y="},"lastRemoteEphemeralKey":"BT9mXoX+jY3E+YTRZKi0QxnZV89H54hJz+sfq7XtonAG","previousCounter":0,"rootKey":"sPmJbqDiNacnz4G0M3u85e+L5HQXaMwmcPBO/+z082s="},"indexInfo":{"baseKey":"BWm37ka4OmeS6gTQpipB3LQH4y7MYqjbPxHu47lR2lYk","baseKeyType":2,"closed":1756166156959,"used":1756166149368,"created":1756166149368,"remoteIdentityKey":"BRS9l06Xczr0mCHU6+VhR6PjCOw4x19HQRqOTAwH7mpv"},"_chains":{"BT9mXoX+jY3E+YTRZKi0QxnZV89H54hJz+sfq7XtonAG":{"chainKey":{"counter":0,"key":"1SzKqHTKxdk4Ec5LE2qdRRKUEU00Vyryf3LX5MBjAz4="},"chainType":2,"messageKeys":{}},"BV2zk3/GmeTi7a/Dh0yq8nS9TyTNo+ZQb1iZZdYuptV7":{"chainKey":{"counter":-1,"key":"Ny6hlyqQk0lNdzvpo5Ui9GXJCelZjqgDJhkNw1ltR8Y="},"chainType":1,"messageKeys":{}}}},"Bb1nEnvktkY0x082bni0tYEowicPMAeu+w0wNLqyhZkj":{"registrationId":101,"currentRatchet":{"ephemeralKeyPair":{"pubKey":"BXRlVo5talyHJAjf7qjsKiWC/1ZSs0Qlvb1olEYZwv4C","privKey":"8EJhoY21isMOo4kjlEYDgVHJa4b4+rVEOn9pjSyxpkI="},"lastRemoteEphemeralKey":"BTmF4twrszBAket7uddlfne+HUDBC2q9CnikloE5jsYr","previousCounter":0,"rootKey":"GUVXl967MuimUBJkosXJSXy61CP07PM/KD03MBrJCmk="},"indexInfo":{"baseKey":"Bb1nEnvktkY0x082bni0tYEowicPMAeu+w0wNLqyhZkj","baseKeyType":1,"closed":1756214724509,"used":1756199127233,"created":1756166156956,"remoteIdentityKey":"BRS9l06Xczr0mCHU6+VhR6PjCOw4x19HQRqOTAwH7mpv"},"_chains":{"BTmF4twrszBAket7uddlfne+HUDBC2q9CnikloE5jsYr":{"chainKey":{"counter":1,"key":"nUHVykEf2pFP2Q5vLZWAaP3Oq/HVLjBc4/FlLOpwXbU="},"chainType":2,"messageKeys":{}},"BXRlVo5talyHJAjf7qjsKiWC/1ZSs0Qlvb1olEYZwv4C":{"chainKey":{"counter":0,"key":"nK1BQ1yfBTd6v+E/fwpyhVDWZvkEUn+Ip4QMVGtrXo4="},"chainType":1,"messageKeys":{}}}},"BZaiCqtSvPu0O7E31fFPXi81tgxLyu9F2qLsCW4D2S11":{"registrationId":101,"currentRatchet":{"ephemeralKeyPair":{"pubKey":"BbbkTLRDZtyLfcMXitU5c9vcJrrc9qRB00AYBXgexZZe","privKey":"GIOf/v3LxG4DQQIux2k4xw4ibiLusid/RXVLp4QeG1c="},"lastRemoteEphemeralKey":"BTsxkge0drEpETDNChDU8NjJp74NTOGHxEd7WFNktwEG","previousCounter":0,"rootKey":"EYr+chrlugTfG1qAbw9fJjOAI8mZa8+YMqqmqp7GOMQ="},"indexInfo":{"baseKey":"BZaiCqtSvPu0O7E31fFPXi81tgxLyu9F2qLsCW4D2S11","baseKeyType":1,"closed":1756214754516,"used":1756214724506,"created":1756214724506,"remoteIdentityKey":"BRS9l06Xczr0mCHU6+VhR6PjCOw4x19HQRqOTAwH7mpv"},"_chains":{"BbbkTLRDZtyLfcMXitU5c9vcJrrc9qRB00AYBXgexZZe":{"chainKey":{"counter":0,"key":"r2ouLjsD30T+J2xEmcVHNNRDUYyAzc++5S+nnnmW6Nc="},"chainType":1,"messageKeys":{}}},"pendingPreKey":{"signedKeyId":1,"baseKey":"BZaiCqtSvPu0O7E31fFPXi81tgxLyu9F2qLsCW4D2S11","preKeyId":1925}},"BWmpsOZKS/6Y0RcIRJpRhhNCkhI57FJs8jEw+SMXXxgj":{"registrationId":101,"currentRatchet":{"ephemeralKeyPair":{"pubKey":"BTz1knhTeWY5u3gHfAmRWSZefAV54F8VfTZhes8PwzB9","privKey":"6GrtrDmWf/bSf4aofdVOEpe6obSapLtNP7GT4z+l8Ew="},"lastRemoteEphemeralKey":"BTsxkge0drEpETDNChDU8NjJp74NTOGHxEd7WFNktwEG","previousCounter":0,"rootKey":"ZknusLw7lQB0+kWiZmr+Kj+F9I4zQEAhmr651v1/P44="},"indexInfo":{"baseKey":"BWmpsOZKS/6Y0RcIRJpRhhNCkhI57FJs8jEw+SMXXxgj","baseKeyType":1,"closed":1756214757484,"used":1756214754514,"created":1756214754514,"remoteIdentityKey":"BRS9l06Xczr0mCHU6+VhR6PjCOw4x19HQRqOTAwH7mpv"},"_chains":{"BTz1knhTeWY5u3gHfAmRWSZefAV54F8VfTZhes8PwzB9":{"chainKey":{"counter":-1,"key":"iEPfOZUAvKlrC0/GtoVGi1tHBVldSive7Jdk5BzC24c="},"chainType":1,"messageKeys":{}}},"pendingPreKey":{"signedKeyId":1,"baseKey":"BWmpsOZKS/6Y0RcIRJpRhhNCkhI57FJs8jEw+SMXXxgj","preKeyId":1912}},"BZepG6l4YvyMO2Qr4VNk5ANOu28fingBbrogVr01oUUE":{"registrationId":101,"currentRatchet":{"ephemeralKeyPair":{"pubKey":"BQ2TmErc2QsMva30SN8geyAsmYbPsjy2cAv71Jj5V1wJ","privKey":"YKb+lsCuggWbMqpLO/XbF0B+glYAhGQPXxHX1IyKpU4="},"lastRemoteEphemeralKey":"BTsxkge0drEpETDNChDU8NjJp74NTOGHxEd7WFNktwEG","previousCounter":0,"rootKey":"+KwOAlFBVqbwH+XAvIHdbqJZq5tiw+zDHUNBCGKJ1KI="},"indexInfo":{"baseKey":"BZepG6l4YvyMO2Qr4VNk5ANOu28fingBbrogVr01oUUE","baseKeyType":1,"closed":1756227608060,"used":1756214757482,"created":1756214757482,"remoteIdentityKey":"BRS9l06Xczr0mCHU6+VhR6PjCOw4x19HQRqOTAwH7mpv"},"_chains":{"BQ2TmErc2QsMva30SN8geyAsmYbPsjy2cAv71Jj5V1wJ":{"chainKey":{"counter":1,"key":"rQVVFsdqn1wtUrVzQ9HrDzdCJ9cC9bYDUQIkG7NiZQU="},"chainType":1,"messageKeys":{}}},"pendingPreKey":{"signedKeyId":1,"baseKey":"BZepG6l4YvyMO2Qr4VNk5ANOu28fingBbrogVr01oUUE","preKeyId":1917}},"BXLR8aJ3CIRnPqslV6KGDyYtV8EFSzIfgCMFUfmAbRlM":{"registrationId":101,"currentRatchet":{"ephemeralKeyPair":{"pubKey":"BbswrzCMTDjEvH1V0F/YaP6S81Vf/icri2eP3yQp8EV+","privKey":"6NxUFY28nRh7zdHDH/yENs0OgDM5FjfHEuPlQQgV3Vo="},"lastRemoteEphemeralKey":"BTsxkge0drEpETDNChDU8NjJp74NTOGHxEd7WFNktwEG","previousCounter":0,"rootKey":"arJ1Cf+ekLHzg0qaI5ZSm6XBhRlRAiou9006iGr0SEE="},"indexInfo":{"baseKey":"BXLR8aJ3CIRnPqslV6KGDyYtV8EFSzIfgCMFUfmAbRlM","baseKeyType":1,"closed":1756246568567,"used":1756227608057,"created":1756227608057,"remoteIdentityKey":"BRS9l06Xczr0mCHU6+VhR6PjCOw4x19HQRqOTAwH7mpv"},"_chains":{"BbswrzCMTDjEvH1V0F/YaP6S81Vf/icri2eP3yQp8EV+":{"chainKey":{"counter":0,"key":"V35mIwJJv87iRDx+aH0cUGS4UHmM/SDWLxwL8N2jbiI="},"chainType":1,"messageKeys":{}}},"pendingPreKey":{"signedKeyId":1,"baseKey":"BXLR8aJ3CIRnPqslV6KGDyYtV8EFSzIfgCMFUfmAbRlM","preKeyId":1934}},"BYDxDFAsjUWHUybV2yLsiYzAVWhebC7EOlvGuUYyknwK":{"registrationId":101,"currentRatchet":{"ephemeralKeyPair":{"pubKey":"BQhEkYHQ6dzHLKi5Sd0h6JO1pq0Ka19ZAGZt1FBjHL9Y","privKey":"GIvuqjTDmi+fsocj3NT9X+P3+uWl5yQYQU0haiAr32Y="},"lastRemoteEphemeralKey":"BTsxkge0drEpETDNChDU8NjJp74NTOGHxEd7WFNktwEG","previousCounter":0,"rootKey":"xD93Ju/Z0it01hcbNMNwbMcm3Yey9lyVwGwAKonapcg="},"indexInfo":{"baseKey":"BYDxDFAsjUWHUybV2yLsiYzAVWhebC7EOlvGuUYyknwK","baseKeyType":1,"closed":1756246573825,"used":1756246568564,"created":1756246568564,"remoteIdentityKey":"BRS9l06Xczr0mCHU6+VhR6PjCOw4x19HQRqOTAwH7mpv"},"_chains":{"BQhEkYHQ6dzHLKi5Sd0h6JO1pq0Ka19ZAGZt1FBjHL9Y":{"chainKey":{"counter":0,"key":"s2DoYMtif53GRd1L8iHeRl7AxbHo9Rfdfp0tJm1ZcV8="},"chainType":1,"messageKeys":{}}},"pendingPreKey":{"signedKeyId":1,"baseKey":"BYDxDFAsjUWHUybV2yLsiYzAVWhebC7EOlvGuUYyknwK","preKeyId":1914}},"Becj/HtG0RibNCYiYTDfPEQxCowUbR0zxGRdB6QMzXV9":{"registrationId":101,"currentRatchet":{"ephemeralKeyPair":{"pubKey":"BSE+Y5cq0Q+MJ6JbbupszxOfumQSLIiD1o8r6za5weFv","privKey":"wMwt2WlbaF5a8dm0yl3AlRjJrvbQJDIgAS8Qp8+XPnI="},"lastRemoteEphemeralKey":"BTsxkge0drEpETDNChDU8NjJp74NTOGHxEd7WFNktwEG","previousCounter":0,"rootKey":"iSwEzVs0upPxX2cYypKvyDsASLnb+/+HYHScY2ozsYM="},"indexInfo":{"baseKey":"Becj/HtG0RibNCYiYTDfPEQxCowUbR0zxGRdB6QMzXV9","baseKeyType":1,"closed":1756246579084,"used":1756246573821,"created":1756246573821,"remoteIdentityKey":"BRS9l06Xczr0mCHU6+VhR6PjCOw4x19HQRqOTAwH7mpv"},"_chains":{"BSE+Y5cq0Q+MJ6JbbupszxOfumQSLIiD1o8r6za5weFv":{"chainKey":{"counter":-1,"key":"NfPBxbDuWDTSp6rUtHOCSGvV8csu0LN5xgr4Wa5j5L0="},"chainType":1,"messageKeys":{}}},"pendingPreKey":{"signedKeyId":1,"baseKey":"Becj/HtG0RibNCYiYTDfPEQxCowUbR0zxGRdB6QMzXV9","preKeyId":1918}},"BbpzI2ZrVL3wsX38gVjL9aLMPHKD2GdbIztuP0dPV6oI":{"registrationId":101,"currentRatchet":{"ephemeralKeyPair":{"pubKey":"BcUQKUWWP8OSeQNh3XU8RHZqKQcEgCDf8TNrc/P9kDFo","privKey":"iOYQNQQJIAwCLRjC51Ys8SMmVcERJ8VXuakmEs58Vmw="},"lastRemoteEphemeralKey":"BTsxkge0drEpETDNChDU8NjJp74NTOGHxEd7WFNktwEG","previousCounter":0,"rootKey":"J7jcbjo8KK8KQYSNrTCbiYs3yjNGUdX4A5NRENnICBc="},"indexInfo":{"baseKey":"BbpzI2ZrVL3wsX38gVjL9aLMPHKD2GdbIztuP0dPV6oI","baseKeyType":1,"closed":1756246584352,"used":1756246579082,"created":1756246579082,"remoteIdentityKey":"BRS9l06Xczr0mCHU6+VhR6PjCOw4x19HQRqOTAwH7mpv"},"_chains":{"BcUQKUWWP8OSeQNh3XU8RHZqKQcEgCDf8TNrc/P9kDFo":{"chainKey":{"counter":-1,"key":"JfJ/4wx/5FJ6Q0WV+1i4PeihK7QKXh8JzdAv3mHmjdc="},"chainType":1,"messageKeys":{}}},"pendingPreKey":{"signedKeyId":1,"baseKey":"BbpzI2ZrVL3wsX38gVjL9aLMPHKD2GdbIztuP0dPV6oI","preKeyId":1924}},"BYmx6oiBJ2YVQrNQ6iBoHejG0JpFjPT0TRzu1o4wIrR0":{"registrationId":101,"currentRatchet":{"ephemeralKeyPair":{"pubKey":"BV4vE39LpukXM//FyjTrE85ccOTq7PKFG4b71FglP1lk","privKey":"kA1eF2hgoDJfRyYRmGHAo81OdEkcbKrKwZZ3z5tt5X0="},"lastRemoteEphemeralKey":"BTsxkge0drEpETDNChDU8NjJp74NTOGHxEd7WFNktwEG","previousCounter":0,"rootKey":"M6YUq7eCjlc2kbBR5WDRViB1AYgudq9F/TCuLcaI6Wc="},"indexInfo":{"baseKey":"BYmx6oiBJ2YVQrNQ6iBoHejG0JpFjPT0TRzu1o4wIrR0","baseKeyType":1,"closed":1756246589604,"used":1756246584351,"created":1756246584351,"remoteIdentityKey":"BRS9l06Xczr0mCHU6+VhR6PjCOw4x19HQRqOTAwH7mpv"},"_chains":{"BV4vE39LpukXM//FyjTrE85ccOTq7PKFG4b71FglP1lk":{"chainKey":{"counter":-1,"key":"8GWUy1B17hks/taV0Ntx4Pgfa1heuoCNu0JVLouwobw="},"chainType":1,"messageKeys":{}}},"pendingPreKey":{"signedKeyId":1,"baseKey":"BYmx6oiBJ2YVQrNQ6iBoHejG0JpFjPT0TRzu1o4wIrR0","preKeyId":1916}},"BUMEq6kGlrErlFCv/sjunk0SsjD9mZ3rwgjLgqWGReow":{"registrationId":101,"currentRatchet":{"ephemeralKeyPair":{"pubKey":"BYf2cz2L0tr+bh88jJp6Rjl7W11YI7oosPehGTChiYx8","privKey":"WOo9U7p8xp6uqMfRW7zjiFyti1SA0pAsBhp1bEs9vn0="},"lastRemoteEphemeralKey":"BTsxkge0drEpETDNChDU8NjJp74NTOGHxEd7WFNktwEG","previousCounter":0,"rootKey":"pgqMbWQytVI8OTsC4Uthm9QlBwP6gSNFKAW+TYweuP4="},"indexInfo":{"baseKey":"BUMEq6kGlrErlFCv/sjunk0SsjD9mZ3rwgjLgqWGReow","baseKeyType":1,"closed":1756250188025,"used":1756246589603,"created":1756246589603,"remoteIdentityKey":"BRS9l06Xczr0mCHU6+VhR6PjCOw4x19HQRqOTAwH7mpv"},"_chains":{"BYf2cz2L0tr+bh88jJp6Rjl7W11YI7oosPehGTChiYx8":{"chainKey":{"counter":0,"key":"vrw5jGY1e2lcZQrRhhr1zzPMKr3vKUVVHf+B/xPhvII="},"chainType":1,"messageKeys":{}}},"pendingPreKey":{"signedKeyId":1,"baseKey":"BUMEq6kGlrErlFCv/sjunk0SsjD9mZ3rwgjLgqWGReow","preKeyId":1928}},"BXCFyUCCpuh2lNlkGOjm88+q0MA3qEjnvRWO4IIi8cIS":{"registrationId":101,"currentRatchet":{"ephemeralKeyPair":{"pubKey":"BUVsNcIrc8FySOUvNebxDCb3/+pCyJbWAu575WIp5Nwq","privKey":"0PWiygZygOwnOy8lNvTaqPGdFZfAk729ccKsyuyS7WQ="},"lastRemoteEphemeralKey":"BTsxkge0drEpETDNChDU8NjJp74NTOGHxEd7WFNktwEG","previousCounter":0,"rootKey":"ls1fmMr0RmBfd8/El/+SUsKAcKLgg7BrSzusygFgMZk="},"indexInfo":{"baseKey":"BXCFyUCCpuh2lNlkGOjm88+q0MA3qEjnvRWO4IIi8cIS","baseKeyType":1,"closed":1756250193285,"used":1756250188023,"created":1756250188023,"remoteIdentityKey":"BRS9l06Xczr0mCHU6+VhR6PjCOw4x19HQRqOTAwH7mpv"},"_chains":{"BUVsNcIrc8FySOUvNebxDCb3/+pCyJbWAu575WIp5Nwq":{"chainKey":{"counter":-1,"key":"YOA0GjtSk5rP5jZun9ohbtbshCnlN7NlqV+R1R1h8Fo="},"chainType":1,"messageKeys":{}}},"pendingPreKey":{"signedKeyId":1,"baseKey":"BXCFyUCCpuh2lNlkGOjm88+q0MA3qEjnvRWO4IIi8cIS"}},"BfuTD7UFc0SH2ap16DyqwUghsUYg6I57HZMegZwEiPEB":{"registrationId":101,"currentRatchet":{"ephemeralKeyPair":{"pubKey":"BY8aNqdm2CWxhmmbcI0m+DrGKLDPKQQfY+g3Ij/OOBlO","privKey":"MLFwcFEYDZEYm3b+uyDHE1AVHFkikNds14YaP1KAwG4="},"lastRemoteEphemeralKey":"BTsxkge0drEpETDNChDU8NjJp74NTOGHxEd7WFNktwEG","previousCounter":0,"rootKey":"Ca7tmB0yRuLeqtXoqpr63ZAgGbrLbcboHpcH8qdnYHY="},"indexInfo":{"baseKey":"BfuTD7UFc0SH2ap16DyqwUghsUYg6I57HZMegZwEiPEB","baseKeyType":1,"closed":1756260233933,"used":1756250193284,"created":1756250193284,"remoteIdentityKey":"BRS9l06Xczr0mCHU6+VhR6PjCOw4x19HQRqOTAwH7mpv"},"_chains":{"BY8aNqdm2CWxhmmbcI0m+DrGKLDPKQQfY+g3Ij/OOBlO":{"chainKey":{"counter":2,"key":"YlL5nNQHp5wxvKG6hl5pEIQnf2D8Mm4EZjbtv2ba9vU="},"chainType":1,"messageKeys":{}}},"pendingPreKey":{"signedKeyId":1,"baseKey":"BfuTD7UFc0SH2ap16DyqwUghsUYg6I57HZMegZwEiPEB"}},"BSGbd8JHN7aHU5CE4JAmQq52h1T/Yf+Uwi1+wUwCNus0":{"registrationId":101,"currentRatchet":{"ephemeralKeyPair":{"pubKey":"BSSpm4HRSFD1T7u5dutxMHLJ8fXKf3zpBqDA6ZogGo8q","privKey":"MLmRB/c1APQcQj6UiVr6lwLOF0tqK36kh8S3zVi1gnI="},"lastRemoteEphemeralKey":"BTsxkge0drEpETDNChDU8NjJp74NTOGHxEd7WFNktwEG","previousCounter":0,"rootKey":"/r6BfmaOU4fG1lgqjZ9M86UU41zm7FZorp4kapZhuCM="},"indexInfo":{"baseKey":"BSGbd8JHN7aHU5CE4JAmQq52h1T/Yf+Uwi1+wUwCNus0","baseKeyType":1,"closed":1756260239195,"used":1756260233930,"created":1756260233930,"remoteIdentityKey":"BRS9l06Xczr0mCHU6+VhR6PjCOw4x19HQRqOTAwH7mpv"},"_chains":{"BSSpm4HRSFD1T7u5dutxMHLJ8fXKf3zpBqDA6ZogGo8q":{"chainKey":{"counter":-1,"key":"Q5kEra0Tlto79Z1YI2aESeypeoKku8tKBgr72zLNHEA="},"chainType":1,"messageKeys":{}}},"pendingPreKey":{"signedKeyId":1,"baseKey":"BSGbd8JHN7aHU5CE4JAmQq52h1T/Yf+Uwi1+wUwCNus0"}},"BUAbrH+xXvnbapoVSByX7YK6lI8IOLe0H8L4SSNTMYI1":{"registrationId":101,"currentRatchet":{"ephemeralKeyPair":{"pubKey":"BbtUvBff1U8eHtWn+Nqsjt5U9IHAjtBEUrvyeS7b/mpc","privKey":"AHINNJt3+a1lJaKXK5wEMsf49eYpFgtLEWl/KaQumk4="},"lastRemoteEphemeralKey":"BTsxkge0drEpETDNChDU8NjJp74NTOGHxEd7WFNktwEG","previousCounter":0,"rootKey":"TRJ/cDfivx/bpCo3+f62kXdFbESgKrZgBXW6d1fjt9Y="},"indexInfo":{"baseKey":"BUAbrH+xXvnbapoVSByX7YK6lI8IOLe0H8L4SSNTMYI1","baseKeyType":1,"closed":1756260244451,"used":1756260239194,"created":1756260239194,"remoteIdentityKey":"BRS9l06Xczr0mCHU6+VhR6PjCOw4x19HQRqOTAwH7mpv"},"_chains":{"BbtUvBff1U8eHtWn+Nqsjt5U9IHAjtBEUrvyeS7b/mpc":{"chainKey":{"counter":-1,"key":"sVtA5V55vMM2IC2yI568nzN/NL1lW3np1xS7biPWuL0="},"chainType":1,"messageKeys":{}}},"pendingPreKey":{"signedKeyId":1,"baseKey":"BUAbrH+xXvnbapoVSByX7YK6lI8IOLe0H8L4SSNTMYI1"}},"Bb2GZACIvnmykTahGfcpe66D6+w6flDTNFs/ZjLiZjB/":{"registrationId":101,"currentRatchet":{"ephemeralKeyPair":{"pubKey":"BbM1rqXnMZPTTJZvFwU4g5Z3UgOIeDpQFLGyAXntkulr","privKey":"EPvlxsxDtuwM5ryZxe1EBgzXeIR6AINSr2tjNMvNKko="},"lastRemoteEphemeralKey":"BTsxkge0drEpETDNChDU8NjJp74NTOGHxEd7WFNktwEG","previousCounter":0,"rootKey":"UdLBq52dQs7DhnkGXp04JwExdI3iV2mrHpy2QISDDto="},"indexInfo":{"baseKey":"Bb2GZACIvnmykTahGfcpe66D6+w6flDTNFs/ZjLiZjB/","baseKeyType":1,"closed":1756376992644,"used":1756260244449,"created":1756260244449,"remoteIdentityKey":"BRS9l06Xczr0mCHU6+VhR6PjCOw4x19HQRqOTAwH7mpv"},"_chains":{"BbM1rqXnMZPTTJZvFwU4g5Z3UgOIeDpQFLGyAXntkulr":{"chainKey":{"counter":4,"key":"8HEuKvkztlChNU6yJA+iWLvBCbN+OTdGvAsPAlsoogc="},"chainType":1,"messageKeys":{}}},"pendingPreKey":{"signedKeyId":1,"baseKey":"Bb2GZACIvnmykTahGfcpe66D6+w6flDTNFs/ZjLiZjB/"}},"BfuPFcnt9zeX4jT2SloZfOO7SiuDxBvScxwVoEHXCJUf":{"registrationId":101,"currentRatchet":{"ephemeralKeyPair":{"pubKey":"BbO5cl4VAY3J/1I3NkUphHKbOO0hUD1spefwYjZvNzgg","privKey":"MElVb5BiVOFZxkKsjiCjKDZNfR6ApsbPAWrIzWvfxmY="},"lastRemoteEphemeralKey":"BTsxkge0drEpETDNChDU8NjJp74NTOGHxEd7WFNktwEG","previousCounter":0,"rootKey":"eIubIBq35C9od1Zc8KgmLy+eEcLDuQvgfFYrMvZM+AQ="},"indexInfo":{"baseKey":"BfuPFcnt9zeX4jT2SloZfOO7SiuDxBvScxwVoEHXCJUf","baseKeyType":1,"closed":1756397600558,"used":1756376992636,"created":1756376992636,"remoteIdentityKey":"BRS9l06Xczr0mCHU6+VhR6PjCOw4x19HQRqOTAwH7mpv"},"_chains":{"BbO5cl4VAY3J/1I3NkUphHKbOO0hUD1spefwYjZvNzgg":{"chainKey":{"counter":0,"key":"PS3KthLyPI/UNs4+TPCAvk+KTBbeyFWyEXhwBPHDj/4="},"chainType":1,"messageKeys":{}}},"pendingPreKey":{"signedKeyId":1,"baseKey":"BfuPFcnt9zeX4jT2SloZfOO7SiuDxBvScxwVoEHXCJUf"}},"BThni9NFUG5v/2zeLTe5j0PpJAI2UdEa8urprrChgZcz":{"registrationId":101,"currentRatchet":{"ephemeralKeyPair":{"pubKey":"BZY0un/5Z/5+Vh13e5hxFrK4fgGBuYqAaHZLVxmsy/kB","privKey":"kF3j2WM2ri37QUdFSXX88jaDiMdolUov4LYpc6yY0FE="},"lastRemoteEphemeralKey":"BTsxkge0drEpETDNChDU8NjJp74NTOGHxEd7WFNktwEG","previousCounter":0,"rootKey":"oHrgFLfWa6Mwse9fytf3H7J6tW/bfNRgFLInDGZeR2I="},"indexInfo":{"baseKey":"BThni9NFUG5v/2zeLTe5j0PpJAI2UdEa8urprrChgZcz","baseKeyType":1,"closed":1756425901238,"used":1756397600553,"created":1756397600553,"remoteIdentityKey":"BRS9l06Xczr0mCHU6+VhR6PjCOw4x19HQRqOTAwH7mpv"},"_chains":{"BZY0un/5Z/5+Vh13e5hxFrK4fgGBuYqAaHZLVxmsy/kB":{"chainKey":{"counter":0,"key":"5b08qfW8yVDv1/UGuYd7z4W1XnnDIc/HdOTXCNESiaU="},"chainType":1,"messageKeys":{}}},"pendingPreKey":{"signedKeyId":1,"baseKey":"BThni9NFUG5v/2zeLTe5j0PpJAI2UdEa8urprrChgZcz"}},"BcwHwL0Opho2tlly4iDqnDwYo9UQxQt4acwmaBQO5Bd3":{"registrationId":101,"currentRatchet":{"ephemeralKeyPair":{"pubKey":"BXsI8s+xafTcOgMXW1xMtKYH71my3KK45hi5cuhm+1Jp","privKey":"YCMd/YTGyLnYe5Uiqw2bKuoknFN79ST3F3jyJq4ZJHQ="},"lastRemoteEphemeralKey":"BTsxkge0drEpETDNChDU8NjJp74NTOGHxEd7WFNktwEG","previousCounter":0,"rootKey":"4sk2u8VMACZAGaR9Yie7aZz+ctPa0IUHgPmCGISfRrw="},"indexInfo":{"baseKey":"BcwHwL0Opho2tlly4iDqnDwYo9UQxQt4acwmaBQO5Bd3","baseKeyType":1,"closed":1756456245112,"used":1756425901228,"created":1756425901228,"remoteIdentityKey":"BRS9l06Xczr0mCHU6+VhR6PjCOw4x19HQRqOTAwH7mpv"},"_chains":{"BXsI8s+xafTcOgMXW1xMtKYH71my3KK45hi5cuhm+1Jp":{"chainKey":{"counter":0,"key":"B7dK9aisG0EzyEGvrNcu6++sJ+Ww/bPd3SWjv+hfmm4="},"chainType":1,"messageKeys":{}}},"pendingPreKey":{"signedKeyId":1,"baseKey":"BcwHwL0Opho2tlly4iDqnDwYo9UQxQt4acwmaBQO5Bd3"}},"BfTNZG0CaF1dYziKiPjyGzXDIN0BSg5s2IP6j9wJrrU6":{"registrationId":101,"currentRatchet":{"ephemeralKeyPair":{"pubKey":"BWuc6m2a2nC0gylvfqWTIV/vSaV7g6zzB1RVk2FZ/JMY","privKey":"CGvwAyp1c5o2vbZTM2xHuGh7JaWVNitjI555TCJyc3M="},"lastRemoteEphemeralKey":"BTsxkge0drEpETDNChDU8NjJp74NTOGHxEd7WFNktwEG","previousCounter":0,"rootKey":"aBo9/qM5EbxjHRdYpkMLoiicCQQUivixgr+JV7jhyb4="},"indexInfo":{"baseKey":"BfTNZG0CaF1dYziKiPjyGzXDIN0BSg5s2IP6j9wJrrU6","baseKeyType":1,"closed":1756456250353,"used":1756456245107,"created":1756456245107,"remoteIdentityKey":"BRS9l06Xczr0mCHU6+VhR6PjCOw4x19HQRqOTAwH7mpv"},"_chains":{"BWuc6m2a2nC0gylvfqWTIV/vSaV7g6zzB1RVk2FZ/JMY":{"chainKey":{"counter":-1,"key":"y3QHG17hvI2aRjvvqh/hfevljVNxiNRBTVx2ZgBErZ4="},"chainType":1,"messageKeys":{}}},"pendingPreKey":{"signedKeyId":1,"baseKey":"BfTNZG0CaF1dYziKiPjyGzXDIN0BSg5s2IP6j9wJrrU6"}},"BZoyf+9kqeQaEmXm/7NHlc0JVS9w3/PjJT11bNZmf3NZ":{"registrationId":101,"currentRatchet":{"ephemeralKeyPair":{"pubKey":"BYC7nDTSOeY3M4iMa0w/PWNh/OOg/+mUMSDSHm5dhFpF","privKey":"AHledb92BHuMJViHQ6WDUUee3BmQiXgq1O60eqEsn0U="},"lastRemoteEphemeralKey":"BTsxkge0drEpETDNChDU8NjJp74NTOGHxEd7WFNktwEG","previousCounter":0,"rootKey":"XH35qX4anA8cHnMIvn+ZJPVZVAt3F9W3b42k7e795Ps="},"indexInfo":{"baseKey":"BZoyf+9kqeQaEmXm/7NHlc0JVS9w3/PjJT11bNZmf3NZ","baseKeyType":1,"closed":1756539839698,"used":1756456250351,"created":1756456250351,"remoteIdentityKey":"BRS9l06Xczr0mCHU6+VhR6PjCOw4x19HQRqOTAwH7mpv"},"_chains":{"BYC7nDTSOeY3M4iMa0w/PWNh/OOg/+mUMSDSHm5dhFpF":{"chainKey":{"counter":0,"key":"zHPw3DZahN+bMGWt4b7G86Jdn7P+y8iSPeKJy6y7GGk="},"chainType":1,"messageKeys":{}}},"pendingPreKey":{"signedKeyId":1,"baseKey":"BZoyf+9kqeQaEmXm/7NHlc0JVS9w3/PjJT11bNZmf3NZ"}},"BaGK/PMnfa5PS1Fs0V20oUz00mAAnyCHQjAGyd+Olfga":{"registrationId":101,"currentRatchet":{"ephemeralKeyPair":{"pubKey":"BSgiwTN055qzop4VDyQ29Hg1hiQAC7WlGnhXcQMUqglu","privKey":"cHfyvDSkC7qVdzTX0YL3cAjhcd8Cfrq/D7lgIqHwrGU="},"lastRemoteEphemeralKey":"BTsxkge0drEpETDNChDU8NjJp74NTOGHxEd7WFNktwEG","previousCounter":0,"rootKey":"lO46szbsQSYWFajxFHlMV+ANJ5Y6Yfz6kvqrWl5CvHQ="},"indexInfo":{"baseKey":"BaGK/PMnfa5PS1Fs0V20oUz00mAAnyCHQjAGyd+Olfga","baseKeyType":1,"closed":-1,"used":1756539839665,"created":1756539839665,"remoteIdentityKey":"BRS9l06Xczr0mCHU6+VhR6PjCOw4x19HQRqOTAwH7mpv"},"_chains":{"BSgiwTN055qzop4VDyQ29Hg1hiQAC7WlGnhXcQMUqglu":{"chainKey":{"counter":1,"key":"x1oRgMSo/lb3s6hEZkah4ZknkRlW/3Vc91MvSmP+vY8="},"chainType":1,"messageKeys":{}}},"pendingPreKey":{"signedKeyId":1,"baseKey":"BaGK/PMnfa5PS1Fs0V20oUz00mAAnyCHQjAGyd+Olfga"}}},"version":"v1"}