{"_sessions":{"BdyL2WPHbMIPZCWbpu085Sr5XWau7p4My/j8ZFYw3yYU":{"registrationId":980642592,"currentRatchet":{"ephemeralKeyPair":{"pubKey":"BZoN6OQ5S6uT2KuCM28iIpLilkF5Q8scg1B+Gx7XyBtM","privKey":"6HkFD8jHmOHjGcsFlQTHnw5g0Gk0VdZgS9nfVuWyqkw="},"lastRemoteEphemeralKey":"BX3PqgaRTGhbYFrlJQLKOlp9z+lNbxDYO+GtU+KwMAgn","previousCounter":0,"rootKey":"58CuVqYfI00KRYQl3GBeJcAE93oYKnt/MVDFpaNV1cY="},"indexInfo":{"baseKey":"BdyL2WPHbMIPZCWbpu085Sr5XWau7p4My/j8ZFYw3yYU","baseKeyType":1,"closed":1755624346903,"used":1755507316971,"created":1755507316971,"remoteIdentityKey":"Be5+IFSlAigbaz51jLJd4iHNFD1nr6bUiE4iXQ5Osnsn"},"_chains":{"BZoN6OQ5S6uT2KuCM28iIpLilkF5Q8scg1B+Gx7XyBtM":{"chainKey":{"counter":28,"key":"xkP6oYD5ejIR60yR1FjPef17psjupCBrT3kAx8A0QVA="},"chainType":1,"messageKeys":{}}},"pendingPreKey":{"signedKeyId":1,"baseKey":"BdyL2WPHbMIPZCWbpu085Sr5XWau7p4My/j8ZFYw3yYU","preKeyId":6907}},"BY8m5925h+Xhf5h/xQi7M/h6fJw5LF9XWOu1xhsJEqIp":{"registrationId":980642592,"currentRatchet":{"ephemeralKeyPair":{"pubKey":"BW64HhVMwR70c72de9AwNvtZTwN3pa9tfuu05WnpxFcR","privKey":"EC7hhocbvwVo3UueMoANw4rL3At9A4Pjo0wHKMKJgUY="},"lastRemoteEphemeralKey":"BX3PqgaRTGhbYFrlJQLKOlp9z+lNbxDYO+GtU+KwMAgn","previousCounter":0,"rootKey":"tXv/UdSSZYAV2d8XwB0VCZjHQRX7YyuTuXh0ISghhUw="},"indexInfo":{"baseKey":"BY8m5925h+Xhf5h/xQi7M/h6fJw5LF9XWOu1xhsJEqIp","baseKeyType":1,"closed":1755624347202,"used":1755624346901,"created":1755624346901,"remoteIdentityKey":"Be5+IFSlAigbaz51jLJd4iHNFD1nr6bUiE4iXQ5Osnsn"},"_chains":{"BW64HhVMwR70c72de9AwNvtZTwN3pa9tfuu05WnpxFcR":{"chainKey":{"counter":-1,"key":"auhKLtC8Aku9zWPA8jJ2UV9MMom09K0glE7+LJJ6vrI="},"chainType":1,"messageKeys":{}}},"pendingPreKey":{"signedKeyId":1,"baseKey":"BY8m5925h+Xhf5h/xQi7M/h6fJw5LF9XWOu1xhsJEqIp","preKeyId":10540}},"BW9LshU4O2/yaMSrKQagoM0eu3Uf5ndlDkuf5th8fwFx":{"registrationId":980642592,"currentRatchet":{"ephemeralKeyPair":{"pubKey":"BeUbNdy2orRDDLO5wGBwa0xHTzF9BECw/51LVgG6d8d0","privKey":"oPNBadN9igDdNb47GF12Rir6m+EM/sKWnPB8CGHlh14="},"lastRemoteEphemeralKey":"BX3PqgaRTGhbYFrlJQLKOlp9z+lNbxDYO+GtU+KwMAgn","previousCounter":0,"rootKey":"jHGY6Pz94sCyUF+eLNTP7R9cLwe58o9AG3g5wJU4xJ8="},"indexInfo":{"baseKey":"BW9LshU4O2/yaMSrKQagoM0eu3Uf5ndlDkuf5th8fwFx","baseKeyType":1,"closed":1755624347499,"used":1755624347201,"created":1755624347201,"remoteIdentityKey":"Be5+IFSlAigbaz51jLJd4iHNFD1nr6bUiE4iXQ5Osnsn"},"_chains":{"BeUbNdy2orRDDLO5wGBwa0xHTzF9BECw/51LVgG6d8d0":{"chainKey":{"counter":-1,"key":"cwTcQokEuV+2Zb29VVGW9wOffvpqX+hCT6kn1IOYSao="},"chainType":1,"messageKeys":{}}},"pendingPreKey":{"signedKeyId":1,"baseKey":"BW9LshU4O2/yaMSrKQagoM0eu3Uf5ndlDkuf5th8fwFx","preKeyId":10877}},"BVmJPDO5r6RTQWX1Quk4w+ZC+cJS0E3tgJL1hl3uKCI9":{"registrationId":980642592,"currentRatchet":{"ephemeralKeyPair":{"pubKey":"BZ4Snjsw/Ja0ZYUQMNxNW4dzbJecQXpfzQ+NdDgjmeU0","privKey":"AOwjHlJ4hQs9hl/ziWCq+t63ni9WfarUHDUIGCJgQGM="},"lastRemoteEphemeralKey":"BX3PqgaRTGhbYFrlJQLKOlp9z+lNbxDYO+GtU+KwMAgn","previousCounter":0,"rootKey":"LOl0UhRK+nC5OU5lKIrfJpUjj2btgCYAk0HwuszDom0="},"indexInfo":{"baseKey":"BVmJPDO5r6RTQWX1Quk4w+ZC+cJS0E3tgJL1hl3uKCI9","baseKeyType":1,"closed":1755624347796,"used":1755624347497,"created":1755624347497,"remoteIdentityKey":"Be5+IFSlAigbaz51jLJd4iHNFD1nr6bUiE4iXQ5Osnsn"},"_chains":{"BZ4Snjsw/Ja0ZYUQMNxNW4dzbJecQXpfzQ+NdDgjmeU0":{"chainKey":{"counter":-1,"key":"IDjw1Oa6lIJAoOpb4AUmOnQn8zBzRdqDt4WROqpbivE="},"chainType":1,"messageKeys":{}}},"pendingPreKey":{"signedKeyId":1,"baseKey":"BVmJPDO5r6RTQWX1Quk4w+ZC+cJS0E3tgJL1hl3uKCI9","preKeyId":10523}},"BYeMfsrTj3yofR+GbsFoHLc1U8BOsfXuZYLx18MG8nUO":{"registrationId":980642592,"currentRatchet":{"ephemeralKeyPair":{"pubKey":"BeWFYgyrkSdyu5JLvgZHIEbuFFK9R/BQTbkHnsV/eMNV","privKey":"6GgBuwmpKdaqtBQPIL5Qe4F2HcN2YRIlwXLYy4ET5l8="},"lastRemoteEphemeralKey":"BX3PqgaRTGhbYFrlJQLKOlp9z+lNbxDYO+GtU+KwMAgn","previousCounter":0,"rootKey":"4ZX6dcCV0vVdzWfwuwGRggSD8ePa3i98TA5+C3KsTmI="},"indexInfo":{"baseKey":"BYeMfsrTj3yofR+GbsFoHLc1U8BOsfXuZYLx18MG8nUO","baseKeyType":1,"closed":1755624348087,"used":1755624347793,"created":1755624347793,"remoteIdentityKey":"Be5+IFSlAigbaz51jLJd4iHNFD1nr6bUiE4iXQ5Osnsn"},"_chains":{"BeWFYgyrkSdyu5JLvgZHIEbuFFK9R/BQTbkHnsV/eMNV":{"chainKey":{"counter":-1,"key":"opDav9qUzA02jiMCnKN57l6D2Tk75z1+LsMcNsCh4Vo="},"chainType":1,"messageKeys":{}}},"pendingPreKey":{"signedKeyId":1,"baseKey":"BYeMfsrTj3yofR+GbsFoHLc1U8BOsfXuZYLx18MG8nUO","preKeyId":10888}},"BQ+AdnIEnyNkiHyK7d+a1izw7ps5QpA9sO+Ni/7NH3RX":{"registrationId":980642592,"currentRatchet":{"ephemeralKeyPair":{"pubKey":"BQMZApInsv30GSx+lJbThu5opqA1FSpI9mB/KXPNuN5N","privKey":"eA3t3djMqjAG59a+hV4C0eKSrjz8pWfySBvMk8Buyks="},"lastRemoteEphemeralKey":"BX3PqgaRTGhbYFrlJQLKOlp9z+lNbxDYO+GtU+KwMAgn","previousCounter":0,"rootKey":"Osnw9p/J0fiKLQ3SzlD/PTU5bZIvOHs+oAtDzPJwt/w="},"indexInfo":{"baseKey":"BQ+AdnIEnyNkiHyK7d+a1izw7ps5QpA9sO+Ni/7NH3RX","baseKeyType":1,"closed":1755624348381,"used":1755624348086,"created":1755624348086,"remoteIdentityKey":"Be5+IFSlAigbaz51jLJd4iHNFD1nr6bUiE4iXQ5Osnsn"},"_chains":{"BQMZApInsv30GSx+lJbThu5opqA1FSpI9mB/KXPNuN5N":{"chainKey":{"counter":-1,"key":"EQcPz8sUqvIR7ijJGsHcN80pVXLrM/qtEuCymrTfurI="},"chainType":1,"messageKeys":{}}},"pendingPreKey":{"signedKeyId":1,"baseKey":"BQ+AdnIEnyNkiHyK7d+a1izw7ps5QpA9sO+Ni/7NH3RX","preKeyId":10557}},"BSKbOmt3xnBEZv/b7Kcy+6Vmm/bVyJYCU48KNgmWO/Uh":{"registrationId":980642592,"currentRatchet":{"ephemeralKeyPair":{"pubKey":"BZjNDY+Pi3huOOI001K1MWabQsjAs8wUzlWEcYqEgHBY","privKey":"OKZ7bEObyRB/txPbR73fL+UdEpX+JyQ+tKgFXKX8kns="},"lastRemoteEphemeralKey":"BX3PqgaRTGhbYFrlJQLKOlp9z+lNbxDYO+GtU+KwMAgn","previousCounter":0,"rootKey":"AnAq6ENNzEQlvvcukeJDfzpeSrNg4X1+JbdXOU6JV9w="},"indexInfo":{"baseKey":"BSKbOmt3xnBEZv/b7Kcy+6Vmm/bVyJYCU48KNgmWO/Uh","baseKeyType":1,"closed":1755624348675,"used":1755624348379,"created":1755624348379,"remoteIdentityKey":"Be5+IFSlAigbaz51jLJd4iHNFD1nr6bUiE4iXQ5Osnsn"},"_chains":{"BZjNDY+Pi3huOOI001K1MWabQsjAs8wUzlWEcYqEgHBY":{"chainKey":{"counter":-1,"key":"bYh12nYw9O4EHQFEO954o5XPzrSi3dBMqhnHeOs0WtQ="},"chainType":1,"messageKeys":{}}},"pendingPreKey":{"signedKeyId":1,"baseKey":"BSKbOmt3xnBEZv/b7Kcy+6Vmm/bVyJYCU48KNgmWO/Uh","preKeyId":10902}},"BbYcrxr0Isu8MZrZhWCjfGtDnStLs3kZrp4n6VWrm+0M":{"registrationId":980642592,"currentRatchet":{"ephemeralKeyPair":{"pubKey":"Bcnpd90/smR59iKr+xdaSWxrj9OrL9urkVtvCOReLqEo","privKey":"OCEpmt3sNRefMcyg1jHQ1JJoCmUjVWOQSrnBdZApy24="},"lastRemoteEphemeralKey":"BX3PqgaRTGhbYFrlJQLKOlp9z+lNbxDYO+GtU+KwMAgn","previousCounter":0,"rootKey":"3VlU/8DNgwYTltrompxPNTonF3UYPtZjQ56HNI7VXIA="},"indexInfo":{"baseKey":"BbYcrxr0Isu8MZrZhWCjfGtDnStLs3kZrp4n6VWrm+0M","baseKeyType":1,"closed":1755624348962,"used":1755624348673,"created":1755624348673,"remoteIdentityKey":"Be5+IFSlAigbaz51jLJd4iHNFD1nr6bUiE4iXQ5Osnsn"},"_chains":{"Bcnpd90/smR59iKr+xdaSWxrj9OrL9urkVtvCOReLqEo":{"chainKey":{"counter":-1,"key":"mFgrUbkx6T8ppDh48HFlbws4pck8l6Ka4/gXiOKRTQY="},"chainType":1,"messageKeys":{}}},"pendingPreKey":{"signedKeyId":1,"baseKey":"BbYcrxr0Isu8MZrZhWCjfGtDnStLs3kZrp4n6VWrm+0M","preKeyId":10576}},"BUvq3Cjn0RDT5AZwlmNVLIp0tuCDwDeiApiQKU0csCgD":{"registrationId":980642592,"currentRatchet":{"ephemeralKeyPair":{"pubKey":"Ba4a1u4RMlZnnjVkG0WSKQlOvuoeR53ZMefeaFB50PsG","privKey":"ID/5+1cHaQ/f4jtbMPDhFw1aVljCAUqF88AzLbBB314="},"lastRemoteEphemeralKey":"BX3PqgaRTGhbYFrlJQLKOlp9z+lNbxDYO+GtU+KwMAgn","previousCounter":0,"rootKey":"9Xe1x8UGRhocyLVug/abGmg7bu88evzwYGaPwmAmKRo="},"indexInfo":{"baseKey":"BUvq3Cjn0RDT5AZwlmNVLIp0tuCDwDeiApiQKU0csCgD","baseKeyType":1,"closed":1755624349249,"used":1755624348961,"created":1755624348961,"remoteIdentityKey":"Be5+IFSlAigbaz51jLJd4iHNFD1nr6bUiE4iXQ5Osnsn"},"_chains":{"Ba4a1u4RMlZnnjVkG0WSKQlOvuoeR53ZMefeaFB50PsG":{"chainKey":{"counter":-1,"key":"YvCPRWQGMgvfeHTlaBE5YavoQ7lSTAZJ9zwY+l1Wj+U="},"chainType":1,"messageKeys":{}}},"pendingPreKey":{"signedKeyId":1,"baseKey":"BUvq3Cjn0RDT5AZwlmNVLIp0tuCDwDeiApiQKU0csCgD","preKeyId":10910}},"Bf4nwn+3F/W6B0l0xaIYYBFOahTVWGygEGj7UPCm4/c7":{"registrationId":980642592,"currentRatchet":{"ephemeralKeyPair":{"pubKey":"Be9yAkyguMPe9G5CMHDT/xJGKuwXJ8knm95LrD30jms9","privKey":"kE5A1h/Xci4mu13JTDS+xKUY/jt3iGsBzZdX9rwtV3U="},"lastRemoteEphemeralKey":"BX3PqgaRTGhbYFrlJQLKOlp9z+lNbxDYO+GtU+KwMAgn","previousCounter":0,"rootKey":"zQCqDG2udzy0Te8rtz36sUzUyNFFlO0sDYCRYtbMMfY="},"indexInfo":{"baseKey":"Bf4nwn+3F/W6B0l0xaIYYBFOahTVWGygEGj7UPCm4/c7","baseKeyType":1,"closed":1755624349542,"used":1755624349245,"created":1755624349245,"remoteIdentityKey":"Be5+IFSlAigbaz51jLJd4iHNFD1nr6bUiE4iXQ5Osnsn"},"_chains":{"Be9yAkyguMPe9G5CMHDT/xJGKuwXJ8knm95LrD30jms9":{"chainKey":{"counter":-1,"key":"+joHKq6msZmqX+uY+++taVtEW24Bz2qB3MKcR61A59w="},"chainType":1,"messageKeys":{}}},"pendingPreKey":{"signedKeyId":1,"baseKey":"Bf4nwn+3F/W6B0l0xaIYYBFOahTVWGygEGj7UPCm4/c7","preKeyId":10545}},"BaYJin9AiicRNPSqXMuxo0xSjmQ3/tzqn64r3YHfhwhW":{"registrationId":980642592,"currentRatchet":{"ephemeralKeyPair":{"pubKey":"BTf7zQOlraI8Qdm3DSWdpmviFvBPh3zCE9ZIN5CTQW4s","privKey":"0PoWbLy35OX1eBOBuyagzrUXiX+BCgI6aEguSw3HsX8="},"lastRemoteEphemeralKey":"BX3PqgaRTGhbYFrlJQLKOlp9z+lNbxDYO+GtU+KwMAgn","previousCounter":0,"rootKey":"CYvXx0YV1Gp3vqpwrPjcg7k1IibjIiO+v21IjCZai7M="},"indexInfo":{"baseKey":"BaYJin9AiicRNPSqXMuxo0xSjmQ3/tzqn64r3YHfhwhW","baseKeyType":1,"closed":1755624349843,"used":1755624349540,"created":1755624349540,"remoteIdentityKey":"Be5+IFSlAigbaz51jLJd4iHNFD1nr6bUiE4iXQ5Osnsn"},"_chains":{"BTf7zQOlraI8Qdm3DSWdpmviFvBPh3zCE9ZIN5CTQW4s":{"chainKey":{"counter":-1,"key":"AgV7HSARgRC9bUSSHwG4xOK7tRBZmX8B7lLXMuOvIsg="},"chainType":1,"messageKeys":{}}},"pendingPreKey":{"signedKeyId":1,"baseKey":"BaYJin9AiicRNPSqXMuxo0xSjmQ3/tzqn64r3YHfhwhW","preKeyId":10521}},"BQAfbnBGBfNsvhqD7uJYNCIZGGJ4GVlf5h9dS8RBov5E":{"registrationId":980642592,"currentRatchet":{"ephemeralKeyPair":{"pubKey":"BbL6e2A5JQgwVtvYqKZRDwvkrbeNuzMtgrDJm++IO5Q4","privKey":"WOpJCo2h2fKJhQDw66IU7vWCNdx0RoGXBpU68SXwPVY="},"lastRemoteEphemeralKey":"BX3PqgaRTGhbYFrlJQLKOlp9z+lNbxDYO+GtU+KwMAgn","previousCounter":0,"rootKey":"NQ6aXTt3ZoKWryl2vmHUK21mufgxx391BTJiQQJxy18="},"indexInfo":{"baseKey":"BQAfbnBGBfNsvhqD7uJYNCIZGGJ4GVlf5h9dS8RBov5E","baseKeyType":1,"closed":1755624350144,"used":1755624349841,"created":1755624349841,"remoteIdentityKey":"Be5+IFSlAigbaz51jLJd4iHNFD1nr6bUiE4iXQ5Osnsn"},"_chains":{"BbL6e2A5JQgwVtvYqKZRDwvkrbeNuzMtgrDJm++IO5Q4":{"chainKey":{"counter":-1,"key":"rk9ob9lDeeKpI3Ozy9sEgPXk8ZAsik7JgmN+W2ZnCA0="},"chainType":1,"messageKeys":{}}},"pendingPreKey":{"signedKeyId":1,"baseKey":"BQAfbnBGBfNsvhqD7uJYNCIZGGJ4GVlf5h9dS8RBov5E","preKeyId":10583}},"BRtPYnsqLFvJUe+0b1OQS4IfUhtRtfuz5j53QOJ5+ydi":{"registrationId":980642592,"currentRatchet":{"ephemeralKeyPair":{"pubKey":"BfMNlju1BUdczGV7K3tAJYarLltZQYWuf/722I+A5u5d","privKey":"+OJbFpoQIcNoivqViUEEawqIJ5pLkrYcRxpHok3QvGM="},"lastRemoteEphemeralKey":"BX3PqgaRTGhbYFrlJQLKOlp9z+lNbxDYO+GtU+KwMAgn","previousCounter":0,"rootKey":"iv/E5u6ojI0aOhVraxVADTwC1CgcTRc7hp3DNOiMDNo="},"indexInfo":{"baseKey":"BRtPYnsqLFvJUe+0b1OQS4IfUhtRtfuz5j53QOJ5+ydi","baseKeyType":1,"closed":1755624494662,"used":1755624350142,"created":1755624350142,"remoteIdentityKey":"Be5+IFSlAigbaz51jLJd4iHNFD1nr6bUiE4iXQ5Osnsn"},"_chains":{"BfMNlju1BUdczGV7K3tAJYarLltZQYWuf/722I+A5u5d":{"chainKey":{"counter":-1,"key":"IWiZ/s3LlwX9mgmvLzj51s2pjDOzmBAmBsgT6LvP1BI="},"chainType":1,"messageKeys":{}}},"pendingPreKey":{"signedKeyId":1,"baseKey":"BRtPYnsqLFvJUe+0b1OQS4IfUhtRtfuz5j53QOJ5+ydi","preKeyId":10934}},"BQTAgtNuErugYOxf9gH18q/ByicpKgDs86Jl+asoWjMB":{"registrationId":980642592,"currentRatchet":{"ephemeralKeyPair":{"pubKey":"Bds5bzmv0u51TceUEtOSb+znuB3utq+T5dvmGGup3pkV","privKey":"8FqfOMzujdFOXryJyGPQK4Rf307p9WRUwYgzzhhqanQ="},"lastRemoteEphemeralKey":"BX3PqgaRTGhbYFrlJQLKOlp9z+lNbxDYO+GtU+KwMAgn","previousCounter":0,"rootKey":"FkYK0RbD2ihArEq9w8cayVfymmmnz5Jcxd+/0ZDA9x0="},"indexInfo":{"baseKey":"BQTAgtNuErugYOxf9gH18q/ByicpKgDs86Jl+asoWjMB","baseKeyType":1,"closed":1756043352433,"used":1755624494661,"created":1755624494661,"remoteIdentityKey":"Be5+IFSlAigbaz51jLJd4iHNFD1nr6bUiE4iXQ5Osnsn"},"_chains":{"Bds5bzmv0u51TceUEtOSb+znuB3utq+T5dvmGGup3pkV":{"chainKey":{"counter":12,"key":"CCnJMpZYv1CrnV3UruATt4egCy+PCL+nCodjANA8tYQ="},"chainType":1,"messageKeys":{}}},"pendingPreKey":{"signedKeyId":1,"baseKey":"BQTAgtNuErugYOxf9gH18q/ByicpKgDs86Jl+asoWjMB","preKeyId":10313}},"BSbUkpeQSlXrMnVRvRu3sYdk4JYwYmOqVGwnuLolMAJs":{"registrationId":980642592,"currentRatchet":{"ephemeralKeyPair":{"pubKey":"BY3Y6fJmqjM5h3/+H0mBr81SQHzLh7zxMZMlMLFLQ8YU","privKey":"0JD2tfFsUujKi8qZKyF9tRKXoYhceN5RfpbOQBcrfUg="},"lastRemoteEphemeralKey":"BX3PqgaRTGhbYFrlJQLKOlp9z+lNbxDYO+GtU+KwMAgn","previousCounter":0,"rootKey":"1G9xxFjFYPp/Upc4/r5eyGdLkVmqnnX/kKItY++DikE="},"indexInfo":{"baseKey":"BSbUkpeQSlXrMnVRvRu3sYdk4JYwYmOqVGwnuLolMAJs","baseKeyType":1,"closed":1756557030931,"used":1756043352426,"created":1756043352426,"remoteIdentityKey":"Be5+IFSlAigbaz51jLJd4iHNFD1nr6bUiE4iXQ5Osnsn"},"_chains":{"BY3Y6fJmqjM5h3/+H0mBr81SQHzLh7zxMZMlMLFLQ8YU":{"chainKey":{"counter":6,"key":"CmY9/A/+31SjJIf3H+J/ojv4E97VmjQldk+ZAa/Y+/8="},"chainType":1,"messageKeys":{}}},"pendingPreKey":{"signedKeyId":1,"baseKey":"BSbUkpeQSlXrMnVRvRu3sYdk4JYwYmOqVGwnuLolMAJs","preKeyId":12421}},"BUb1cexHqIca8ZUjSq4l0oA9unTkKySjYRARxIfoax9a":{"registrationId":980642592,"currentRatchet":{"ephemeralKeyPair":{"pubKey":"BXBuMhCcz9MUaBMTmz1FLXynbR8xTQCFQFWWq2gjvg5f","privKey":"yFDGg5Z4FO9DKm7Hbtnp35opZ/L0Qhl0XPN20uyMaGQ="},"lastRemoteEphemeralKey":"BXhjV03xasTJZzFlr0ro0fqcdHy3FX9tX/3DXl6+pD0D","previousCounter":0,"rootKey":"isuNZcCO8Z93eqsaMa3zOngHsELCK4LXQb1ySlvdzik="},"indexInfo":{"baseKey":"BUb1cexHqIca8ZUjSq4l0oA9unTkKySjYRARxIfoax9a","baseKeyType":1,"closed":1756557032779,"used":1756557030922,"created":1756557030922,"remoteIdentityKey":"Be5+IFSlAigbaz51jLJd4iHNFD1nr6bUiE4iXQ5Osnsn"},"_chains":{"BXBuMhCcz9MUaBMTmz1FLXynbR8xTQCFQFWWq2gjvg5f":{"chainKey":{"counter":-1,"key":"92DXfGqoX+A/Qzhc49Ux9/DT7tnsyL9ZcGLb8+dWDlA="},"chainType":1,"messageKeys":{}}},"pendingPreKey":{"signedKeyId":3,"baseKey":"BUb1cexHqIca8ZUjSq4l0oA9unTkKySjYRARxIfoax9a","preKeyId":13643}},"BVo7ayi75zCR9axYHBEjPmo++Coyde9WEU2W2ej8qiJA":{"registrationId":980642592,"currentRatchet":{"ephemeralKeyPair":{"pubKey":"BfsHnjYFHqZYtoaJBkM2yWDdD3rdllftNYT+NoEDEah8","privKey":"KBbG+9ZYK1QAYsSwWWtYqNSqLtr4uzD1z1kgK+r2/nU="},"lastRemoteEphemeralKey":"BXhjV03xasTJZzFlr0ro0fqcdHy3FX9tX/3DXl6+pD0D","previousCounter":0,"rootKey":"8pPnstMSVck7cMsTC5FFGLnwzS83ZCuIgkMHK/tHvdc="},"indexInfo":{"baseKey":"BVo7ayi75zCR9axYHBEjPmo++Coyde9WEU2W2ej8qiJA","baseKeyType":1,"closed":1756557041596,"used":1756557032776,"created":1756557032776,"remoteIdentityKey":"Be5+IFSlAigbaz51jLJd4iHNFD1nr6bUiE4iXQ5Osnsn"},"_chains":{"BfsHnjYFHqZYtoaJBkM2yWDdD3rdllftNYT+NoEDEah8":{"chainKey":{"counter":-1,"key":"CZypsFUgDzUcj9I8BjtOo06pAkQeBmD2fmGhzcy2jQI="},"chainType":1,"messageKeys":{}}},"pendingPreKey":{"signedKeyId":3,"baseKey":"BVo7ayi75zCR9axYHBEjPmo++Coyde9WEU2W2ej8qiJA","preKeyId":12980}},"BZrRsiLU8Q/W0s7E4KPjhUqVtgp0DVTHNuDDMitXDHk7":{"registrationId":980642592,"currentRatchet":{"ephemeralKeyPair":{"pubKey":"BVNKgQZcdwe/nlgc6eiF+xuoS0k61G5lG9D0oUH0yNIG","privKey":"6PZ6Zl8SXAP+24DY6cwcqNGV3wE4c/+JOk/X7fXKKlg="},"lastRemoteEphemeralKey":"BXhjV03xasTJZzFlr0ro0fqcdHy3FX9tX/3DXl6+pD0D","previousCounter":0,"rootKey":"VLCs1cIdD7mrQZZgDqUbxXTlCTaxE2DVOQLQt1mlRt8="},"indexInfo":{"baseKey":"BZrRsiLU8Q/W0s7E4KPjhUqVtgp0DVTHNuDDMitXDHk7","baseKeyType":1,"closed":1756557056117,"used":1756557041594,"created":1756557041594,"remoteIdentityKey":"Be5+IFSlAigbaz51jLJd4iHNFD1nr6bUiE4iXQ5Osnsn"},"_chains":{"BVNKgQZcdwe/nlgc6eiF+xuoS0k61G5lG9D0oUH0yNIG":{"chainKey":{"counter":-1,"key":"KEDyu724PFl0AXW6JQqd2xfgSXWTyuslakFKUAri4iY="},"chainType":1,"messageKeys":{}}},"pendingPreKey":{"signedKeyId":3,"baseKey":"BZrRsiLU8Q/W0s7E4KPjhUqVtgp0DVTHNuDDMitXDHk7","preKeyId":12967}},"BYrB5EIIlRdcCGnWNKmkbxOWAduGgtapM5OVHnQv55ED":{"registrationId":980642592,"currentRatchet":{"ephemeralKeyPair":{"pubKey":"BXU8+geisCrth+UsA9hT4ORFoL5ozXIKHdZhk6+wFsIT","privKey":"yII7FAtwTA7xB8TRogrbHUpXVghrvpQN7bk6eRD9lGI="},"lastRemoteEphemeralKey":"BXhjV03xasTJZzFlr0ro0fqcdHy3FX9tX/3DXl6+pD0D","previousCounter":0,"rootKey":"WVZtE+Ek0+WQJb2XT59ttds44CCet07wFtn1W83lrP0="},"indexInfo":{"baseKey":"BYrB5EIIlRdcCGnWNKmkbxOWAduGgtapM5OVHnQv55ED","baseKeyType":1,"closed":1756557119392,"used":1756557056114,"created":1756557056114,"remoteIdentityKey":"Be5+IFSlAigbaz51jLJd4iHNFD1nr6bUiE4iXQ5Osnsn"},"_chains":{"BXU8+geisCrth+UsA9hT4ORFoL5ozXIKHdZhk6+wFsIT":{"chainKey":{"counter":-1,"key":"2do3W00idOgDDtsJf3ilpotY9hHyjz4iqBQ6Xtv4+po="},"chainType":1,"messageKeys":{}}},"pendingPreKey":{"signedKeyId":3,"baseKey":"BYrB5EIIlRdcCGnWNKmkbxOWAduGgtapM5OVHnQv55ED","preKeyId":13600}},"BdikVO6wmoS1fpfD8RPjelsMXWqzRXecsD0Mx/5Ev+cJ":{"registrationId":980642592,"currentRatchet":{"ephemeralKeyPair":{"pubKey":"Bb56+4TKZvmhEUAAZX6VncEUWP4jUJITG4Z4GSycEK1u","privKey":"KOvV/h7z0u7+Ln3gOOwkZwBKsO5NNCiz13jZfeZEsWk="},"lastRemoteEphemeralKey":"BXhjV03xasTJZzFlr0ro0fqcdHy3FX9tX/3DXl6+pD0D","previousCounter":0,"rootKey":"R80jZVvEeUZUULx1/A9kyZV5s+2TlNcvBfN2nuszfn4="},"indexInfo":{"baseKey":"BdikVO6wmoS1fpfD8RPjelsMXWqzRXecsD0Mx/5Ev+cJ","baseKeyType":1,"closed":-1,"used":1756557119390,"created":1756557119390,"remoteIdentityKey":"Be5+IFSlAigbaz51jLJd4iHNFD1nr6bUiE4iXQ5Osnsn"},"_chains":{"Bb56+4TKZvmhEUAAZX6VncEUWP4jUJITG4Z4GSycEK1u":{"chainKey":{"counter":-1,"key":"xMf1Ju06FNn8KCRgI6RFfVA7DH4wx0btBkB+xYMxro4="},"chainType":1,"messageKeys":{}}},"pendingPreKey":{"signedKeyId":3,"baseKey":"BdikVO6wmoS1fpfD8RPjelsMXWqzRXecsD0Mx/5Ev+cJ","preKeyId":13198}}},"version":"v1"}