{"_sessions":{"BdLLJzA0ucljgUb7EpwotuDFMEReIIwc5NAljJ7quH8Z":{"registrationId":26,"currentRatchet":{"ephemeralKeyPair":{"pubKey":"Bd8QNvPmVqTOqlJZ8hJ9sMXIEsT4BV3v0DCNVCCzrLIy","privKey":"yOj3a5hVmB7ngQ2O4DKSCbZyqm0QD8Xzb5xBwYCX8kE="},"lastRemoteEphemeralKey":"Be4ymP03nUmPt8PG3ft2JkWSl/MmreQJmK8uJKGFaz5C","previousCounter":0,"rootKey":"eUGRAiqMmS1j3VwJmp776TFNBOzDCkOzCdtcx6gQtFY="},"indexInfo":{"baseKey":"BdLLJzA0ucljgUb7EpwotuDFMEReIIwc5NAljJ7quH8Z","baseKeyType":1,"closed":-1,"used":1755906325407,"created":1755882013839,"remoteIdentityKey":"BUGn+UFmkr6C3R1aZ+Te5GcnjPuSAOd/1K2ygBOqVKRA"},"_chains":{"Be4ymP03nUmPt8PG3ft2JkWSl/MmreQJmK8uJKGFaz5C":{"chainKey":{"counter":0,"key":"MPK+DJiLr5/K6JyWxqorMaAremeFjm4AylX+6okv190="},"chainType":2,"messageKeys":{}},"Bd8QNvPmVqTOqlJZ8hJ9sMXIEsT4BV3v0DCNVCCzrLIy":{"chainKey":{"counter":-1,"key":"hrT/buGKRcNnvrm2mQAXG35hnH322/SNkNZSIWQP6TM="},"chainType":1,"messageKeys":{}}}}},"version":"v1"}