{"_sessions":{"BZ9sUZ9RQiei9Ke3HqQiz1YrcBZskmzFeC2HBuf3zxlw":{"registrationId":743103216,"currentRatchet":{"ephemeralKeyPair":{"pubKey":"BXzp2NvA93gyPnGqdvItYauFYANTmSUGdjkUEfZvUD1/","privKey":"WP0RhQG/R3HqyAv3raffPYAK4JpoD8ZywtnRRgalqEE="},"lastRemoteEphemeralKey":"BVq6IctmBFBU9ZLCbBWOEXMcovTNyEhiEF7ur5en//4i","previousCounter":0,"rootKey":"cLhpDZbl6pG7dAjyvkI9Wo2xH0y0kcfBr1wd0CiZrmo="},"indexInfo":{"baseKey":"BZ9sUZ9RQiei9Ke3HqQiz1YrcBZskmzFeC2HBuf3zxlw","baseKeyType":1,"closed":-1,"used":1755507317464,"created":1755507317464,"remoteIdentityKey":"BbOwCDfnX2Fea7Qg2O7+7uxID4jAXxl8pbZDXOsw6oB9"},"_chains":{"BXzp2NvA93gyPnGqdvItYauFYANTmSUGdjkUEfZvUD1/":{"chainKey":{"counter":25,"key":"buQ7a3oXMAZ/RHsqtOn3IpXmd9ldKmrYsGgCcjS/F+0="},"chainType":1,"messageKeys":{}}},"pendingPreKey":{"signedKeyId":1,"baseKey":"BZ9sUZ9RQiei9Ke3HqQiz1YrcBZskmzFeC2HBuf3zxlw"}}},"version":"v1"}