{"_sessions":{"BWBKJOly5JNq26G7+krphXPP+dIpHFNEsB9h55t4F3gL":{"registrationId":154,"currentRatchet":{"ephemeralKeyPair":{"pubKey":"BdJ7cI7X73nJbh8X+CQkwL8X+jnxr6jKYVnJeJWalOYT","privKey":"+KyOucaorL+PHM1kwOzR5E5U01SAaz4spw7YZDIPtn0="},"lastRemoteEphemeralKey":"BdQl3O9G84StKHmqsxtkbK2MwOAsj9mbqmXbnIzoISos","previousCounter":0,"rootKey":"CD/DPb10vEyW8OOb8ikxDx+NXhvT/k3w8HHjhm5qB/E="},"indexInfo":{"baseKey":"BWBKJOly5JNq26G7+krphXPP+dIpHFNEsB9h55t4F3gL","baseKeyType":1,"closed":-1,"used":1755922456906,"created":1755763790568,"remoteIdentityKey":"BdNMO+FT6V9kft6ET6EJVbtZpb1y/CFYa2dbhtGZYNkg"},"_chains":{"BdLiDIOITPCckkHpiW8q8QewJ701fMXP07UWGpWIKm5T":{"chainKey":{"counter":0},"chainType":2,"messageKeys":{}},"BZpak/EYTfQGWVOl3aEV3whWmLELlBUwnxiJN2QpN2wn":{"chainKey":{"counter":1},"chainType":2,"messageKeys":{}},"BR88M1WESz4u35OJyCVOMwLv9sfz/ztSlo4AXQ2y6y03":{"chainKey":{"counter":1},"chainType":2,"messageKeys":{}},"BdQl3O9G84StKHmqsxtkbK2MwOAsj9mbqmXbnIzoISos":{"chainKey":{"counter":0,"key":"xkmZYLer+NYnrRfSwyjbarHZGHN6bINwEuU0wgERXXo="},"chainType":2,"messageKeys":{}},"BdJ7cI7X73nJbh8X+CQkwL8X+jnxr6jKYVnJeJWalOYT":{"chainKey":{"counter":0,"key":"W9zJqG36Rb7Aav5enHjkNVmChZloJDsQXpyh7daZqQE="},"chainType":1,"messageKeys":{}}}}},"version":"v1"}