{"_sessions":{"BV0fXXjt9sbynj4oXSzhfAkmxKLP8JZVNuctm6jgGnhl":{"registrationId":1351282994,"currentRatchet":{"ephemeralKeyPair":{"pubKey":"BWk26iEbMRMpy4rxC8aOGCsiHR94JCylDthNtvz3HTFl","privKey":"aIR7YEHoiuvsp3/XR4OFjThjUeKKOPc/3qf19UXLYn4="},"lastRemoteEphemeralKey":"BW3nldMlBns3ydnKMSyMzEKP6iEIgHjB1xJjh6nYoQMb","previousCounter":1,"rootKey":"OqfQCHWeQIH02EkK26o0A/Ins8UfyynUtDYveBSHd+M="},"indexInfo":{"baseKey":"BV0fXXjt9sbynj4oXSzhfAkmxKLP8JZVNuctm6jgGnhl","baseKeyType":1,"closed":-1,"used":1755793303256,"created":1755481289149,"remoteIdentityKey":"BeKxRGqiJ9I3L4C1o/l32txP7DnDuAd4aZQsQ72oQsAf"},"_chains":{"Ba2bbjrcODBsurHQPMr8Gd4J6n1wlfmbgoVlPIQ1EINH":{"chainKey":{"counter":0},"chainType":2,"messageKeys":{}},"BeioqCSLdlqV+lLE5XGaSIf+Qo+91oG+SP5x1a/4DCEP":{"chainKey":{"counter":0},"chainType":2,"messageKeys":{}},"BXlKYP3gNsKfnHYehRlDk3OOzV6J1yPt0x7944wSgNBC":{"chainKey":{"counter":0},"chainType":2,"messageKeys":{}},"BW3nldMlBns3ydnKMSyMzEKP6iEIgHjB1xJjh6nYoQMb":{"chainKey":{"counter":0,"key":"XsLrgTHHBNbeJqCDxlyehHDzUu6PgNE74gGN6ds5jhc="},"chainType":2,"messageKeys":{}},"BWk26iEbMRMpy4rxC8aOGCsiHR94JCylDthNtvz3HTFl":{"chainKey":{"counter":44,"key":"/LTVRA7ZQWH4+iu87XDuj4e0YfH4AfRkJI8QZMUtf2U="},"chainType":1,"messageKeys":{}}}}},"version":"v1"}