{"_sessions":{"BUD3iGfup8gSK57OUV0NcMu+eHssNaPXzu5FLqqdsYEX":{"registrationId":182,"currentRatchet":{"ephemeralKeyPair":{"pubKey":"BW21bE+Cqp4jkPIoVfWUZLjNZPOnIGVy5GOgM5jjRbUm","privKey":"SNExL7b6qU/dyKk/z3miyFlp2YsPOdI4OV4QlfleJ0I="},"lastRemoteEphemeralKey":"BeQc5hNlP7EUzLlxotkBhUH1pOhgcq9Y9278ZGU2LvIl","previousCounter":0,"rootKey":"iCH2Mg29ChG1cTAuRL2ecRAkf5I+DQimsMa5R/BINcw="},"indexInfo":{"baseKey":"BUD3iGfup8gSK57OUV0NcMu+eHssNaPXzu5FLqqdsYEX","baseKeyType":1,"closed":-1,"used":1755492398385,"created":1755492398385,"remoteIdentityKey":"BcdfBT14kGDy2sh7ZnPiZ42ebXDWZjFWK44qd9JQ1Voe"},"_chains":{"BW21bE+Cqp4jkPIoVfWUZLjNZPOnIGVy5GOgM5jjRbUm":{"chainKey":{"counter":17,"key":"MkMhWz0Z+aWIW03YZr48++4z6dgkF8mnfSKRNS5qjhM="},"chainType":1,"messageKeys":{}}},"pendingPreKey":{"signedKeyId":1,"baseKey":"BUD3iGfup8gSK57OUV0NcMu+eHssNaPXzu5FLqqdsYEX"}}},"version":"v1"}