{"_sessions":{"BVFO0QhL1EHV0qFwrsyXZA3s9b3tB2PiE5tX2r5AIMoY":{"registrationId":2040339517,"currentRatchet":{"ephemeralKeyPair":{"pubKey":"BazUBqHJDzyMV/GkUxm80YrpfDnCGwm6m4VqC1vcWhJI","privKey":"kGEaFjB5yyFkPtjRNBr+ieuNx5jh0B7gieEfND8++lA="},"lastRemoteEphemeralKey":"BU5Y8wwkx/I6uXwxpcGZxnd+FP77fbbYKJ5GB06liWIm","previousCounter":0,"rootKey":"dLbegippRv3Tv6JxLOJTq04plkSrrNuHMZt94R4RCaM="},"indexInfo":{"baseKey":"BVFO0QhL1EHV0qFwrsyXZA3s9b3tB2PiE5tX2r5AIMoY","baseKeyType":1,"closed":-1,"used":1755507317098,"created":1755507317098,"remoteIdentityKey":"BUV+mSR0qrKXHIhf6akIJesjcFGw3XHjmPMFMvllAj1D"},"_chains":{"BazUBqHJDzyMV/GkUxm80YrpfDnCGwm6m4VqC1vcWhJI":{"chainKey":{"counter":25,"key":"foKxWO1VhxGeZjQOw6vrV3uqwwUaSe0ZJn/AUzVoUH8="},"chainType":1,"messageKeys":{}}},"pendingPreKey":{"signedKeyId":5,"baseKey":"BVFO0QhL1EHV0qFwrsyXZA3s9b3tB2PiE5tX2r5AIMoY","preKeyId":7006605}}},"version":"v1"}