{"_sessions":{"BcwEAeoMFoapb2AMNRwLsqeoeNs76HNyo6Xr/OtzQEUA":{"registrationId":2460893,"currentRatchet":{"ephemeralKeyPair":{"pubKey":"BT3dVzaKM+OyV9pfSp+Pr6qBc3jc4F37vHfDeJdkG4py","privKey":"CP79fy8LIoVWIp+YM9STBW2AmWUMyZ+ZCWKsGPu1W1I="},"lastRemoteEphemeralKey":"BRBfblh0wq36AjAN3QkjSnMiifUN6ElbcrFAjKWJ6ZwF","previousCounter":0,"rootKey":"AWcy2qIiZhyRM6YfIBjyPTGK7vWpcWNJHJ0JLFG1dOU="},"indexInfo":{"baseKey":"BcwEAeoMFoapb2AMNRwLsqeoeNs76HNyo6Xr/OtzQEUA","baseKeyType":1,"closed":-1,"used":1756270525407,"created":1756270525407,"remoteIdentityKey":"BeSxO6UbqNZVXjWV/IKFZecZI//whVMxvnhxRccHkw4W"},"_chains":{"BT3dVzaKM+OyV9pfSp+Pr6qBc3jc4F37vHfDeJdkG4py":{"chainKey":{"counter":8,"key":"3XVYSa3vmFGG2XkfB+Z3XX8HSyqxM+oBAe/Jvhht1bM="},"chainType":1,"messageKeys":{}}},"pendingPreKey":{"signedKeyId":4,"baseKey":"BcwEAeoMFoapb2AMNRwLsqeoeNs76HNyo6Xr/OtzQEUA","preKeyId":6185785}}},"version":"v1"}