{"_sessions":{"BZaUoF27bLd1NySTlRwjGvh2gW2IxfGpHttrrOBGm0gx":{"registrationId":1567133498,"currentRatchet":{"ephemeralKeyPair":{"pubKey":"BSBbXWsgpbGkRPzgjndg8OAxcfuahAz/OSFyM/1s5bwy","privKey":"4NgU0OqcSvcGLH2H3pS/dGIxAtszztAgTK89Zb6+Nl4="},"lastRemoteEphemeralKey":"BRvqSxNyZnPpH8aPEWzBtuqK2K4ZJe9pJfm0CrKb2aJI","previousCounter":0,"rootKey":"RzjcDoIYmAMzrTGsdfUffsJbq9LOd/G0qaMrirbSBsk="},"indexInfo":{"baseKey":"BZaUoF27bLd1NySTlRwjGvh2gW2IxfGpHttrrOBGm0gx","baseKeyType":2,"closed":-1,"used":1756380643277,"created":1755524898635,"remoteIdentityKey":"BQ5oteq1nbceovDUxdPj7wLVvbqcCtKkPnbCH0OLBitE"},"_chains":{"BUZRNCrr3MTMRGd/wzoEgvSy+YvtsXsDX7MzAdRSVNMk":{"chainKey":{"counter":0},"chainType":2,"messageKeys":{}},"BRvqSxNyZnPpH8aPEWzBtuqK2K4ZJe9pJfm0CrKb2aJI":{"chainKey":{"counter":3,"key":"3tUt5AERbs3JOXY0Knw0yknBID2YdNbj72DZ1vbHF+8="},"chainType":2,"messageKeys":{}},"BSBbXWsgpbGkRPzgjndg8OAxcfuahAz/OSFyM/1s5bwy":{"chainKey":{"counter":-1,"key":"beppzY9eDaCWz4wkCoWPkR4+jqs7FB6JaAsPjitVam4="},"chainType":1,"messageKeys":{}}}}},"version":"v1"}