{"_sessions":{"BXw5Ko8LnD0gWKdZCbFzrGewth+i3vhbvJOktcsa72c+":{"registrationId":241206150,"currentRatchet":{"ephemeralKeyPair":{"pubKey":"BV1ptI/TC8drE6mKcZ94fn5IUz4salRDCwcNGvig3aRe","privKey":"yP1396pPZMbFWxIQnA+Z/rwUUBYW4Xx6JcMkzbSswUo="},"lastRemoteEphemeralKey":"BWcwO7WwP6yp3HyBxjs+aTH4UHAclzYd638OHWQphAoV","previousCounter":0,"rootKey":"j34fdVRQdhpF3AWUqgHxY7M+xH6rKaq17EZb71NiWnk="},"indexInfo":{"baseKey":"BXw5Ko8LnD0gWKdZCbFzrGewth+i3vhbvJOktcsa72c+","baseKeyType":2,"closed":-1,"used":1755557420283,"created":1755557420283,"remoteIdentityKey":"BWwwG8t0HJ1z/+R+ab8udIApqojZjfufn1hy3Q4qgjI7"},"_chains":{"BWcwO7WwP6yp3HyBxjs+aTH4UHAclzYd638OHWQphAoV":{"chainKey":{"counter":0,"key":"YHUCmOdapzOGQoPekWNXAGxf1eAHdzYsCU/ShMlz4dc="},"chainType":2,"messageKeys":{}},"BV1ptI/TC8drE6mKcZ94fn5IUz4salRDCwcNGvig3aRe":{"chainKey":{"counter":0,"key":"RsGnafEoMqof8QHX7L2S4/QgQCR9bXFa1stDAEd3pi8="},"chainType":1,"messageKeys":{}}}}},"version":"v1"}