{"_sessions":{"BaHBOVNGnRCamvdqozTtrYWCQccuf0KRElgwdDEpV4p0":{"registrationId":1049182456,"currentRatchet":{"ephemeralKeyPair":{"pubKey":"BY1dgQUC/d/eGIux3eQ8/0othZmjRB8ymE7NKWGKyjJj","privKey":"8HeXy6QQZmKhDfolFm6Zsr+Cg0kQw07NzaMXuxa8Fnk="},"lastRemoteEphemeralKey":"BRps/8ElOTGm/dd8JaPNqVTG+Y/hMnbzfJ8clWSIv2My","previousCounter":0,"rootKey":"rE2Pz3QtKsZQB4RsQ+N5M60pmqeN+6F3wEAinv3e9nI="},"indexInfo":{"baseKey":"BaHBOVNGnRCamvdqozTtrYWCQccuf0KRElgwdDEpV4p0","baseKeyType":1,"closed":-1,"used":1756270525512,"created":1756270525512,"remoteIdentityKey":"Bdf+m0cAsjb/VCQr4lwBo6iFutWJ3cODxGsVYGWpyXwz"},"_chains":{"BY1dgQUC/d/eGIux3eQ8/0othZmjRB8ymE7NKWGKyjJj":{"chainKey":{"counter":8,"key":"erSHv+qbFMgwcJCbN0z+2ac4iD1PNapdxKCSSy0uOUw="},"chainType":1,"messageKeys":{}}},"pendingPreKey":{"signedKeyId":7,"baseKey":"BaHBOVNGnRCamvdqozTtrYWCQccuf0KRElgwdDEpV4p0","preKeyId":715862}}},"version":"v1"}