{"_sessions":{"BarkgTrxQzCNNu1EmaMIp1XYHsht7W46+Y4KjdN7s8YJ":{"registrationId":8111,"currentRatchet":{"ephemeralKeyPair":{"pubKey":"BUh4CVeeWVZSVtWdC1RmZTp00QGktiyWuU2FM1n5zL8G","privKey":"YCS37K7cILKe3RngmNHle7JULslJZN6nwO+0bHaXUEM="},"lastRemoteEphemeralKey":"BekmfcQuO50iog4EZA7mj/3UQQihge6WUYF0zyPOdwtC","previousCounter":0,"rootKey":"x+ntstCUsFpJSUmdAUB2F5zkJqAf90oL5GsheiCyivY="},"indexInfo":{"baseKey":"BarkgTrxQzCNNu1EmaMIp1XYHsht7W46+Y4KjdN7s8YJ","baseKeyType":1,"closed":-1,"used":1756141202703,"created":1756141202703,"remoteIdentityKey":"BZWGyTRWp+T3Wh+g1CR7XMh8uCexblO2GFplA/k9evUG"},"_chains":{"BUh4CVeeWVZSVtWdC1RmZTp00QGktiyWuU2FM1n5zL8G":{"chainKey":{"counter":27,"key":"WYlcWMHD0QvolWPhUmqrS4R6fpvkx7Hi7+u4pvglDTA="},"chainType":1,"messageKeys":{}}},"pendingPreKey":{"signedKeyId":1,"baseKey":"BarkgTrxQzCNNu1EmaMIp1XYHsht7W46+Y4KjdN7s8YJ","preKeyId":746}}},"version":"v1"}