{"_sessions":{"Bfs2dsk4koifGkQgAOI94S/xQDVW8cJ95SNzjajVE/s3":{"registrationId":1455203702,"currentRatchet":{"ephemeralKeyPair":{"pubKey":"BZLwuzcqIbJal8uJBeC8uIGVfC0DDh32RsjCneB9uqpi","privKey":"QKCDL7n8DdqqKNxcsBJVxnHurJKXcEqrOvy12iouK10="},"lastRemoteEphemeralKey":"BfCku+B70BlDVovJvuSrpaylfbnXRXN0+K01CvWP1MZO","previousCounter":0,"rootKey":"yv60SCHX86A8oTT1R9AbVl7eRGVEx/cFm3V9nxFBNHA="},"indexInfo":{"baseKey":"Bfs2dsk4koifGkQgAOI94S/xQDVW8cJ95SNzjajVE/s3","baseKeyType":2,"closed":1755574208344,"used":1755491848741,"created":1755491848741,"remoteIdentityKey":"BePN2FtxW8gtBFy7EOThVffYx/CYIGUmySCOMs/b7282"},"_chains":{"BfCku+B70BlDVovJvuSrpaylfbnXRXN0+K01CvWP1MZO":{"chainKey":{"counter":0,"key":"ZCgsJACSSd4m5CrR6dpZXrEttdFQK5JdcgabPM7gSj4="},"chainType":2,"messageKeys":{}},"BZLwuzcqIbJal8uJBeC8uIGVfC0DDh32RsjCneB9uqpi":{"chainKey":{"counter":-1,"key":"vMx4pPyqdgZZ+nRtc3dWatQhPYntBpdobm9ShNLyIvA="},"chainType":1,"messageKeys":{}}}},"BZdhTmBltM2N7pRjwiX1dtFBnfFbh2xX+WAzg7Jap+QD":{"registrationId":1259357967,"currentRatchet":{"ephemeralKeyPair":{"pubKey":"Bf9J9EET5coRPy4/ra5+b0eAPDzWyNIpDqMdx7fDJmlb","privKey":"OKJLES3fwX3L1rND109rpN+bXOUW4HZNY715FjKsgHQ="},"lastRemoteEphemeralKey":"BRbid/j3YPc7nUJihtWVTDZIuTj2BiG7HCTjbUZcPb9N","previousCounter":0,"rootKey":"4Fzb+dzZqMeaja/dIY/+Ja/zkn44IiaOxbyHsmCsG8s="},"indexInfo":{"baseKey":"BZdhTmBltM2N7pRjwiX1dtFBnfFbh2xX+WAzg7Jap+QD","baseKeyType":2,"closed":-1,"used":1755574208355,"created":1755574208355,"remoteIdentityKey":"BbfOG1ZcBAGvFqp/E6d97J7HBvKLlG7QPXAkzO+Lmf1v"},"_chains":{"BRbid/j3YPc7nUJihtWVTDZIuTj2BiG7HCTjbUZcPb9N":{"chainKey":{"counter":13,"key":"HimCCW8UM3w6x4lU0CpGbLX4SvBz4z5EjNTIBbd0wOE="},"chainType":2,"messageKeys":{}},"Bf9J9EET5coRPy4/ra5+b0eAPDzWyNIpDqMdx7fDJmlb":{"chainKey":{"counter":-1,"key":"1ZYfRvx/rkgORKt3xjTogPA7SFDNGPv0jFqV7FYFWI8="},"chainType":1,"messageKeys":{}}}}},"version":"v1"}