{"_sessions":{"BY5DK59CQjUpPRzeMzMU9dMoCmRuTY2gkLWBz+lOnX1+":{"registrationId":695153958,"currentRatchet":{"ephemeralKeyPair":{"pubKey":"BS/we1CjVbJ4aZCvbEl4MFr6SePbmqYMZm806f+4gX04","privKey":"2BKHeAsvFf3A7hqQWldIVFDMPdE5zevWtjx5RwTUFVU="},"lastRemoteEphemeralKey":"BfpeNlizDAbxbplt5pkwFYuhTchMtXgvtZdzDRMIPyFG","previousCounter":0,"rootKey":"82AjWkfRZ4sS3vBqNRQsFmW7IvMDdpp8nNbnXEr8YBI="},"indexInfo":{"baseKey":"BY5DK59CQjUpPRzeMzMU9dMoCmRuTY2gkLWBz+lOnX1+","baseKeyType":2,"closed":-1,"used":1755506489596,"created":1755506489596,"remoteIdentityKey":"BaoYJkngNXHBLZDqS+ZLv21aqTsZ4WTbBVtZAFSDHkYT"},"_chains":{"BfpeNlizDAbxbplt5pkwFYuhTchMtXgvtZdzDRMIPyFG":{"chainKey":{"counter":0,"key":"yFg3PYDwMWOHz1+7flmfv3tcxkIgGs9ktoiZRKuYPDI="},"chainType":2,"messageKeys":{}},"BS/we1CjVbJ4aZCvbEl4MFr6SePbmqYMZm806f+4gX04":{"chainKey":{"counter":-1,"key":"Ldt8ZGRTdx3jCX1w8xUGdu7yDrlxoNUXNIATbUdQFnw="},"chainType":1,"messageKeys":{}}}}},"version":"v1"}