{"_sessions":{"BQ33xRvC3ztkvo07C/P6KKZyVTlKnD/UlN0JKmF/gJ0y":{"registrationId":1134520107,"currentRatchet":{"ephemeralKeyPair":{"pubKey":"BZ0aesJsCgGZ1OWPfFRgzs5Gk60sSqg7V+r6xfGS7mkh","privKey":"SDTNzZ6jxkianp4cDyU+GR+8Qg7lbo4uJBLPgCDt0lQ="},"lastRemoteEphemeralKey":"BR1KSLhYFZqzQGK/jQqiPmKOHSizzS6S1RIJQ/R5St9X","previousCounter":0,"rootKey":"Ze3svTJIMv4L8YRsWeRZRwMRZIdYlo8g9/VtXh8Jink="},"indexInfo":{"baseKey":"BQ33xRvC3ztkvo07C/P6KKZyVTlKnD/UlN0JKmF/gJ0y","baseKeyType":1,"closed":-1,"used":1755481289069,"created":1755481289069,"remoteIdentityKey":"Bb3ACOIzuJajYqVbY1ND+ScuyTbOx7FQlXXmq1GKR9NL"},"_chains":{"BZ0aesJsCgGZ1OWPfFRgzs5Gk60sSqg7V+r6xfGS7mkh":{"chainKey":{"counter":4,"key":"TKToGfUxyeI2K40XYQk32toSFM1U+78IyJ3OWolbAao="},"chainType":1,"messageKeys":{}}},"pendingPreKey":{"signedKeyId":2,"baseKey":"BQ33xRvC3ztkvo07C/P6KKZyVTlKnD/UlN0JKmF/gJ0y","preKeyId":779459}}},"version":"v1"}