{"_sessions":{"BYPwF7Io7iuq4UZNUoSu8BZtkVl97cFpdAZJevcwTaQ1":{"registrationId":278562433,"currentRatchet":{"ephemeralKeyPair":{"pubKey":"Bd+s77fV9xkg3N8Ipl2v0HjfZ8iVMBJn7mQQ1W8Peepw","privKey":"yHpG+fS2oVXHBBAz24WkZmqhtI0nom9YixcEoTF3v1k="},"lastRemoteEphemeralKey":"BV7RKtp3AQJsrOY+fWDS4l2FGivSHPwp5OPGS2Pw0R58","previousCounter":0,"rootKey":"75OYREcEgDGdjwhuSRBlX3ncUxJ8DROjqP1Yq0Sn12Y="},"indexInfo":{"baseKey":"BYPwF7Io7iuq4UZNUoSu8BZtkVl97cFpdAZJevcwTaQ1","baseKeyType":1,"closed":-1,"used":1755492398056,"created":1755492398056,"remoteIdentityKey":"BVgqd8ALxwijaMtXQfkpIy6cl7Nd9OvcobetMjKm8TEm"},"_chains":{"Bd+s77fV9xkg3N8Ipl2v0HjfZ8iVMBJn7mQQ1W8Peepw":{"chainKey":{"counter":68,"key":"kxYsYBQNPtwNzF9Xof4Ndns5dY7tegPwsm0bTT5n4sE="},"chainType":1,"messageKeys":{}}},"pendingPreKey":{"signedKeyId":1,"baseKey":"BYPwF7Io7iuq4UZNUoSu8BZtkVl97cFpdAZJevcwTaQ1","preKeyId":16024080}}},"version":"v1"}