{"_sessions":{"Bemq0kDMweCy1FV/hAvg2XpAtPAO7ob65wVxNu7UHcN8":{"registrationId":1383738172,"currentRatchet":{"ephemeralKeyPair":{"pubKey":"BbHD43MdBY1Noc1x4qY4xAxVLspsJ+s4rr9dyWG1778G","privKey":"SM6QVCo4tcqbEOczKm8BI8MpBgHna3Du5Y72lN8HfHc="},"lastRemoteEphemeralKey":"BRzEviT0dJqu10in//TpP6d2b04qrUwg9cHb3fH7mbJh","previousCounter":0,"rootKey":"vO6+678mJm+IhFzcTrfNPmtcr9FyPKi6gNHRRIcjKwo="},"indexInfo":{"baseKey":"Bemq0kDMweCy1FV/hAvg2XpAtPAO7ob65wVxNu7UHcN8","baseKeyType":1,"closed":1755518866310,"used":1755507317229,"created":1755507317229,"remoteIdentityKey":"BekOBEQc6ZNg0RiRZR9VT2HWPGBblJp244Z9kDnB2dQZ"},"_chains":{"BbHD43MdBY1Noc1x4qY4xAxVLspsJ+s4rr9dyWG1778G":{"chainKey":{"counter":0,"key":"yk5S6I7N2OjQuPM29pm3DgoSEqiX4D6Nar9kkF+ycjQ="},"chainType":1,"messageKeys":{}}},"pendingPreKey":{"signedKeyId":17,"baseKey":"Bemq0kDMweCy1FV/hAvg2XpAtPAO7ob65wVxNu7UHcN8","preKeyId":5810205}},"BeidPiAT+HnAQyDGWRkaCtrs7kH32quxpAXCYKBkuMw9":{"registrationId":1383738172,"currentRatchet":{"ephemeralKeyPair":{"pubKey":"BRwmYtZ3pAqYABjq9WYjvotNowPg4tw613sF93hsqrwE","privKey":"oB1nCrR24aVc8eKACRy49Qeo9jo8XR4jKR5a8l4k33A="},"lastRemoteEphemeralKey":"BRzEviT0dJqu10in//TpP6d2b04qrUwg9cHb3fH7mbJh","previousCounter":0,"rootKey":"zaxo52hiDEBH5E6vdh/YTKuY2QHzEt+QEu2g8cH44Xc="},"indexInfo":{"baseKey":"BeidPiAT+HnAQyDGWRkaCtrs7kH32quxpAXCYKBkuMw9","baseKeyType":1,"closed":1755518866654,"used":1755518866307,"created":1755518866307,"remoteIdentityKey":"BekOBEQc6ZNg0RiRZR9VT2HWPGBblJp244Z9kDnB2dQZ"},"_chains":{"BRwmYtZ3pAqYABjq9WYjvotNowPg4tw613sF93hsqrwE":{"chainKey":{"counter":-1,"key":"TyeWnxDPUyQEbEhUh4uInwSW6oGcMuTv/QvVU2o5jZ0="},"chainType":1,"messageKeys":{}}},"pendingPreKey":{"signedKeyId":17,"baseKey":"BeidPiAT+HnAQyDGWRkaCtrs7kH32quxpAXCYKBkuMw9","preKeyId":5810944}},"BVKD6LmZRl53WYI8ctDZ/amdvuRQM6NR+/mhWRGSBulP":{"registrationId":1383738172,"currentRatchet":{"ephemeralKeyPair":{"pubKey":"BUlVVmmZSAo2gH3TmTX3fwQ/cesKm60yr3jciuvygzIW","privKey":"kHDSer62lyhFYPs5peyo08B5kSJ4GfEMHJt9ErxMvkA="},"lastRemoteEphemeralKey":"BRzEviT0dJqu10in//TpP6d2b04qrUwg9cHb3fH7mbJh","previousCounter":0,"rootKey":"CCj8xSfVVNEt8OTflUfODIHz54u/AUIj+g8O4IcoKaw="},"indexInfo":{"baseKey":"BVKD6LmZRl53WYI8ctDZ/amdvuRQM6NR+/mhWRGSBulP","baseKeyType":1,"closed":1755518867028,"used":1755518866652,"created":1755518866652,"remoteIdentityKey":"BekOBEQc6ZNg0RiRZR9VT2HWPGBblJp244Z9kDnB2dQZ"},"_chains":{"BUlVVmmZSAo2gH3TmTX3fwQ/cesKm60yr3jciuvygzIW":{"chainKey":{"counter":-1,"key":"EOKOJMd7Xi0OIalZ1TgRf2JHOX3mdxu6nwaxhrdyfmk="},"chainType":1,"messageKeys":{}}},"pendingPreKey":{"signedKeyId":17,"baseKey":"BVKD6LmZRl53WYI8ctDZ/amdvuRQM6NR+/mhWRGSBulP","preKeyId":5809933}},"BQ7XQYNpiCCH7SLt0oFim3D5Fc2J0bVsqjyn2blV+Yt3":{"registrationId":1383738172,"currentRatchet":{"ephemeralKeyPair":{"pubKey":"BUQgy4lL38uWmFOjCBYdvs5WpY4Utm3O2gaIWMlPEelB","privKey":"8ENsbN4me9MHxROYqLwDnG1PGQUixtBAjOXsoDYfBU4="},"lastRemoteEphemeralKey":"BRzEviT0dJqu10in//TpP6d2b04qrUwg9cHb3fH7mbJh","previousCounter":0,"rootKey":"NpWpRJWMbrmUACXvVmZHtbsytdB58vQImJZfC++lXYU="},"indexInfo":{"baseKey":"BQ7XQYNpiCCH7SLt0oFim3D5Fc2J0bVsqjyn2blV+Yt3","baseKeyType":1,"closed":1755518867384,"used":1755518867026,"created":1755518867026,"remoteIdentityKey":"BekOBEQc6ZNg0RiRZR9VT2HWPGBblJp244Z9kDnB2dQZ"},"_chains":{"BUQgy4lL38uWmFOjCBYdvs5WpY4Utm3O2gaIWMlPEelB":{"chainKey":{"counter":-1,"key":"HZ6/JB6csqY/qc9wCWBqeVOVBM/PhXojwqhwnYQdeY8="},"chainType":1,"messageKeys":{}}},"pendingPreKey":{"signedKeyId":17,"baseKey":"BQ7XQYNpiCCH7SLt0oFim3D5Fc2J0bVsqjyn2blV+Yt3","preKeyId":5810254}},"BZ/U7sdygS8g3/oMmS57XatQmYeKo+we+5zreqOonbgO":{"registrationId":1383738172,"currentRatchet":{"ephemeralKeyPair":{"pubKey":"BbGsmYzEaHjF5iv8dtvTWmXLlOlooC6aPlJiZZFg3AV0","privKey":"MA4WUwAdUN9UxWgU0IK2jj0SbsTssHnH5ZHAwbV2C2Y="},"lastRemoteEphemeralKey":"BRzEviT0dJqu10in//TpP6d2b04qrUwg9cHb3fH7mbJh","previousCounter":0,"rootKey":"IfVkI7gIb15ISnZXzO8Zr8hy3iVk50cl8cZQ/kpLG7s="},"indexInfo":{"baseKey":"BZ/U7sdygS8g3/oMmS57XatQmYeKo+we+5zreqOonbgO","baseKeyType":1,"closed":1755518867739,"used":1755518867381,"created":1755518867381,"remoteIdentityKey":"BekOBEQc6ZNg0RiRZR9VT2HWPGBblJp244Z9kDnB2dQZ"},"_chains":{"BbGsmYzEaHjF5iv8dtvTWmXLlOlooC6aPlJiZZFg3AV0":{"chainKey":{"counter":-1,"key":"YAfh+oXxaDIWkwYz74b/hwB9u8qMEhVvyu05VTLTycI="},"chainType":1,"messageKeys":{}}},"pendingPreKey":{"signedKeyId":17,"baseKey":"BZ/U7sdygS8g3/oMmS57XatQmYeKo+we+5zreqOonbgO","preKeyId":5809893}},"BSf/kLWvmosg3pP4QCmQzLeCBA2/UQcjtvtnENn8OXdS":{"registrationId":1383738172,"currentRatchet":{"ephemeralKeyPair":{"pubKey":"BZNjVo0FqrkWaeP9YzEdtgCHzEZYu24/nndppAr6GeBX","privKey":"4G8JinspZlimG+LoopxavBjz4uAqE3iTAJaBAIYu604="},"lastRemoteEphemeralKey":"BRzEviT0dJqu10in//TpP6d2b04qrUwg9cHb3fH7mbJh","previousCounter":0,"rootKey":"bvH6T5TBMpT51Yy37KeXoZtokygSQ64dI2RA6mxB+RY="},"indexInfo":{"baseKey":"BSf/kLWvmosg3pP4QCmQzLeCBA2/UQcjtvtnENn8OXdS","baseKeyType":1,"closed":1755518868102,"used":1755518867737,"created":1755518867737,"remoteIdentityKey":"BekOBEQc6ZNg0RiRZR9VT2HWPGBblJp244Z9kDnB2dQZ"},"_chains":{"BZNjVo0FqrkWaeP9YzEdtgCHzEZYu24/nndppAr6GeBX":{"chainKey":{"counter":-1,"key":"o5Hr5Tuc4m1nNgw1fxthKKNrngW3ltWhK+Wakqkl+f0="},"chainType":1,"messageKeys":{}}},"pendingPreKey":{"signedKeyId":17,"baseKey":"BSf/kLWvmosg3pP4QCmQzLeCBA2/UQcjtvtnENn8OXdS","preKeyId":5810044}},"BY8q8yDfTn/gLScPLaO5s3DFb1w4mATj+PoCOy5xJc8a":{"registrationId":1383738172,"currentRatchet":{"ephemeralKeyPair":{"pubKey":"BVX8X8boIpgzg2Co7pBIJVDOuGT8ajlTn62eCzdkfnhp","privKey":"KMlFFCGM7rsFfXoY6/YnwbPndITE07i/1PDS3c4gPnU="},"lastRemoteEphemeralKey":"BRzEviT0dJqu10in//TpP6d2b04qrUwg9cHb3fH7mbJh","previousCounter":0,"rootKey":"yXIu/kqcOLLIEq3Yp6nol2F1XUouKfwTy/lMoWKieVk="},"indexInfo":{"baseKey":"BY8q8yDfTn/gLScPLaO5s3DFb1w4mATj+PoCOy5xJc8a","baseKeyType":1,"closed":1755518868541,"used":1755518868099,"created":1755518868099,"remoteIdentityKey":"BekOBEQc6ZNg0RiRZR9VT2HWPGBblJp244Z9kDnB2dQZ"},"_chains":{"BVX8X8boIpgzg2Co7pBIJVDOuGT8ajlTn62eCzdkfnhp":{"chainKey":{"counter":-1,"key":"MuwvWZ6pOgT7T5e+axH8ugBPH0KBx2dn7JPtkLyQ9d4="},"chainType":1,"messageKeys":{}}},"pendingPreKey":{"signedKeyId":17,"baseKey":"BY8q8yDfTn/gLScPLaO5s3DFb1w4mATj+PoCOy5xJc8a","preKeyId":5810240}},"BbKprBTv8+AiuikDyEimbpSer7cZuvWLCgtFCvnyz4Uq":{"registrationId":1383738172,"currentRatchet":{"ephemeralKeyPair":{"pubKey":"BXtrhrdSLHf+REd3QfgDmX2D1YdAc97h+lIEF8mfJOVS","privKey":"wFg/h3LGK2DYCAbOIpVPZxWHwaAolzQ3HYYp7vO/P1Y="},"lastRemoteEphemeralKey":"BRzEviT0dJqu10in//TpP6d2b04qrUwg9cHb3fH7mbJh","previousCounter":0,"rootKey":"cFNQjNX4DtpA/zkOEarfHebanSTubpoM+B3kjYuTE7Y="},"indexInfo":{"baseKey":"BbKprBTv8+AiuikDyEimbpSer7cZuvWLCgtFCvnyz4Uq","baseKeyType":1,"closed":1755518871127,"used":1755518868539,"created":1755518868539,"remoteIdentityKey":"BekOBEQc6ZNg0RiRZR9VT2HWPGBblJp244Z9kDnB2dQZ"},"_chains":{"BXtrhrdSLHf+REd3QfgDmX2D1YdAc97h+lIEF8mfJOVS":{"chainKey":{"counter":-1,"key":"Zj5W67Yo5t3xNWVwNKYQa7plO7aSU+HHVOsJ/s+Qawk="},"chainType":1,"messageKeys":{}}},"pendingPreKey":{"signedKeyId":17,"baseKey":"BbKprBTv8+AiuikDyEimbpSer7cZuvWLCgtFCvnyz4Uq","preKeyId":5809888}},"BeHn23/YsdjBuP0j9Lk8tNzdKM8E1SFdgORiDPnsdpxd":{"registrationId":1383738172,"currentRatchet":{"ephemeralKeyPair":{"pubKey":"BZzk/FSnQL7WGYKqCZcyBoJw5rtJ9cECTCexVn6Cg+Ei","privKey":"aG0Soo29teqUJvWcbEBbh53LU8yScXm3PDkF5952hGQ="},"lastRemoteEphemeralKey":"BRzEviT0dJqu10in//TpP6d2b04qrUwg9cHb3fH7mbJh","previousCounter":0,"rootKey":"4F5sjSzdjI0SCPtrtY0WUZxPgqhfkb5j9dq2P7/WF5k="},"indexInfo":{"baseKey":"BeHn23/YsdjBuP0j9Lk8tNzdKM8E1SFdgORiDPnsdpxd","baseKeyType":1,"closed":1755518875318,"used":1755518871125,"created":1755518871125,"remoteIdentityKey":"BekOBEQc6ZNg0RiRZR9VT2HWPGBblJp244Z9kDnB2dQZ"},"_chains":{"BZzk/FSnQL7WGYKqCZcyBoJw5rtJ9cECTCexVn6Cg+Ei":{"chainKey":{"counter":-1,"key":"n5jY9rqIuTDYfsUYvs2nO3K2fKbO9O8P4YK/AEOb6Vw="},"chainType":1,"messageKeys":{}}},"pendingPreKey":{"signedKeyId":17,"baseKey":"BeHn23/YsdjBuP0j9Lk8tNzdKM8E1SFdgORiDPnsdpxd","preKeyId":5810013}},"Bfx2btHILOmkOnRw316hp3QDYxNkyTVT+qyRiQn6ql1/":{"registrationId":1383738172,"currentRatchet":{"ephemeralKeyPair":{"pubKey":"BdCupgOBWpYxPTykbbiBgvslR5j7Sje9rwVqqt9vG5c7","privKey":"YOKKKGVyTqFbDFjKfJuCcfcleaiIB11WqFv/i6SX7FU="},"lastRemoteEphemeralKey":"BRzEviT0dJqu10in//TpP6d2b04qrUwg9cHb3fH7mbJh","previousCounter":0,"rootKey":"F4jrByG+pvZbCCHx0RR35c5tNOyUIjU22SMQxOm7yOA="},"indexInfo":{"baseKey":"Bfx2btHILOmkOnRw316hp3QDYxNkyTVT+qyRiQn6ql1/","baseKeyType":1,"closed":1755518900004,"used":1755518875314,"created":1755518875314,"remoteIdentityKey":"BekOBEQc6ZNg0RiRZR9VT2HWPGBblJp244Z9kDnB2dQZ"},"_chains":{"BdCupgOBWpYxPTykbbiBgvslR5j7Sje9rwVqqt9vG5c7":{"chainKey":{"counter":-1,"key":"5oYg/8RV8k9CR96mIT8CPq2dG5sjyVpusy7q2/o1ykY="},"chainType":1,"messageKeys":{}}},"pendingPreKey":{"signedKeyId":17,"baseKey":"Bfx2btHILOmkOnRw316hp3QDYxNkyTVT+qyRiQn6ql1/","preKeyId":5809935}},"BRzRtPTN9T4D6z2nFfWcCW1P6bvNHUpv+wZt3f/CRuxY":{"registrationId":1383738172,"currentRatchet":{"ephemeralKeyPair":{"pubKey":"BUayMKQOy0m2tBqeGNnn8lEeFt8qBRiS+uhL9h2kRjoa","privKey":"kNFMubf6YzMuHrSqVQiwL11D00778wF9uS64gWaBgUc="},"lastRemoteEphemeralKey":"BRzEviT0dJqu10in//TpP6d2b04qrUwg9cHb3fH7mbJh","previousCounter":0,"rootKey":"uC9hrni5xqA1NByxweDWgKCuL17cdkjZGqDoC4FZd38="},"indexInfo":{"baseKey":"BRzRtPTN9T4D6z2nFfWcCW1P6bvNHUpv+wZt3f/CRuxY","baseKeyType":1,"closed":1755518901005,"used":1755518900003,"created":1755518900003,"remoteIdentityKey":"BekOBEQc6ZNg0RiRZR9VT2HWPGBblJp244Z9kDnB2dQZ"},"_chains":{"BUayMKQOy0m2tBqeGNnn8lEeFt8qBRiS+uhL9h2kRjoa":{"chainKey":{"counter":-1,"key":"5gYYooMbnm3SZihk6bHe+SvVqLR68VT+ThDpeS9IhtE="},"chainType":1,"messageKeys":{}}},"pendingPreKey":{"signedKeyId":17,"baseKey":"BRzRtPTN9T4D6z2nFfWcCW1P6bvNHUpv+wZt3f/CRuxY","preKeyId":5810959}},"BSFl3X07Dqa9CtdJHh8qoyDcxNql3QtPBsOE1ZX3sG8b":{"registrationId":1383738172,"currentRatchet":{"ephemeralKeyPair":{"pubKey":"BXcGdm2HCnojWeiYnOhq2qtQ7nBbVRXFYg1I3ICQP+sT","privKey":"ANk00TZPqOzAv2BJbdAPA9a6CyfTpBnZUWSgy75Ti1Y="},"lastRemoteEphemeralKey":"BRzEviT0dJqu10in//TpP6d2b04qrUwg9cHb3fH7mbJh","previousCounter":0,"rootKey":"gS6sYDuHmXei4IP8JZi1+BY9IkSJbzCHZxVoRoNDSRk="},"indexInfo":{"baseKey":"BSFl3X07Dqa9CtdJHh8qoyDcxNql3QtPBsOE1ZX3sG8b","baseKeyType":1,"closed":1755518903051,"used":1755518901003,"created":1755518901003,"remoteIdentityKey":"BekOBEQc6ZNg0RiRZR9VT2HWPGBblJp244Z9kDnB2dQZ"},"_chains":{"BXcGdm2HCnojWeiYnOhq2qtQ7nBbVRXFYg1I3ICQP+sT":{"chainKey":{"counter":-1,"key":"UhPJpChlw4o6XmlpKIR3Zo8tkrTueXfV+1g5+/uZf4M="},"chainType":1,"messageKeys":{}}},"pendingPreKey":{"signedKeyId":17,"baseKey":"BSFl3X07Dqa9CtdJHh8qoyDcxNql3QtPBsOE1ZX3sG8b","preKeyId":5809876}},"BSMZQTnr08sC6/dahWDXkqAI20+Ml17bpY4OmTjBDPRF":{"registrationId":1383738172,"currentRatchet":{"ephemeralKeyPair":{"pubKey":"BcqTb6ebe6POFV/yUiew86b5qDieqrMllSyfA90/twt/","privKey":"SHwHQSvpJWa2GMO3D/4iUyqkgIuzo2sP6BaWHho80mM="},"lastRemoteEphemeralKey":"BRzEviT0dJqu10in//TpP6d2b04qrUwg9cHb3fH7mbJh","previousCounter":0,"rootKey":"eZU3pjetoxkZPFa15y/EHVdxIUyMOYCpFfvOKXmC+Us="},"indexInfo":{"baseKey":"BSMZQTnr08sC6/dahWDXkqAI20+Ml17bpY4OmTjBDPRF","baseKeyType":1,"closed":1755518903803,"used":1755518903050,"created":1755518903050,"remoteIdentityKey":"BekOBEQc6ZNg0RiRZR9VT2HWPGBblJp244Z9kDnB2dQZ"},"_chains":{"BcqTb6ebe6POFV/yUiew86b5qDieqrMllSyfA90/twt/":{"chainKey":{"counter":-1,"key":"rA9W9M25xsGy2cWf8MVypWkRS9AM4y+vtJau7mmiBso="},"chainType":1,"messageKeys":{}}},"pendingPreKey":{"signedKeyId":17,"baseKey":"BSMZQTnr08sC6/dahWDXkqAI20+Ml17bpY4OmTjBDPRF","preKeyId":5810041}},"BbsbjmKYHdmE54jgiNcHcgF38KAjPDhFpzumsqEo5iVV":{"registrationId":1383738172,"currentRatchet":{"ephemeralKeyPair":{"pubKey":"BXAvfjm3cQiCSxVOEw0moX+i9nzVRgTyS1NaCorYOlVe","privKey":"yB+Qu73zv162/ouT1wsdFp6IMFUBy0ARzrHVXNCKfUo="},"lastRemoteEphemeralKey":"BRzEviT0dJqu10in//TpP6d2b04qrUwg9cHb3fH7mbJh","previousCounter":0,"rootKey":"up3JMxSWNIrphJ/FEYVfazsjGlWLMC+iGJ/bXNxgpTA="},"indexInfo":{"baseKey":"BbsbjmKYHdmE54jgiNcHcgF38KAjPDhFpzumsqEo5iVV","baseKeyType":1,"closed":-1,"used":1755518903801,"created":1755518903801,"remoteIdentityKey":"BekOBEQc6ZNg0RiRZR9VT2HWPGBblJp244Z9kDnB2dQZ"},"_chains":{"BXAvfjm3cQiCSxVOEw0moX+i9nzVRgTyS1NaCorYOlVe":{"chainKey":{"counter":24,"key":"VkjjcHFZNP9sOx4nGmF1TUCU6Dpp7ZyYNJhGHW4QOHU="},"chainType":1,"messageKeys":{}}},"pendingPreKey":{"signedKeyId":17,"baseKey":"BbsbjmKYHdmE54jgiNcHcgF38KAjPDhFpzumsqEo5iVV","preKeyId":5811030}}},"version":"v1"}