{"_sessions":{"BRzU9mZ8owt/aO65Hl+Og9BCVBTHDUuIUcaNTnM7mvNu":{"registrationId":549399497,"currentRatchet":{"ephemeralKeyPair":{"pubKey":"BcQmlMvWgsqql+lb7xZkOD5Yf4ypdZEoOwtvOFh/R2AY","privKey":"cGz0wltnO76rFPVWGhHRjszROcl1NZrjr7AO8CcxfkI="},"lastRemoteEphemeralKey":"BUiSYGciWXV/QZvuOuCmx+ZmAt4sFClbLaPfySk9JNoo","previousCounter":0,"rootKey":"MnWUnWBVKSAH/hHvu6rxfrgOrgFMi75LpHeviYPTQ5Q="},"indexInfo":{"baseKey":"BRzU9mZ8owt/aO65Hl+Og9BCVBTHDUuIUcaNTnM7mvNu","baseKeyType":1,"closed":-1,"used":1755507317403,"created":1755507317403,"remoteIdentityKey":"BehbvCo8GmNIiw8Q+Au/KbRJx3bgs8zouy5Z0hl4wKdX"},"_chains":{"BcQmlMvWgsqql+lb7xZkOD5Yf4ypdZEoOwtvOFh/R2AY":{"chainKey":{"counter":25,"key":"mgWx+hJqbdrw1eGXQq0ZtvIeOT7M829T108NcsKBEUo="},"chainType":1,"messageKeys":{}}},"pendingPreKey":{"signedKeyId":3,"baseKey":"BRzU9mZ8owt/aO65Hl+Og9BCVBTHDUuIUcaNTnM7mvNu","preKeyId":2205589}}},"version":"v1"}