{"_sessions":{"BeWBywM/fx2c0DkWMC9E0qzJUU/zGnRpRmIV1s4Feqt6":{"registrationId":1626460583,"currentRatchet":{"ephemeralKeyPair":{"pubKey":"BYoxkOWwpNoOR6RaTpzvRToqroXRQ0rjSJ7c6EcclmMC","privKey":"CCflDYD+10PgCDNIUYaS77AZmQanTSWkdkdzYivUp1c="},"lastRemoteEphemeralKey":"BW6CVS1ayZyITYYnR4INBZqyFkiQYSbjW7NV+Vqa8W1E","previousCounter":0,"rootKey":"ZYg5SFprIi2UHQlAMJHHj8vaHL6TRpimZNz/9UlV2bo="},"indexInfo":{"baseKey":"BeWBywM/fx2c0DkWMC9E0qzJUU/zGnRpRmIV1s4Feqt6","baseKeyType":1,"closed":-1,"used":1756539020745,"created":1756539020745,"remoteIdentityKey":"BfjXKEWWYXTgsoMbNNM7qfgcLPkd7YIrXYMI3keMIKdX"},"_chains":{"BYoxkOWwpNoOR6RaTpzvRToqroXRQ0rjSJ7c6EcclmMC":{"chainKey":{"counter":1,"key":"7c/lvSxkI85CFyL8xLuAWbgIjfTYBQVzmdkK9DXuB9Y="},"chainType":1,"messageKeys":{}}},"pendingPreKey":{"signedKeyId":0,"baseKey":"BeWBywM/fx2c0DkWMC9E0qzJUU/zGnRpRmIV1s4Feqt6","preKeyId":5252578}}},"version":"v1"}