{"_sessions":{"BWrb7DXXc5VNVk09Kd7hf9qbKN/iy4OGyeoMH2YjUTwB":{"registrationId":5880,"currentRatchet":{"ephemeralKeyPair":{"pubKey":"BTNpmL2Q0nOZP3FTr4dkyENYbKVoKgt2Ixg4+uTaILFP","privKey":"SCGot2ywkkMktlJ//hWnm1WGDZg+eEaCe7JhYveAyFU="},"lastRemoteEphemeralKey":"BRh+mxyKeN/QuVNdPI6/WFDgRf53TH9M8u70/MzbQPIR","previousCounter":0,"rootKey":"/hk+fimlTeQs8mXdU8C+8FLORmO0+hak5Jm4HOcVkIQ="},"indexInfo":{"baseKey":"BWrb7DXXc5VNVk09Kd7hf9qbKN/iy4OGyeoMH2YjUTwB","baseKeyType":1,"closed":-1,"used":1755481289167,"created":1755481289167,"remoteIdentityKey":"Bf2f9NN6AdGWspL9QKVDcgsUx29JSEHeuVz/f1vUccwi"},"_chains":{"BTNpmL2Q0nOZP3FTr4dkyENYbKVoKgt2Ixg4+uTaILFP":{"chainKey":{"counter":4,"key":"n2gil4QwTKMbTiTZMLyvcFl+3q6DT7C1JziX0nSwAMY="},"chainType":1,"messageKeys":{}}},"pendingPreKey":{"signedKeyId":1,"baseKey":"BWrb7DXXc5VNVk09Kd7hf9qbKN/iy4OGyeoMH2YjUTwB","preKeyId":1445}}},"version":"v1"}