{"_sessions":{"BQawNLQat/AsdYDja/JdotFKjJC9/IVvhqOdbTplsKkX":{"registrationId":1898859489,"currentRatchet":{"ephemeralKeyPair":{"pubKey":"BSTeMaqLJ7yTuzfPBSLKOZ9/0tlD3INGxtemXHzkyMwe","privKey":"8C3q19kqwhOhLBBfK51yKPV1cYBW9yK+5hNDTBnKVHQ="},"lastRemoteEphemeralKey":"BVx8/iNTCK9PFvfHkely8g9Q78wgtisSE0Cky8T5Sygp","previousCounter":18,"rootKey":"kHph7we9+kWyx2u9hrx0GgLw2SS/5cJw3Vnxy1PixEw="},"indexInfo":{"baseKey":"BQawNLQat/AsdYDja/JdotFKjJC9/IVvhqOdbTplsKkX","baseKeyType":1,"closed":-1,"used":1756024713476,"created":1755507317714,"remoteIdentityKey":"BbeSCGuwgb3IHOdf9a/ZFrJ94PS/scGgqrig4y2F9oMi"},"_chains":{"BVx8/iNTCK9PFvfHkely8g9Q78wgtisSE0Cky8T5Sygp":{"chainKey":{"counter":1,"key":"e2LAfiVs9fIOQu1LYHDG6E9ZBEjk97FmPy7aVPBp13k="},"chainType":2,"messageKeys":{}},"BSTeMaqLJ7yTuzfPBSLKOZ9/0tlD3INGxtemXHzkyMwe":{"chainKey":{"counter":6,"key":"cW8Ry9lz4on3xFvNCvPd4xNcN4LE+S11VVemjuW0l7M="},"chainType":1,"messageKeys":{}}}}},"version":"v1"}