{"_sessions":{"BWlTNktr7KNtBZnALEBevTr/1HsOR5DDA+jpybZcRmR8":{"registrationId":18,"currentRatchet":{"ephemeralKeyPair":{"pubKey":"BdUJ7l3q/NLrfpO3D/YUKPI/QLcIfZNfTw6PCc6JgDlF","privKey":"eEQgzmJi8s23Akc5QZOE96ml6klGS5koAYFcR20BYl4="},"lastRemoteEphemeralKey":"BctqNFc+hg+tUwXfTB09wjUowADkHVpTyprRTgD1sDpU","previousCounter":0,"rootKey":"R/TGQQVMnypoeU7ldi/MVQn0V8JNK0d9B7S6MetgCDE="},"indexInfo":{"baseKey":"BWlTNktr7KNtBZnALEBevTr/1HsOR5DDA+jpybZcRmR8","baseKeyType":1,"closed":-1,"used":1755882013846,"created":1755882013846,"remoteIdentityKey":"BV0DXghLszAK5dMbW0dGDwmQv0WWW3pRJvUAap14kjM2"},"_chains":{"BdUJ7l3q/NLrfpO3D/YUKPI/QLcIfZNfTw6PCc6JgDlF":{"chainKey":{"counter":4,"key":"WfBl8PKobRz1CJL/iIXgtlgGNmolu9tpTmRz7VWGx5Y="},"chainType":1,"messageKeys":{}}},"pendingPreKey":{"signedKeyId":1,"baseKey":"BWlTNktr7KNtBZnALEBevTr/1HsOR5DDA+jpybZcRmR8","preKeyId":435}}},"version":"v1"}