{"_sessions":{"BbOMXS4Z/5gHzOtfoaRynKCZ0T/cwhBbZRmAwnQMhG9D":{"registrationId":37,"currentRatchet":{"ephemeralKeyPair":{"pubKey":"BXXih9Q2cA9Jqke/UuYQtREdQJbIesiimfWIT1wIWcBg","privKey":"sLdpfBXTP7R2gNRUymTg1NY+Lki1JAXQbhLslVfOmmY="},"lastRemoteEphemeralKey":"BTqaZtspWFCxmt/aREkdWVr09XnWNZ59KbIkV6/idSct","previousCounter":0,"rootKey":"XQCgxiYJtEA4+1GGpMRf5kL7VkZAvrLHCN/7jdPtPjc="},"indexInfo":{"baseKey":"BbOMXS4Z/5gHzOtfoaRynKCZ0T/cwhBbZRmAwnQMhG9D","baseKeyType":1,"closed":-1,"used":1755492398398,"created":1755492398398,"remoteIdentityKey":"BUML7AQAxFRDEEB4qnt1Y0Srj+Np23NXFfSGPc+OZhR4"},"_chains":{"BXXih9Q2cA9Jqke/UuYQtREdQJbIesiimfWIT1wIWcBg":{"chainKey":{"counter":17,"key":"j3WrFDWuFT8zzLyvER40gB4Hqm/I8jV5UPdX6lXopKI="},"chainType":1,"messageKeys":{}}},"pendingPreKey":{"signedKeyId":1,"baseKey":"BbOMXS4Z/5gHzOtfoaRynKCZ0T/cwhBbZRmAwnQMhG9D"}}},"version":"v1"}