{"_sessions":{"BanIJTCpRrTILBM9OG1MZJtGpbv1aFDse2oiMHXS32Z5":{"registrationId":1771211709,"currentRatchet":{"ephemeralKeyPair":{"pubKey":"Bcp70/PHX53xy6HEH4iIAWiUo4zKTkJhkPBAJk+gO7xf","privKey":"oKM106Sg9QfeWer2oPTO3fYne3Gp8eqK3/3P/n9lrV0="},"lastRemoteEphemeralKey":"BeD5NTIyKlHqD29VBzS2cREVAgrUfPJj7hj72mOLp1Nj","previousCounter":0,"rootKey":"Mvxw9o4K5aUe6et9REh9DyX2BFZ6dH7vzWxQnNDBLHo="},"indexInfo":{"baseKey":"BanIJTCpRrTILBM9OG1MZJtGpbv1aFDse2oiMHXS32Z5","baseKeyType":1,"closed":1756206286806,"used":1755989821218,"created":1755989821218,"remoteIdentityKey":"BXG6lNFa49Kb0OFe1Apv4wK8Ax8U4SCvzoNg1uY8cL0M"},"_chains":{"Bcp70/PHX53xy6HEH4iIAWiUo4zKTkJhkPBAJk+gO7xf":{"chainKey":{"counter":1,"key":"fSETg5p1rKPQNv4ShIeb914l3zdhN4UYAc6MLkp3uBE="},"chainType":1,"messageKeys":{}}},"pendingPreKey":{"signedKeyId":1,"baseKey":"BanIJTCpRrTILBM9OG1MZJtGpbv1aFDse2oiMHXS32Z5","preKeyId":34}},"BXMXO200eHzQB4Q37ntjGE398jGwxlFVe3272frZpeJk":{"registrationId":1771211709,"currentRatchet":{"ephemeralKeyPair":{"pubKey":"BeiNw7gEGZqw3ZZ3k5BxQ9fDu86oGsO1a5/t/gb79cJ+","privKey":"YCUscy+bF6ZTNOOBOX5Jww7HcPkQ8g2KE0Jh5aa6Rlg="},"lastRemoteEphemeralKey":"BeD5NTIyKlHqD29VBzS2cREVAgrUfPJj7hj72mOLp1Nj","previousCounter":0,"rootKey":"1e+fXamGcBa6vosIXSdb5ax/LMuvDaawChZ53Aml1Pw="},"indexInfo":{"baseKey":"BXMXO200eHzQB4Q37ntjGE398jGwxlFVe3272frZpeJk","baseKeyType":1,"closed":-1,"used":1756206286801,"created":1756206286801,"remoteIdentityKey":"BXG6lNFa49Kb0OFe1Apv4wK8Ax8U4SCvzoNg1uY8cL0M"},"_chains":{"BeiNw7gEGZqw3ZZ3k5BxQ9fDu86oGsO1a5/t/gb79cJ+":{"chainKey":{"counter":-1,"key":"mTlOHGYYqK23BJoWu2lYPpH+MZqZSznSedFwaLNhhJM="},"chainType":1,"messageKeys":{}}},"pendingPreKey":{"signedKeyId":1,"baseKey":"BXMXO200eHzQB4Q37ntjGE398jGwxlFVe3272frZpeJk","preKeyId":158}}},"version":"v1"}