{"_sessions":{"BfZO3N5lUGtNm0p/cDorCLx89tqh6hh5Ry0xfsDOYZga":{"registrationId":822028607,"currentRatchet":{"ephemeralKeyPair":{"pubKey":"BabHYytN5BvMGiBIMSRc8chnEIsn9gFlxDbS7dreCap7","privKey":"QOnyw42LZfgLjTQwecoHGMrTRFvhk288S/KI8Zq21nk="},"lastRemoteEphemeralKey":"BcjsGAViCU93oxz/PHOhTUX35ZrEe9GLOZPtzwnqWLYK","previousCounter":0,"rootKey":"OBx97VA9bgC0HCPJpTeMMxV6d7aUbKuUXZc6jzravjY="},"indexInfo":{"baseKey":"BfZO3N5lUGtNm0p/cDorCLx89tqh6hh5Ry0xfsDOYZga","baseKeyType":1,"closed":-1,"used":1756270525505,"created":1756270525505,"remoteIdentityKey":"Be4FqpJVaVp9yFjf4i1SVTlwDLWwmiU0IP2M8A+r7dh6"},"_chains":{"BabHYytN5BvMGiBIMSRc8chnEIsn9gFlxDbS7dreCap7":{"chainKey":{"counter":8,"key":"JR4JvBjKVtZOan1J0fcCpd0VsKJxAhn2hH7BS+kwJoU="},"chainType":1,"messageKeys":{}}},"pendingPreKey":{"signedKeyId":1,"baseKey":"BfZO3N5lUGtNm0p/cDorCLx89tqh6hh5Ry0xfsDOYZga","preKeyId":8883917}}},"version":"v1"}