{"_sessions":{"BQLUyBa4XjFIjSjZOH5TQ5NXbt58SWRcNoFcWtuErLAU":{"registrationId":294031814,"currentRatchet":{"ephemeralKeyPair":{"pubKey":"BYfrpAXC71MPghkgcMWZWWHCzge/kdVmu8g/x4lr3cJJ","privKey":"aBnHuHzhB+KzjZoEpBe45aE3vhBmJBen7YxwNtrSj04="},"lastRemoteEphemeralKey":"BVU045GwhLj6G6dASnciw1FkTrWRTme567D5xq/T1QwB","previousCounter":0,"rootKey":"gE4XKQ8QYujrEslNC19wTLAOXDkuWvQf0RyeWGHjd7U="},"indexInfo":{"baseKey":"BQLUyBa4XjFIjSjZOH5TQ5NXbt58SWRcNoFcWtuErLAU","baseKeyType":1,"closed":-1,"used":1756345544954,"created":1755507317353,"remoteIdentityKey":"BYk3UTWh4xrs6yBXTvLyXhmqYkGuDDLMiBfReOfCKJZS"},"_chains":{"BUejDG8QntcjmNao+w1RsRwmcgE0BshwHBaiZ6TVGlVw":{"chainKey":{"counter":0},"chainType":2,"messageKeys":{}},"BebWBPllxqBZGPKFUdsSZQpx2lt/pLLKXuJJgEDRpwZh":{"chainKey":{"counter":0},"chainType":2,"messageKeys":{}},"BRlpgrQ1GcbHrZ0opEffbWDy5+QbFTPXUWTYBObpp5EN":{"chainKey":{"counter":0},"chainType":2,"messageKeys":{}},"BdeTV1WGNoX+nFUu+EExmXT8Zp2gl0chmZ+M2MasME0v":{"chainKey":{"counter":0},"chainType":2,"messageKeys":{}},"BcZmKQNkgkLlWNgTqqCRZhtz+YX2o6CR5h6JANYGjiQ8":{"chainKey":{"counter":0},"chainType":2,"messageKeys":{}},"BSzSf6zpZ7NDJJywyHYVZAfcSqZ2HPIMYpJSJfzxekFM":{"chainKey":{"counter":1},"chainType":2,"messageKeys":{}},"Bes2z+3Lr4pLuh5X5P20LsAGK1oMlzpIympVXO9ILfUk":{"chainKey":{"counter":1},"chainType":2,"messageKeys":{}},"BTejr5N9mLdhrD/Co6q5PWvE9KHKSl8OXAO8/0HZgDNV":{"chainKey":{"counter":0},"chainType":2,"messageKeys":{}},"BQ6Jzv+RyOTLdUdpVp0vFUbjF1QnFcMrurrHQjj21Noc":{"chainKey":{"counter":0},"chainType":2,"messageKeys":{}},"BdsMfz0wDsIVYWsiK5k5gC4dfp0OwkwCWtXFM+a/aEoR":{"chainKey":{"counter":2},"chainType":2,"messageKeys":{}},"BVU045GwhLj6G6dASnciw1FkTrWRTme567D5xq/T1QwB":{"chainKey":{"counter":0,"key":"g+8YmbQijRmeGXObIYcaoouF/IE6S9kELfW1bvSq3gc="},"chainType":2,"messageKeys":{}},"BYfrpAXC71MPghkgcMWZWWHCzge/kdVmu8g/x4lr3cJJ":{"chainKey":{"counter":3,"key":"YGqdxtBkignEU96HEjM3Q4jQf9DB/gbApo1M1lE0wGw="},"chainType":1,"messageKeys":{}}}}},"version":"v1"}