{"_sessions":{"BZB69yrDxLY7s0jaeK+XoIYTs8UGd/jRQP6EX31HQoRe":{"registrationId":2748,"currentRatchet":{"ephemeralKeyPair":{"pubKey":"BRVdA4gwCp8t3uveqP1LWrkp75Oc+MJ6PPeVBtfJPwhx","privKey":"GLGo/D/d5EHSgVdIIileTu33HfHzJXnt12Tx5dJ8w1c="},"lastRemoteEphemeralKey":"BT1dVx+1UrX8o3ZViV0iaFG7Ju/VlN9DQ2ZE92q8bHlS","previousCounter":0,"rootKey":"7Vi/cfjXksQQQuFP6GVUj8D+8MOyjC5fqMwrDLlRZrw="},"indexInfo":{"baseKey":"BZB69yrDxLY7s0jaeK+XoIYTs8UGd/jRQP6EX31HQoRe","baseKeyType":1,"closed":-1,"used":1755954539331,"created":1755954539331,"remoteIdentityKey":"BbNs5cRJaZyCwLeDi4LFod58gjVBpvUCblOYlZsmwu8s"},"_chains":{"BRVdA4gwCp8t3uveqP1LWrkp75Oc+MJ6PPeVBtfJPwhx":{"chainKey":{"counter":0,"key":"ECs0DXmQVj6m6PzHDSPWs+4OnljQoJgt1eqMPVRGwSU="},"chainType":1,"messageKeys":{}}},"pendingPreKey":{"signedKeyId":1,"baseKey":"BZB69yrDxLY7s0jaeK+XoIYTs8UGd/jRQP6EX31HQoRe","preKeyId":75}}},"version":"v1"}