{"_sessions":{"BStDbY0wrAeWEDz412tVbgm1lAFGSmAk7YDNcubf8dQi":{"registrationId":1347683410,"currentRatchet":{"ephemeralKeyPair":{"pubKey":"BeD0Vyb5kmrVG/DFzvidR3vlWUPbcOOmX0SSlnin3zQL","privKey":"aC3yheIjWFfExPtyZyUWAJElU+9ijC3ARv9sf0R71XI="},"lastRemoteEphemeralKey":"Bb41Uv/bfjOqpxpwP+N+mHWMKPXGXQJkx8aPyg8cI1kT","previousCounter":0,"rootKey":"9+TFPcqmSLuwBDS2JFemw+6wgWHjfJyZIgZo3seG62Y="},"indexInfo":{"baseKey":"BStDbY0wrAeWEDz412tVbgm1lAFGSmAk7YDNcubf8dQi","baseKeyType":2,"closed":1755740562831,"used":1755708579044,"created":1755481245638,"remoteIdentityKey":"BSu0LZAuhYDEy5u3axhX+pl4c2xgTaRd30Sj0UxATqts"},"_chains":{"BdFY3rB0xmDmlRdVz1DBTFXScXp+9wPCJL3dtfNzMJNA":{"chainKey":{"counter":0},"chainType":2,"messageKeys":{}},"BZNrfmrPbXA9V5tf0FJu2zvuzsUh5/1qvMPdrxEgrgVZ":{"chainKey":{"counter":0},"chainType":2,"messageKeys":{}},"BSiX95gehP4BvOrYGwG46xItCIdm0hsm+K3bUQWAjLIE":{"chainKey":{"counter":1},"chainType":2,"messageKeys":{"0":"8E/KtP/g8/l0Xd43vnW2TmjRSwG7rUmwSaa3vMNIYog="}},"BbG/XxiH6Y/7ULzSlRxkwwSma1ajDqXRChzUk4NPyl9N":{"chainKey":{"counter":2},"chainType":2,"messageKeys":{}},"BTez7NoHo/Cte7dnXKJNWqsG5NrvO+1UNxhvL9eQfeVD":{"chainKey":{"counter":0},"chainType":2,"messageKeys":{}},"BQy40uTaDIy/sxbDDxPfQ/oBxwGwnxUfL6JRj+xc62N4":{"chainKey":{"counter":1},"chainType":2,"messageKeys":{}},"BaVPmfbxD8Cilo8nMEeFQ0yt8bh5Xx6J7g+2KaSaRtMy":{"chainKey":{"counter":0},"chainType":2,"messageKeys":{}},"BXk89RVbKAG3f7zwcEh07+MTOf5h3i31s2n9nawdXFxU":{"chainKey":{"counter":2},"chainType":2,"messageKeys":{"0":"CEmiomOaY3MhZWhZ2u+OafC+3NrwYF+3jXMSiSCpm4Q="}},"BQ1nO3WOMugSggXWLtM9hMpcKTKVy3MnCTs7WIfAaHA2":{"chainKey":{"counter":0},"chainType":2,"messageKeys":{}},"Bf3UTPNMDU5XjHZdjU385RKka93x6tsp8A1C7gbblvxc":{"chainKey":{"counter":0},"chainType":2,"messageKeys":{}},"BRKMQ4z5Rl+Jv6XKd+m2IRzW4ZscxqlNneE95ejZ3gJn":{"chainKey":{"counter":0},"chainType":2,"messageKeys":{}},"BbsaJlgAFloTVuN82T0qmUSsqbYzzSog2GxW5edHiyc2":{"chainKey":{"counter":1},"chainType":2,"messageKeys":{"0":"w1DJMcq6dYOJ7Lzqm/CxYY8bE21Azc34hm3WkcSliw8="}},"BWfbJ+ZTICIRmQRKeEewfCBNr6O1wxYo1+iHU6iy1Hpr":{"chainKey":{"counter":0},"chainType":2,"messageKeys":{}},"BUJRI6mHdhapo2j6snGLf9aWOO+CuPhQmrMwDLsesHkF":{"chainKey":{"counter":0},"chainType":2,"messageKeys":{}},"BQJLyvMUmMo279m80mR8qA7XgpsSmRG8fF7VGGaKyzpY":{"chainKey":{"counter":0},"chainType":2,"messageKeys":{}},"Bb3A3woPv+jtzCVuE63NdvKbSsZ24MEzTXofhi8VGRYG":{"chainKey":{"counter":0},"chainType":2,"messageKeys":{}},"BehFp8Dqot7vp6F7Oxo0D1N+DiIEf6f8SM1rdsyQxYF9":{"chainKey":{"counter":0},"chainType":2,"messageKeys":{}},"BRWLXKhYxQWhU3S/KAQxPVGjNNGZOwURws0nHC1Q0b4Z":{"chainKey":{"counter":0},"chainType":2,"messageKeys":{}},"BRRkzhTL7iwYsLTtKu/4G3IoCLcDfNTI7JydgtQsCGAY":{"chainKey":{"counter":0},"chainType":2,"messageKeys":{}},"BWaaGNHCZnQ/6m1Njp4T4GmH/ikQtlgmcH+2Ba3VL/RQ":{"chainKey":{"counter":0},"chainType":2,"messageKeys":{}},"BZ0malEAKNPpw9uE+pHC4oNOjMmxGiX7hrCNJBygOftx":{"chainKey":{"counter":0},"chainType":2,"messageKeys":{}},"BXmacQvwcq0+X+GZxYvvU/siZWCgwJJR5TmrbLud7Hd8":{"chainKey":{"counter":0},"chainType":2,"messageKeys":{}},"BW1FAfcnqBgOilmtnLqOqkiaA0x+tZF9EhCJCN0YNDxZ":{"chainKey":{"counter":0},"chainType":2,"messageKeys":{}},"Bb/T5MC+Fjmxs2/KZaRRlgy90ARnVjGHzweAmA8LgdtI":{"chainKey":{"counter":0},"chainType":2,"messageKeys":{}},"BZtyqlhnAxcDBkVe+nu9FozQf8gGM83qvBqFCG9cRppP":{"chainKey":{"counter":1},"chainType":2,"messageKeys":{"0":"psq03LgCqsnl430VopcOn2iZAisN8i0IBfzwLtGaeFI="}},"BY16sS+HO7YdvDNNJ/5rznEjGP3BYS7c6lK+2tKepAIj":{"chainKey":{"counter":0},"chainType":2,"messageKeys":{}},"BVYXqybGFRijQVAaxgsoRqV9Ajk3AB1mRgnZKGbNupd4":{"chainKey":{"counter":0},"chainType":2,"messageKeys":{}},"BZ1a6DqhBl7w5yEFIn8KKG+WZFvm/7PCuUojVHDBzcoi":{"chainKey":{"counter":0},"chainType":2,"messageKeys":{}},"BQpoGDZKAvdsuNT4YPqB0vJxBMMwSJV7F7FMAtrVmqYZ":{"chainKey":{"counter":0},"chainType":2,"messageKeys":{}},"BZbJOOpjoVMJtkowliyTI0299kkjxN8Iw01QFAE7FZgR":{"chainKey":{"counter":0},"chainType":2,"messageKeys":{}},"BVHa6/xAJFKz95Q+4TH6kJ5EuJa842XCNtfgqtrva8Uh":{"chainKey":{"counter":0},"chainType":2,"messageKeys":{}},"BdjpEpyc0vxSycG5kEXT108DuiN5mQ2T5mWTp7L+QKhZ":{"chainKey":{"counter":0},"chainType":2,"messageKeys":{}},"BVGfzu7VCixmTYVzQghI4eyDZOIriFU9mF9oSVL0tuAq":{"chainKey":{"counter":0},"chainType":2,"messageKeys":{}},"BUwuGhzwX4ECNQ8ey0E5fD1BqBTvPJRPgyaMDtdn0qFv":{"chainKey":{"counter":0},"chainType":2,"messageKeys":{}},"BZFZb58yRykuLkbxBX2ehv4MOku5hWPRoLQoTxPNJbBC":{"chainKey":{"counter":0},"chainType":2,"messageKeys":{}},"BVNte9XrZZnjndC/UcCtyTclU+ziCuKoQMSRUNcjvHdm":{"chainKey":{"counter":1},"chainType":2,"messageKeys":{}},"BUzKhhonzO94dTKmxDwX6DcTY5bGBbmVdscNx+a7CV5w":{"chainKey":{"counter":0},"chainType":2,"messageKeys":{}},"BeqJmkfgStfamW/mJk1HlNqc6RHYbiCyfV29uw/ogUM7":{"chainKey":{"counter":1},"chainType":2,"messageKeys":{}},"BWX0NJFAHEpKZQw6uRiZZEfHwY8UB+o3Fmb5FkTUX0JA":{"chainKey":{"counter":0},"chainType":2,"messageKeys":{}},"Bc/osCT0YcJodjbdcFSbaHefJWWB5sh/Lkdbk1ZYFtcD":{"chainKey":{"counter":0},"chainType":2,"messageKeys":{}},"BYG0+1FUKQooAlHBq5VGWQzp25w3aw7s2ps/GzwQwbx+":{"chainKey":{"counter":0},"chainType":2,"messageKeys":{}},"BUDgI24bZQupw4nuH/g449XHJomu/V9AoyJBk+8Vsiwt":{"chainKey":{"counter":0},"chainType":2,"messageKeys":{}},"BeSWb/CSP0pFUJacoR39+IWJTi1A6NeHHnHkQr2kA+wS":{"chainKey":{"counter":0},"chainType":2,"messageKeys":{}},"BR9nl7YYMJ8bRcqzFHedIAKzLV4nNAA630XI8WMHrAxX":{"chainKey":{"counter":1},"chainType":2,"messageKeys":{}},"BSZX4ZMT/DIHcPmsnAnZ6mwt9xLUOoEMGtIOc/2Wzb08":{"chainKey":{"counter":0},"chainType":2,"messageKeys":{}},"BRqvN9MfiLp9k4LZOy2wqRChm2t7p3DVlzF70lGhErM8":{"chainKey":{"counter":0},"chainType":2,"messageKeys":{}},"Bck6md/tSY9XlmfjkGh6RJCvttlqMHcmGvfiKlTio2AI":{"chainKey":{"counter":0},"chainType":2,"messageKeys":{}},"BadoQXCfC/0unwi1ukj1QyH0Q3l3PnG+UnrlFEeR2Y50":{"chainKey":{"counter":0},"chainType":2,"messageKeys":{}},"BRZufgwBblcI686Bf8twnRT6VznPQ78Sa0rrIWLNy9MN":{"chainKey":{"counter":0},"chainType":2,"messageKeys":{}},"BSl8DUB2r2MBdF2/8LeKgpDTF8ylcx7cZxAeWfSP2QAU":{"chainKey":{"counter":0},"chainType":2,"messageKeys":{}},"BYmTTT8d7GmBLFXln5NPyhIcGy84d1xiTE2uqJqgoIxO":{"chainKey":{"counter":0},"chainType":2,"messageKeys":{}},"BVOOe5u0nK+RrLyqZCOkWZUnRDlvvbljBOh+5pNnpvUy":{"chainKey":{"counter":0},"chainType":2,"messageKeys":{}},"BaiZYSXsQ6tQ4MdQ+1Bfc98cwv53c/uZzDpC90W6Olk7":{"chainKey":{"counter":0},"chainType":2,"messageKeys":{}},"BY/F++Nj1LjgbaNbwGknCQI52igdrIq9A5fgeZ7CFk00":{"chainKey":{"counter":0},"chainType":2,"messageKeys":{}},"BYDoqDTitznaP8nTjWi1AFOrR8YcWXC7lwY5rRjD0oJQ":{"chainKey":{"counter":1},"chainType":2,"messageKeys":{}},"BVz0NyE6On0dmWeX0smW7bxbqxTHQH5H/9xMCSJx8wpj":{"chainKey":{"counter":0},"chainType":2,"messageKeys":{}},"BbL5DyeQX6maLQ29EXIT1dWMAI8Mt6uC5uy1NnC0njdR":{"chainKey":{"counter":0},"chainType":2,"messageKeys":{}},"Bf+9O2RLRROUZHc2PRQPUnnl4+kOr9FyeVJq+cndm8tQ":{"chainKey":{"counter":0},"chainType":2,"messageKeys":{}},"BZEDMbSnwm0R+Y7rAkMZ5oYNgsSb6oEaOwNGKRF+V3Jk":{"chainKey":{"counter":1},"chainType":2,"messageKeys":{}},"BbytCBtmvE4uT+FAQ6nrjKxdtyZk0DjWLHsEKAF+B+kq":{"chainKey":{"counter":0},"chainType":2,"messageKeys":{}},"BSL2VPSEs5kryil4t7UyguNKhslbopxOFEnUrYhnWsNh":{"chainKey":{"counter":0},"chainType":2,"messageKeys":{}},"BetLdyQzyou8eRl+IeAsqeOYuQ/y2NGxamKiSsZBsCMC":{"chainKey":{"counter":1},"chainType":2,"messageKeys":{}},"BXTSbpLG5511Q0p1LBhkTHFpceC1nEzbhUvkdhR6AAxk":{"chainKey":{"counter":0},"chainType":2,"messageKeys":{}},"BcJ4k5h0pzb8S5+XzXiWtcU8qdClYGJOAVJ+vn4RP1sF":{"chainKey":{"counter":0},"chainType":2,"messageKeys":{}},"BbgHNRrAuTceF2S3U+nx2pzDUS0Q/pbW+c/Knh/whAcy":{"chainKey":{"counter":0},"chainType":2,"messageKeys":{}},"BRmLJYb/oWhI77DjmUXWYFiP6e679GsqAj7pXx7r6vZX":{"chainKey":{"counter":0},"chainType":2,"messageKeys":{}},"BS48TLMHIY7tZUQlVB5VyloJuBtJXDTg/9oRPi3Nur1A":{"chainKey":{"counter":0},"chainType":2,"messageKeys":{}},"BaTJntYGD8O4IZKjJglZkYvnILI1w8i8KIw2h4YdtYRk":{"chainKey":{"counter":0},"chainType":2,"messageKeys":{}},"BepC19iliMXz/I3+GbgutuQQd+BTirubpYS0xSUuudtW":{"chainKey":{"counter":0},"chainType":2,"messageKeys":{}},"Bbf7PwuP2sF76/nM/NRzCtkffb7pQW9Dzty/1Ai9ln1F":{"chainKey":{"counter":0},"chainType":2,"messageKeys":{}},"BQT/VrXVIIF1S5JehsGhkR97ZNrlV7HCcuffU5UXiQRL":{"chainKey":{"counter":2},"chainType":2,"messageKeys":{}},"BcYBMzGysuTeHtVbkiahLM8tmy8dxevC+XnGm1owAXsX":{"chainKey":{"counter":0},"chainType":2,"messageKeys":{}},"BRKVq2BAfLl0i7bryLpBcf/Y2/bDXd5w6AVQdyYJTpcJ":{"chainKey":{"counter":0},"chainType":2,"messageKeys":{}},"BaT/9SKEC1Yun1EG8XUEYJ/FWJ0NA696I5QQwZW1gAIE":{"chainKey":{"counter":0},"chainType":2,"messageKeys":{}},"BcAg3nJrknWITJmF/hK+9zhUQmTL6uCG9jv1DpgOzbNT":{"chainKey":{"counter":1},"chainType":2,"messageKeys":{}},"Befax8i0X9jmhGHhzrz331bxcJ75fEwKZ0mfYZSA03sk":{"chainKey":{"counter":0},"chainType":2,"messageKeys":{}},"BbYpHhcSUgS1UiJwxlQre499dETYK0nXmuB/rz2QcxFC":{"chainKey":{"counter":1},"chainType":2,"messageKeys":{}},"BYGOP4oxK1X1rWXkigPzQyUWV9e3Zaih/K0wCmFdpvgw":{"chainKey":{"counter":0},"chainType":2,"messageKeys":{}},"BXqgHCwZtTVnZ1k1K2BGnMhAp09nyb39LbaJ3A8bXuBC":{"chainKey":{"counter":0},"chainType":2,"messageKeys":{}},"BVAdp+wIyklHDdDu/wl0zpDp2uGvn+cTEX2VVCE0nY9E":{"chainKey":{"counter":0},"chainType":2,"messageKeys":{}},"BXQYyVdr0aDy8SkwPvWrT/y5lpqTgZK6vuFaTbQwnuMY":{"chainKey":{"counter":1},"chainType":2,"messageKeys":{}},"BdnGEnbHOJSL0Q9mnAWcBu1lhj2eSfuzeLB2j0UESuUS":{"chainKey":{"counter":2},"chainType":2,"messageKeys":{}},"BRmB8wf+3krV/ptVCNcsyrHYesxqye4y5icCusOV3OVN":{"chainKey":{"counter":0},"chainType":2,"messageKeys":{}},"BYU1ZDN4x3Gd5gs1Oeulvu9JHLcB1IVpuO4jue3XY2BC":{"chainKey":{"counter":0},"chainType":2,"messageKeys":{}},"BWjL6gf3xH+hD8iijEozwFqoWOBkU/Htq7miD0IFG/UE":{"chainKey":{"counter":0},"chainType":2,"messageKeys":{}},"BfxmARcYisK0RY3bF2QwLD/p2dB9Uq1YWtGMCFUIE3ZY":{"chainKey":{"counter":0},"chainType":2,"messageKeys":{}},"BZjXXph4OtUmhUE+nb+1xblTLmaFSNQ0+ee8J9op985J":{"chainKey":{"counter":1},"chainType":2,"messageKeys":{}},"BTafAPIjqBFfGcrFxg51rGXkP6S0RYhz+wbX9IQL0W9b":{"chainKey":{"counter":0},"chainType":2,"messageKeys":{}},"BS2lG31Oxi+RYijvyNFMnp3iyt0rFxW5LscwmHmpNE4T":{"chainKey":{"counter":0},"chainType":2,"messageKeys":{}},"BflxEuNKt7dNeatCuq2dheLnjwPw/mf0AjVL2MZjdcEs":{"chainKey":{"counter":1},"chainType":2,"messageKeys":{}},"BUNA+7MJeSmrSIOHjoSGq7JrIC0nCctxQ3pjnoCdM/gs":{"chainKey":{"counter":0},"chainType":2,"messageKeys":{}},"BW0JO25Gh4CyRRi+STvvfWQh3jp8XHo0UwjRu/U6sTBx":{"chainKey":{"counter":0},"chainType":2,"messageKeys":{}},"BRmCj1KcQAxmANq8aQ0acTp64YOeCXagGq3dz8g0uqxF":{"chainKey":{"counter":1},"chainType":2,"messageKeys":{}},"BUfcBUqdcQrMfG7z/qYjqRS/BU6xNyAZrpm57C7iHFwO":{"chainKey":{"counter":0},"chainType":2,"messageKeys":{}},"BfBcKJxOfNsGdazSUa/LPL72dx3E3Nle9MnM7CNthXlI":{"chainKey":{"counter":0},"chainType":2,"messageKeys":{}},"Bb41Uv/bfjOqpxpwP+N+mHWMKPXGXQJkx8aPyg8cI1kT":{"chainKey":{"counter":0,"key":"scRQHosmOGA/nA6xWpvPbWPJL2FRlkM3vB0MPMhqCgk="},"chainType":2,"messageKeys":{}},"BeD0Vyb5kmrVG/DFzvidR3vlWUPbcOOmX0SSlnin3zQL":{"chainKey":{"counter":0,"key":"b/solWwB5Z87AQ4ZXJ6ysktHrmkNSQJt0bT2/4gbB1A="},"chainType":1,"messageKeys":{}}}},"BU7+F7tMnmoTi4fd7xN4i9e8UHl/dXDFT4iGS1QsXp1F":{"registrationId":1347683410,"currentRatchet":{"ephemeralKeyPair":{"pubKey":"BYVTDViqdrcUuMKD47Q+BSIhLsXSsTVLd+RMF9cuQw0v","privKey":"YNR35Fqy1tKdwHQ7dJ8GdOR44dUd5uSik8vZgKaRN0c="},"lastRemoteEphemeralKey":"Bd8HTeplqC/WrFbpFrTJoBs2O/ygkwK9ndEu+JmaMPEG","previousCounter":3,"rootKey":"55gQgW8sLq6CnJfY0rTbgVNW6cP9xZbIxOFZQuME65A="},"indexInfo":{"baseKey":"BU7+F7tMnmoTi4fd7xN4i9e8UHl/dXDFT4iGS1QsXp1F","baseKeyType":1,"closed":1755948847465,"used":1755943272045,"created":1755740562829,"remoteIdentityKey":"BSu0LZAuhYDEy5u3axhX+pl4c2xgTaRd30Sj0UxATqts"},"_chains":{"BToeQxeAdIfPFd46ugvKEgpmgxRyDDrI5ifDblWoECVM":{"chainKey":{"counter":0},"chainType":2,"messageKeys":{}},"BegKz9VCiiSSDmHr19YYdKJNkURhyb8eNgWQGzoBgCcr":{"chainKey":{"counter":0},"chainType":2,"messageKeys":{}},"BdmQCIFREazXKh0mmADyFfiTk5ON/mtO5nWY+Xdx9G0m":{"chainKey":{"counter":0},"chainType":2,"messageKeys":{}},"BRKC8UoS3mPz0fEsDvQrX+4JiAt4xMSTV+yA5CEQrY54":{"chainKey":{"counter":0},"chainType":2,"messageKeys":{}},"BcFiChQnsEVedd3703zCcDV6Ikrps0nn5gMxrybQYapK":{"chainKey":{"counter":0},"chainType":2,"messageKeys":{}},"BcHg077Mi0U6z0U2RcjJ1+0HuGMZZ/Pq6Tokxf3Qdhsj":{"chainKey":{"counter":1},"chainType":2,"messageKeys":{"0":"miRgJNCdx1oj4gKCPWprLpuzTc4x4M9e6EOqHzk8quA="}},"BSwGA/CNL4C9bh/8yFc3oK0oor+Zc7BgQk8A9uujgmZW":{"chainKey":{"counter":0},"chainType":2,"messageKeys":{}},"BacJF6aIqIjvU1PlGZc70GQ8NCUFifhJ9FoG6Lt55SFN":{"chainKey":{"counter":0},"chainType":2,"messageKeys":{}},"BcIRVcSrwRxaP1uYL5auOBAFCZ/cumgXU0SlCcXxDiJ4":{"chainKey":{"counter":0},"chainType":2,"messageKeys":{}},"BZzOJVRyE9z82k1fQQP12VJCX/gMauFD8eLTMiPqN4gM":{"chainKey":{"counter":0},"chainType":2,"messageKeys":{}},"BaIeH6LSw5OuecHsNTHOsxMazC8RyOfFj0Zn5TZCr4Ew":{"chainKey":{"counter":0},"chainType":2,"messageKeys":{}},"BTroyW61UivF2QzCMLiyJYkekr5ElR7T9f0l1SffgxFs":{"chainKey":{"counter":0},"chainType":2,"messageKeys":{}},"BTn2IBhZ7iaw4BdrSKHF/k8gEBIxvUTAnDphXd11ibNO":{"chainKey":{"counter":0},"chainType":2,"messageKeys":{}},"Be1VKmCGzvXgtW58FJM8SsZCDrePjznqh7C9kyEToXdL":{"chainKey":{"counter":0},"chainType":2,"messageKeys":{}},"BVrCNWf7fyAfX+DGpArbCeA90mGCwtCggr8nnJKKxpdQ":{"chainKey":{"counter":0},"chainType":2,"messageKeys":{}},"BWmdbYOuvk11q8CRrWQIUuLRhGGC/gdT5QWlOA11B1lZ":{"chainKey":{"counter":0},"chainType":2,"messageKeys":{}},"Bd0TKyB3IAN7W8v/CdNhjUX8tHkuN8qYizRQ0wxSHE5d":{"chainKey":{"counter":0},"chainType":2,"messageKeys":{}},"BY/Y/khVdaqfVCArKRAK9g9dYcBzSNCUhn/2tZdf1gBE":{"chainKey":{"counter":0},"chainType":2,"messageKeys":{}},"BbGtZJ/IYhPgF0E+PlK0BTh4FNpb6FSc2ujVGwWAmXtp":{"chainKey":{"counter":0},"chainType":2,"messageKeys":{}},"BSLsCTmwBkqJTw/OY0gcKUdxi3OM7BFUDRrnZ2k//UUK":{"chainKey":{"counter":0},"chainType":2,"messageKeys":{}},"BfieGPZ2VmpNWScJrBms8VpZBm5ujKXhGCzlXZTirCA6":{"chainKey":{"counter":0},"chainType":2,"messageKeys":{}},"BeiEGeNKLSCGseoANwn2Zm3LicQsyXDpQ3fPV4zzafh7":{"chainKey":{"counter":0},"chainType":2,"messageKeys":{}},"BTpSgZ2I2qWhy7n9K5WzjiEPg/+UYOXjrkSJJDPN+ewX":{"chainKey":{"counter":0},"chainType":2,"messageKeys":{}},"BTu4y89fdTmP7ifZ95EcG5B3Ta6zO9lNmlkwyAxfMk1Y":{"chainKey":{"counter":0},"chainType":2,"messageKeys":{}},"BdtHRaGUgL+6ArTtK+zTDMGPp+SDGL7P9f4hlo2aVC1u":{"chainKey":{"counter":0},"chainType":2,"messageKeys":{}},"BQ3DJ59qos8N9WwuKBpkvvh8/cUu1uiHEQgPKVFih7pr":{"chainKey":{"counter":0},"chainType":2,"messageKeys":{}},"Bbmh7MtA3i9UaQ2pPVOeZnT8VLcewjfSdS1NnHwijxN3":{"chainKey":{"counter":0},"chainType":2,"messageKeys":{}},"BTjAphd0qVRfD0UJTmSuWJDkwutuoKNULWJcC2oKA/oF":{"chainKey":{"counter":0},"chainType":2,"messageKeys":{}},"BXoICZz+TleW3rPJAVQjj1jxyN/Nggnfb5EucVDXi1RZ":{"chainKey":{"counter":0},"chainType":2,"messageKeys":{}},"BVBA1kxZpCyeZ0jybXtqQJxnlrtjdcyB13GqrI0+99NQ":{"chainKey":{"counter":0},"chainType":2,"messageKeys":{}},"BRRUsxlXcbx+IJ75eQnD3fpNgM2JflKA3AORwxkTDkU+":{"chainKey":{"counter":0},"chainType":2,"messageKeys":{}},"BfXglchLUtYRLAMqaQ6szg7hXvlqAKux9Gx8CVynS6s6":{"chainKey":{"counter":0},"chainType":2,"messageKeys":{}},"BUJpNCaJXm3TusrIMCbKBn7iRbTlth785S5kIWkuR71g":{"chainKey":{"counter":0},"chainType":2,"messageKeys":{}},"BTBH2qhVJenMuAkWPgcNJXHfXTbJxflBjln9/kOm5jVD":{"chainKey":{"counter":0},"chainType":2,"messageKeys":{}},"Bfaq+XrciN/lbGthr8Bfoxe6a7Q5TVWSyf55fMIuHqIz":{"chainKey":{"counter":0},"chainType":2,"messageKeys":{}},"BX3KH4ODpSWkO1zuU9+ZFNOskdUUMo5Qq/tS3lwvkCI7":{"chainKey":{"counter":0},"chainType":2,"messageKeys":{}},"BfaUcFIElQI1LmjJNMoBNN83zfY4kd+06hAVB91CK1BB":{"chainKey":{"counter":0},"chainType":2,"messageKeys":{}},"BZq0v8lp9ZYaS6lQA0LWo9LQolSUo96cwDuzSurcsz8y":{"chainKey":{"counter":0},"chainType":2,"messageKeys":{}},"BbDsZdIJ5WHp0lsElKIwflkkUJU3z9Ys7MeCmSLMGR9W":{"chainKey":{"counter":0},"chainType":2,"messageKeys":{}},"BUooB1mle7dqRA0EbrIOZ/sFSakOkkWzoO2TlcPCbEZG":{"chainKey":{"counter":0},"chainType":2,"messageKeys":{}},"BRc6jDskKNi3DjijhSvjQbTkIu7TJdkvRoIL6RP118Eu":{"chainKey":{"counter":0},"chainType":2,"messageKeys":{}},"BfKUDpE2JHBKHtOBkpa75HAH8N0O4xkfX7pd8g834NVx":{"chainKey":{"counter":0},"chainType":2,"messageKeys":{}},"BZ3jFldNKmOUcNpXqJTMwKXdNLalNZvJfAqxW6zSU+4F":{"chainKey":{"counter":0},"chainType":2,"messageKeys":{}},"BUGBCwwZv8bFnK75HNmCLCkHrPorWxqexJMtY79pfHkC":{"chainKey":{"counter":0},"chainType":2,"messageKeys":{}},"Bct6HbcmY36FrXcdxTOZFxI6D1pIvzKaSK52JY8zFHg5":{"chainKey":{"counter":0},"chainType":2,"messageKeys":{}},"BaZu+iMbxRvwu0/4Ka9edygAQpwae+ebgtoUxg8JOSAz":{"chainKey":{"counter":2},"chainType":2,"messageKeys":{}},"Bdz7cKa3PA6nYGPbMsWOKB3t7cR8tfFQOHMmsg2NcKRb":{"chainKey":{"counter":0},"chainType":2,"messageKeys":{}},"BWbzamOV3ZY6p+QEAT4Upx1uimILbSXJ/6S+4C/owWxa":{"chainKey":{"counter":0},"chainType":2,"messageKeys":{}},"BVtdKb3h3IvCJ+IQw8ebzwdXZSof3IPOxhIoXNCm7PBg":{"chainKey":{"counter":0},"chainType":2,"messageKeys":{}},"BV8jnYa4of5frRN05ToP5fXF3A3qiyAsdYjQa/BT1lsL":{"chainKey":{"counter":0},"chainType":2,"messageKeys":{}},"BWW5g0VggitYcACMqXzUlvMsCNrzalvV6RVoW0Wjl+Ie":{"chainKey":{"counter":0},"chainType":2,"messageKeys":{}},"BSu9pvbdVuRB7srBK655JI1KdiqjC/FLjiNnhtb8nQ0S":{"chainKey":{"counter":0},"chainType":2,"messageKeys":{}},"BV0qElr7eNwavmuDjzwdpdpDDnTa5dcp9Zh6K/Sledl+":{"chainKey":{"counter":1},"chainType":2,"messageKeys":{}},"BYJ3HvqKVld5j9npfED0CLq/SZVli3w4V/IiCPes/4Uc":{"chainKey":{"counter":0},"chainType":2,"messageKeys":{}},"BVfJ10vOVBpb6PZ/PzG15OnHVzqRmBBHFnaqdpIXB0Ft":{"chainKey":{"counter":0},"chainType":2,"messageKeys":{}},"Bcociz+4TmroN5JJ4UGbTBrvOVhnW2UrG2Oauz981y5z":{"chainKey":{"counter":0},"chainType":2,"messageKeys":{}},"BXTD1fayo1wugItX0xizO88mCJV7s0ek6MgEVxAjVCNd":{"chainKey":{"counter":1},"chainType":2,"messageKeys":{}},"BXIbzml6rHaAUk2dRgXHG+mdefNmc/FCFP+KmE+SOMJB":{"chainKey":{"counter":0},"chainType":2,"messageKeys":{}},"BSeKOCHaNpRGB/A5OAyl3c7w0M7CBLOe9uxvHq0nfwA6":{"chainKey":{"counter":0},"chainType":2,"messageKeys":{}},"Bd8HTeplqC/WrFbpFrTJoBs2O/ygkwK9ndEu+JmaMPEG":{"chainKey":{"counter":0,"key":"vpmwGlIup50QfzwO3QLv2c8Qf4D3qBzieM8P+Z2MP50="},"chainType":2,"messageKeys":{}},"BYVTDViqdrcUuMKD47Q+BSIhLsXSsTVLd+RMF9cuQw0v":{"chainKey":{"counter":2,"key":"QA+7J6/q1kI/5oACU7wN+8e9A2W6sawTkr30bDHbEko="},"chainType":1,"messageKeys":{}}}},"BcTkhVQ6c4xTPNgMVt4oQRZfVh+dQP6wwt5Nm6VsmhUX":{"registrationId":1347683410,"currentRatchet":{"ephemeralKeyPair":{"pubKey":"BboYU0ZiCfdwuINyTaJRge/hdvUlaa1sQA3O++QjYXJM","privKey":"8BArUb5xfU6QCJo15FMB2rmSzHMUd+7dG6vbAyi2UUo="},"lastRemoteEphemeralKey":"BSm/jV5fvbHBGeCI6hwkkWpK52258wi6uscWF4ioTotu","previousCounter":0,"rootKey":"hDLmGnIXqAbR4srwGmuCRxfW9yGYFncnFluL49GCmaY="},"indexInfo":{"baseKey":"BcTkhVQ6c4xTPNgMVt4oQRZfVh+dQP6wwt5Nm6VsmhUX","baseKeyType":2,"closed":1755949400037,"used":1755948847469,"created":1755948847469,"remoteIdentityKey":"BSu0LZAuhYDEy5u3axhX+pl4c2xgTaRd30Sj0UxATqts"},"_chains":{"BSm/jV5fvbHBGeCI6hwkkWpK52258wi6uscWF4ioTotu":{"chainKey":{"counter":0,"key":"R++TT5Vlsfetkuj2rKOYbNt3zIbaRW/QsNJN8igr1Ic="},"chainType":2,"messageKeys":{}},"BboYU0ZiCfdwuINyTaJRge/hdvUlaa1sQA3O++QjYXJM":{"chainKey":{"counter":1,"key":"T3skq0gUQXPjkjNpfT22zMKNwnPru8T5uQmyg3C1cf8="},"chainType":1,"messageKeys":{}}}},"BZT/dNAa+kyXHlRE46LZD2HtXJnFTRyDTgIkwQ7dx8Na":{"registrationId":1347683410,"currentRatchet":{"ephemeralKeyPair":{"pubKey":"BTSSZBkQIGjmbYatO0ftWPGBXSA6xw/rFhqkSxlOUvsM","privKey":"aJ7TlMBDoZlVJvsR7tb6NN/yo+VZOX520KSvWEyzuGA="},"lastRemoteEphemeralKey":"BZRiBFQkrF+mIahKV4MLv6r+wpq1mBO9BVAB54wzBwRk","previousCounter":0,"rootKey":"cSjf5O6RpJXRNVWGYMNoT1E3dECxSC3jIN7q7veaYR4="},"indexInfo":{"baseKey":"BZT/dNAa+kyXHlRE46LZD2HtXJnFTRyDTgIkwQ7dx8Na","baseKeyType":2,"closed":1755969120394,"used":1755949400044,"created":1755949400044,"remoteIdentityKey":"BSu0LZAuhYDEy5u3axhX+pl4c2xgTaRd30Sj0UxATqts"},"_chains":{"BZRiBFQkrF+mIahKV4MLv6r+wpq1mBO9BVAB54wzBwRk":{"chainKey":{"counter":3,"key":"EudRoGFz59KKGANPz6JjWsC4AA7wg6agC7tnie3kyaY="},"chainType":2,"messageKeys":{"1":"FTiwQNjkxwFquNHWspfr3GwBpI3eA9CMnDD4xLS45aM="}},"BTSSZBkQIGjmbYatO0ftWPGBXSA6xw/rFhqkSxlOUvsM":{"chainKey":{"counter":1,"key":"CyhYhm+XpRQuf7NL4xfPfaGFcZg0l4bKrYs02W+Cuv8="},"chainType":1,"messageKeys":{}}}},"BfjJaNjHYExoo0dSeaa9PDW5VW8zMKMffxU25V7U9shv":{"registrationId":1347683410,"currentRatchet":{"ephemeralKeyPair":{"pubKey":"BQdIHetmZrcQxiJYIsaQIxN086dqYCpYv6HtmtcCxqN0","privKey":"OPwxG/PKUK7DZ5EKYXi52qyGyayFEMC0gnzgjmkiqU0="},"lastRemoteEphemeralKey":"Ba1ZOsVyVjHrpwEIiKSy5n/BrpUoIPUvDO7T47jlKilI","previousCounter":1,"rootKey":"9FXiolMJKlGEORBOD09NKEtO7x2UBs+dRyxk4DuW7Nw="},"indexInfo":{"baseKey":"BfjJaNjHYExoo0dSeaa9PDW5VW8zMKMffxU25V7U9shv","baseKeyType":2,"closed":1756024493481,"used":1755995723350,"created":1755969120400,"remoteIdentityKey":"BSu0LZAuhYDEy5u3axhX+pl4c2xgTaRd30Sj0UxATqts"},"_chains":{"BYlStVGV1xdMz9ZKPjP17WYAMHs3ZOPSlBxzRRnjv5gw":{"chainKey":{"counter":0},"chainType":2,"messageKeys":{}},"BaXk6c3moeIs+lPOzxfYQhL6izmwDymdfY9DoXlbsOgm":{"chainKey":{"counter":0},"chainType":2,"messageKeys":{}},"BfGx51HaKsIOEY/DNol2ztDYaS9r9fY/UDT7VMvIyOZ/":{"chainKey":{"counter":0},"chainType":2,"messageKeys":{}},"BQ14o6RPqXYmaHZLcHxCdMUDhkanHECLZW8qihxT544d":{"chainKey":{"counter":0},"chainType":2,"messageKeys":{}},"BddazzfjeFyA8AOvKiNBpLdyaSX3aGh8aAqak7P2jfEf":{"chainKey":{"counter":0},"chainType":2,"messageKeys":{}},"BTsdHpwuSYbXEec+yWsJ48DA6HlKt1+NBaF+SbJv7/h7":{"chainKey":{"counter":0},"chainType":2,"messageKeys":{}},"BVe2GrBlJFDhaV+oc5StnAZmWRH1zPRsoFtzBQpA3dgo":{"chainKey":{"counter":1},"chainType":2,"messageKeys":{}},"BUV/SwK20iRUCdFU+mkgef+1VXQRurMykRLUm7mSNlkV":{"chainKey":{"counter":0},"chainType":2,"messageKeys":{}},"BfTxy9OuIW6lJOgXJL34vOo6xbBrvMGAtbjoTqD0q9U3":{"chainKey":{"counter":0},"chainType":2,"messageKeys":{}},"BekVuFwQDkHP00AAypdB5dP25Po8738qxnK3HY7vw/8k":{"chainKey":{"counter":0},"chainType":2,"messageKeys":{}},"Ba1ZOsVyVjHrpwEIiKSy5n/BrpUoIPUvDO7T47jlKilI":{"chainKey":{"counter":0,"key":"NC5z5zB/lfEwBkvvj6PU3dIaFf88DOHAN7YMBfVCR8Y="},"chainType":2,"messageKeys":{}},"BQdIHetmZrcQxiJYIsaQIxN086dqYCpYv6HtmtcCxqN0":{"chainKey":{"counter":-1,"key":"G+SNRwk1gIRiRko2i0/b5QJWTRcuhay46lcam4R5RcM="},"chainType":1,"messageKeys":{}}}},"BdtiBb1fBc6Ak74C9qItfKc606uiMwejiUr2AM9i4GgV":{"registrationId":1347683410,"currentRatchet":{"ephemeralKeyPair":{"pubKey":"BU4kL3/r0zZDu1Iklp2iV3VfT6yQNtUvaB1pY0SoRpk1","privKey":"cLau6kXqP/5d7YQI8q45UIac665VSXU5rZ7PabTqyEY="},"lastRemoteEphemeralKey":"BfEkWadv7ekSeI/ChOFqRWFe3j2aEP7oflMTmzkXyTEj","previousCounter":0,"rootKey":"oPjKqAB/SFULCp6cSCGHNcmqJLGJVt7k7IAx6rPzSQo="},"indexInfo":{"baseKey":"BdtiBb1fBc6Ak74C9qItfKc606uiMwejiUr2AM9i4GgV","baseKeyType":2,"closed":1756037956132,"used":1756024881253,"created":1756024493486,"remoteIdentityKey":"BSu0LZAuhYDEy5u3axhX+pl4c2xgTaRd30Sj0UxATqts"},"_chains":{"BVjDMu2x7XdslqQoeRAzCN97WMiLiIGmsnmxA7GzomNF":{"chainKey":{"counter":0},"chainType":2,"messageKeys":{}},"Bca4maNF4WB1o8vQ/g60ZccYwk/zk6Ow5Qv8WmW3/mIi":{"chainKey":{"counter":0},"chainType":2,"messageKeys":{}},"BfEkWadv7ekSeI/ChOFqRWFe3j2aEP7oflMTmzkXyTEj":{"chainKey":{"counter":0,"key":"McFXQ0HCACr7Qa72qWQcrxTh/yIiIA8n8XvY+LrKxP0="},"chainType":2,"messageKeys":{}},"BU4kL3/r0zZDu1Iklp2iV3VfT6yQNtUvaB1pY0SoRpk1":{"chainKey":{"counter":2,"key":"1T1Bmae4EoV3Q/uIxxcetPLVq6kEWEZ6edhbDdmwtpo="},"chainType":1,"messageKeys":{}}}},"BXl8sQvdEF3lFNPRT4bOLQ+4lB/vFX1mMFe3riDHpsBo":{"registrationId":1347683410,"currentRatchet":{"ephemeralKeyPair":{"pubKey":"BVSGZsKC81ux7IZAFjsm7gVuRfk+7bLx3UjTs6y56Y4e","privKey":"UHllfXcv+Pj7iMVerBjIM61RGxanlPKOkGL7Oc/U5Ew="},"lastRemoteEphemeralKey":"BWvQfm+GJRzaPtllS8TjUStpJTPPOSD6blKZGmQHSTI+","previousCounter":1,"rootKey":"i4r6P02wz7dcd/mjYJQYz3nUdMxxnOLqxb1wNUH71Fo="},"indexInfo":{"baseKey":"BXl8sQvdEF3lFNPRT4bOLQ+4lB/vFX1mMFe3riDHpsBo","baseKeyType":2,"closed":1756057381818,"used":1756051131722,"created":1756037956138,"remoteIdentityKey":"BSu0LZAuhYDEy5u3axhX+pl4c2xgTaRd30Sj0UxATqts"},"_chains":{"BcEyNm9HZTSv54lzcCotTQPdFVkfxG6aIEvR4iHXcC5V":{"chainKey":{"counter":1},"chainType":2,"messageKeys":{}},"BQM6+TMUPzCU4Mvt5jGiNPs18/BpwPi5CVyxPeipTypy":{"chainKey":{"counter":0},"chainType":2,"messageKeys":{}},"BWhtvB1p6/3HzW2f/6rXgVD7Bx7bVlcMFiqtyhWoubZ/":{"chainKey":{"counter":0},"chainType":2,"messageKeys":{}},"BW3DpF++vOUp1zoXtvwz14KNQU+UegXCO4SSvzjO898V":{"chainKey":{"counter":0},"chainType":2,"messageKeys":{}},"Bcp0r+FKHV9dhqATGJbjtc2Lo+i911EHLeRF2SKBKeUq":{"chainKey":{"counter":0},"chainType":2,"messageKeys":{}},"BXGsZOsRQA/fTZgD/radtWZ6/gDiTlIBpV+wgtwD7rsV":{"chainKey":{"counter":0},"chainType":2,"messageKeys":{}},"BTEi32xQv04qRkbbk+hMz2hoXtRr24OPDA7WILRxWFJa":{"chainKey":{"counter":2},"chainType":2,"messageKeys":{}},"BXgx+jsRp6AWm0bnYR9DMpA3hWCvtmPC7QZf6gjJP4gj":{"chainKey":{"counter":1},"chainType":2,"messageKeys":{}},"BXU2LSi+shEZERvQare3nL8A2WIPNsse6IxAn9eECchh":{"chainKey":{"counter":0},"chainType":2,"messageKeys":{}},"BZVgUqmT377y5Zw2VCiH4JoELYPIhRwP50sjphxFl7Fo":{"chainKey":{"counter":0},"chainType":2,"messageKeys":{}},"BXH83vRvpyNT5lXLqfUxvB0mjzBxTKJiC02BathsBpwj":{"chainKey":{"counter":1},"chainType":2,"messageKeys":{}},"BQqyy2XjgezdhiqiVFsiwdM1rtOUtzeDFDA2Kkp+7ooZ":{"chainKey":{"counter":0},"chainType":2,"messageKeys":{}},"BaXR2lLWJ47VZaKD/SgTTLJzZY6ubNjmir1JrsZyQMw/":{"chainKey":{"counter":0},"chainType":2,"messageKeys":{}},"BVQAv4ySAFXrEVzcVyIz6UiltoO3xpUGuzxLzlGbISNT":{"chainKey":{"counter":0},"chainType":2,"messageKeys":{}},"BaJCJQYN7O36SIdQVdZ/mRoNdy9lXTpC/LjQWqLmbkUa":{"chainKey":{"counter":0},"chainType":2,"messageKeys":{}},"BWvQfm+GJRzaPtllS8TjUStpJTPPOSD6blKZGmQHSTI+":{"chainKey":{"counter":0,"key":"agUTFmA6sIcogXZtLZlRKDqdODUrQAPzYMWQ+znY96E="},"chainType":2,"messageKeys":{}},"BVSGZsKC81ux7IZAFjsm7gVuRfk+7bLx3UjTs6y56Y4e":{"chainKey":{"counter":2,"key":"Xu9FjQvDu4iESvVv/CnzQH33mYs52jPyvTNdMaDlk/w="},"chainType":1,"messageKeys":{}}}},"BS+JVBsw10vnpUgU0WDY6jFGC00Z8Lu+/FamxPXWFmMk":{"registrationId":1347683410,"currentRatchet":{"ephemeralKeyPair":{"pubKey":"Bc+cgrZJlv3NAstCCpnVtPITzLr+G2ILzO/WeMzZY/Jd","privKey":"uHdUil6VELTvKeGgQQcL2meSELclUEXgjXD3MmnodEI="},"lastRemoteEphemeralKey":"BTarRbKVEBx+JdjCeKGAYfW1CY/cgWSaNbn9SM0p/j5H","previousCounter":2,"rootKey":"OewS+IbhzblLTaX+VeJj46WlFcI/7l26OfLl5OWivUY="},"indexInfo":{"baseKey":"BS+JVBsw10vnpUgU0WDY6jFGC00Z8Lu+/FamxPXWFmMk","baseKeyType":2,"closed":1756112231148,"used":1756103385292,"created":1756057381825,"remoteIdentityKey":"BSu0LZAuhYDEy5u3axhX+pl4c2xgTaRd30Sj0UxATqts"},"_chains":{"BciGaC91svulxHsjTfSzrUgyh/yBrZdFuXZcFw8A2Yp/":{"chainKey":{"counter":0},"chainType":2,"messageKeys":{}},"BZ8vc7l2p142+aZ3lTue0otqZ0TIVzFxZQsH5Rw0CIgN":{"chainKey":{"counter":0},"chainType":2,"messageKeys":{}},"BTeEyXqjFP+ZXIDQLZXNP/8f+t9hpS+GCUOZUgts72hW":{"chainKey":{"counter":0},"chainType":2,"messageKeys":{}},"BV3+r2JDcrV3O4hZXmEquWqgM2tafGaaL5jfgx2j8xx1":{"chainKey":{"counter":0},"chainType":2,"messageKeys":{}},"BXxw7M7EoXuWhXbnj8KDcBrkVd9yf5TJXLQK9eH3QtYL":{"chainKey":{"counter":1},"chainType":2,"messageKeys":{}},"BRM2Hlh8EdOFJJ/fPEdOkKtb1HyTbs79xo5mD/Y6JNMs":{"chainKey":{"counter":1},"chainType":2,"messageKeys":{}},"BYPY8AM5qNRiVvW/ceQHV+T1MQaH4BQHY0T4R6qjb7BV":{"chainKey":{"counter":0},"chainType":2,"messageKeys":{}},"BfVoP90/5BvPIeO7FgrKrUtln+1lu39U4cQwxj5dsrtE":{"chainKey":{"counter":0},"chainType":2,"messageKeys":{}},"BbKansNCgQkWq5bX7NLYgPJf5y/g+U3sKQBlx+6fE3Uc":{"chainKey":{"counter":0},"chainType":2,"messageKeys":{}},"BS4lL4uyiu4j97Y8AY+u2PqQ8+02wd1mF/zu3nuebsxt":{"chainKey":{"counter":0},"chainType":2,"messageKeys":{}},"BZtiDt65PWbvC9whw/Ss7tXsXkwZmlvwZr6Ed/y84EQE":{"chainKey":{"counter":1},"chainType":2,"messageKeys":{}},"BVUUIMjzdjr1rUVmfmt8epf1/5hPjIpmG9N48G3yDcRG":{"chainKey":{"counter":0},"chainType":2,"messageKeys":{}},"BWDpO6/LzQIIxX6rtVcKJZSWgFufQzxe2dRSVr4ZZa5p":{"chainKey":{"counter":0},"chainType":2,"messageKeys":{}},"BUK2Eo6iKp9NWHV4+nZxfBfc4DyvZ5i0YJDxhexLEVdE":{"chainKey":{"counter":0},"chainType":2,"messageKeys":{}},"BWp+FV1js/NnQdq0B8U+f5BG/WHNWeb1TTJRnhFFEkpP":{"chainKey":{"counter":0},"chainType":2,"messageKeys":{}},"BcVL/Z0p8WO7bam3+e01vmPdnKGhljk19a2UoJpRUAMc":{"chainKey":{"counter":1},"chainType":2,"messageKeys":{}},"BcRQELIoe6faSiDdx4hARxbf4oFgX+j+n0eBmAZoeBMF":{"chainKey":{"counter":0},"chainType":2,"messageKeys":{}},"BfL5BaYMfVO+LlPnRHXMHe3r1aQprbvseuOfkUuXYUVX":{"chainKey":{"counter":0},"chainType":2,"messageKeys":{}},"BZSctO5V5THzBoJxRP3nHoaaxIYDeGBlS6eTHkTvHjld":{"chainKey":{"counter":1},"chainType":2,"messageKeys":{}},"BeqtVGhlwQxIM6lH2MKJS2e/f5dg7as5Q6iCCc93r4gn":{"chainKey":{"counter":0},"chainType":2,"messageKeys":{}},"BWrbnuhAFTjeKMdDZC3IuwU3UYrf/er4wpX4c7Zb7zAi":{"chainKey":{"counter":0},"chainType":2,"messageKeys":{}},"BfNgy6HIHhuSZkt0H+vXuM6oDOMFcX8GMfvh1Zo8Vopo":{"chainKey":{"counter":0},"chainType":2,"messageKeys":{}},"BbPTh4xBqLozkVFqNxSznuiflYXZo/cDR15JDRhPpSMH":{"chainKey":{"counter":1},"chainType":2,"messageKeys":{}},"BZaOxTc/nFdI6amcHzpinCJHS61qXG/0mmWRjd3ZhGIW":{"chainKey":{"counter":0},"chainType":2,"messageKeys":{}},"BR2IhQNVJKwMbOY/wKmtOe1aPJk3GUnryS3f8J+qrKEG":{"chainKey":{"counter":0},"chainType":2,"messageKeys":{}},"BZrvaLOEleHg7iYzNAN595VSHK9ruQzAQtEVlzrkcExo":{"chainKey":{"counter":0},"chainType":2,"messageKeys":{}},"BWE4fH0b/eZ2wNpic5Ecm4iVRcWuP7VYJPF1nZp1EiRr":{"chainKey":{"counter":1},"chainType":2,"messageKeys":{}},"BcZYU9NC7GBJPuYRtGx4rX+rqN85+k/ycXcVIwvf4k1k":{"chainKey":{"counter":0},"chainType":2,"messageKeys":{}},"BWh53DcIjZlFqkDNyiKxN6vyoy6OUk/wGv2dRlRk4ehl":{"chainKey":{"counter":0},"chainType":2,"messageKeys":{}},"BefAUQwFYYBCBDvuJ5k/56q2OochAgQVZqwKgyoMpd0O":{"chainKey":{"counter":1},"chainType":2,"messageKeys":{}},"Be2Ib4JZbmP72CIBF4vuVElWUMGeYp/L/XgfdN/9ovZ3":{"chainKey":{"counter":0},"chainType":2,"messageKeys":{}},"BdCqd9zS2NqNCDB0VNC7fIqzK/BVBHRKP7orta9sO6Vk":{"chainKey":{"counter":0},"chainType":2,"messageKeys":{}},"BZR70fEf0lpQh4sJOfOS9CUw6ykX9Idy/8wd0pgol2Et":{"chainKey":{"counter":0},"chainType":2,"messageKeys":{}},"BeUT7ImyW2h1+qPdFqiKlAwktdOuxm1zurBhuuWWGTYp":{"chainKey":{"counter":0},"chainType":2,"messageKeys":{}},"BSACvmb9e/AZU7oTsYU46cQ8qk/EQDJgggmaNSmH0Xhi":{"chainKey":{"counter":0},"chainType":2,"messageKeys":{}},"Bb1rMNwx5lfRU5ekmX8R+kyfrZJX470DgW8K25qWbwRu":{"chainKey":{"counter":0},"chainType":2,"messageKeys":{}},"BVTFhMKr2aIZh4fcd5tbWYGv1KaEW8x9GRo1+0UKoqRa":{"chainKey":{"counter":0},"chainType":2,"messageKeys":{}},"Ba1aOtjUln6Ty0FnIfsJ56tzX91D65Aj5WFkdOMB3XJo":{"chainKey":{"counter":2},"chainType":2,"messageKeys":{}},"BWcfYSCbXa7Sz5lKdmTTUUo7gLIrC2AWnX6eROwp6ywL":{"chainKey":{"counter":0},"chainType":2,"messageKeys":{}},"BSSe83hse9TqdqJTN6YFX8OysqmGiD1mhemHNEi+T2h9":{"chainKey":{"counter":0},"chainType":2,"messageKeys":{}},"Bf9Qzd8g5DO3IBgmsr4isU+OcyB1RLGe1SWin4by4K4t":{"chainKey":{"counter":0},"chainType":2,"messageKeys":{}},"BfqjaioGBbwUkJUDhOraqFbkXZ/XPhDVf8ArddvB/MJ9":{"chainKey":{"counter":1},"chainType":2,"messageKeys":{}},"BWVtpNtD4drsQirwMtUAZbgYRIB4Mfwh+8FsOFJyhkgW":{"chainKey":{"counter":0},"chainType":2,"messageKeys":{}},"BYqL6iFQXdIOQmlEQIV/EFjh9svQ+VtBYCUQUpCx8jUs":{"chainKey":{"counter":0},"chainType":2,"messageKeys":{}},"BVr4zMVIav6ab0q+qFv+c3BPgIXJOvFB6sb5nobgTvQZ":{"chainKey":{"counter":1},"chainType":2,"messageKeys":{}},"BXgI45J/MTz1Ehv2QFcU96rjYmeo+OVTHXecO9+6C2ck":{"chainKey":{"counter":1},"chainType":2,"messageKeys":{}},"BfRbJzsi8pKxh6kGF1HH1ZmQSLXxRCgb80BRlgrE2wcE":{"chainKey":{"counter":0},"chainType":2,"messageKeys":{}},"BdMKi2NLMwOb4Y2fXWqVeqH2K6WVwB7pULha0CMfyvc5":{"chainKey":{"counter":0},"chainType":2,"messageKeys":{}},"BRDznAl+dRj2J74HzEm1dqwlFfY01UrLr1C+HyGHUpgd":{"chainKey":{"counter":0},"chainType":2,"messageKeys":{}},"BUKGlv3B0WzPdjMjvlmFvaKAPtZMYTZCQBFvMEumqN92":{"chainKey":{"counter":1},"chainType":2,"messageKeys":{}},"BZz4GvmiQ0QaMC0on8Q7yFGtBeEPVJIbFocuHzOTvTE5":{"chainKey":{"counter":0},"chainType":2,"messageKeys":{}},"BUbPDmHYp6gr5M6S1VJz7vQ0mViW7NPEtmGtJopg8roE":{"chainKey":{"counter":1},"chainType":2,"messageKeys":{}},"BWUa/Q68o4MPvYiobNupsU/rqT6ACVT+LyyyTRO71WtS":{"chainKey":{"counter":0},"chainType":2,"messageKeys":{}},"Bf6aBS7a7L5X/2YiS9z7l+s5v6x53Xauj9ri82lRgiYn":{"chainKey":{"counter":0},"chainType":2,"messageKeys":{}},"BRJLQUOg6DCNOxelKjndZq1skZ2YGouDXNLDAclgh+8s":{"chainKey":{"counter":0},"chainType":2,"messageKeys":{}},"BV25OdzHOrIDi3Ak4vYLruAG5bIOpaAmDyCEOUxptmQk":{"chainKey":{"counter":0},"chainType":2,"messageKeys":{}},"BTg//cVyb/Qv5nJyVNbO63r+1pAsnszgnnjjH16j2Wxe":{"chainKey":{"counter":0},"chainType":2,"messageKeys":{}},"BTarRbKVEBx+JdjCeKGAYfW1CY/cgWSaNbn9SM0p/j5H":{"chainKey":{"counter":0,"key":"CI7K6QZXULCwCzUtu/udXbxt9P9qUAT9PrNu14KgTlc="},"chainType":2,"messageKeys":{}},"Bc+cgrZJlv3NAstCCpnVtPITzLr+G2ILzO/WeMzZY/Jd":{"chainKey":{"counter":-1,"key":"VeU8vyfM9LyrxINTTgwUXzZj+8ZqRTA3JCAdlOVPFU8="},"chainType":1,"messageKeys":{}}}},"BRthmajigPw9/6CR7SRCw6F5IBFovDYFj4pVO89mILA9":{"registrationId":1347683410,"currentRatchet":{"ephemeralKeyPair":{"pubKey":"BQFJSHFCiTqcsc5vJTCphjOT1BHrtd0K4dvB65HNoUx9","privKey":"wLTP3Q3eob+33wh01hgzU0tAZqTOEiTdEc5GUjQazmI="},"lastRemoteEphemeralKey":"BTmGbbiigsSk6KvTc9vAx7DNrVjVqgbrpACMLSckW0gn","previousCounter":0,"rootKey":"IWbWy2mOxiWP95qJmGIT+7eWH3WsjmMtzoeIY2s+7nM="},"indexInfo":{"baseKey":"BRthmajigPw9/6CR7SRCw6F5IBFovDYFj4pVO89mILA9","baseKeyType":2,"closed":1756187489093,"used":1756112231156,"created":1756112231156,"remoteIdentityKey":"BSu0LZAuhYDEy5u3axhX+pl4c2xgTaRd30Sj0UxATqts"},"_chains":{"BTmGbbiigsSk6KvTc9vAx7DNrVjVqgbrpACMLSckW0gn":{"chainKey":{"counter":0,"key":"yVv3RlxRBqjnY+4myUM/QXoY4MFtxCnJ4wUlfAgWA7k="},"chainType":2,"messageKeys":{}},"BQFJSHFCiTqcsc5vJTCphjOT1BHrtd0K4dvB65HNoUx9":{"chainKey":{"counter":2,"key":"fLZ6JUIS0ziFZAtJzAYmW7GfsSRmXBsx+hRMM5g0TlE="},"chainType":1,"messageKeys":{}}}},"BRpk3m565DioDRhPHGKE0QDpd6kBLX295eXO2C+HQAFD":{"registrationId":1347683410,"currentRatchet":{"ephemeralKeyPair":{"pubKey":"Bb5TTSV3krsXKZ1EAg2if5aRM0tk21ut36EDtc0+tz8S","privKey":"SGaTiCD54+qCzq3d2CT/4MlBZyOJa2rMiQtnMrP5Akc="},"lastRemoteEphemeralKey":"BTgRSHuuPeQfqT3VXbcasCEA2JcUm0PMCSyPmRSdRXVR","previousCounter":1,"rootKey":"yXwZQnO4Z+bCJMikU4CKXfmpI5IKZlRfdaOdUwh/isk="},"indexInfo":{"baseKey":"BRpk3m565DioDRhPHGKE0QDpd6kBLX295eXO2C+HQAFD","baseKeyType":2,"closed":1756201506744,"used":1756187500895,"created":1756187489100,"remoteIdentityKey":"BSu0LZAuhYDEy5u3axhX+pl4c2xgTaRd30Sj0UxATqts"},"_chains":{"BY/MVOwzDh1e0ikvNqEgLW4zUjyQ654W6ON4a+cXHhkp":{"chainKey":{"counter":0},"chainType":2,"messageKeys":{}},"BTgRSHuuPeQfqT3VXbcasCEA2JcUm0PMCSyPmRSdRXVR":{"chainKey":{"counter":0,"key":"4EpLQzrgQ/v6e/xlpmIPK0i2u8bwmyBVOPEpsCcpOM8="},"chainType":2,"messageKeys":{}},"Bb5TTSV3krsXKZ1EAg2if5aRM0tk21ut36EDtc0+tz8S":{"chainKey":{"counter":0,"key":"sQ/3EE2xNlYA+HY94d4x2YycHXPg2XFWzxTxpLPBXZo="},"chainType":1,"messageKeys":{}}}},"Bf93AZCYUcNc1Bk7ieEGZR+rs3Lz/9pr4kOnNAzv8ZQv":{"registrationId":1347683410,"currentRatchet":{"ephemeralKeyPair":{"pubKey":"BdgLRzhbH808NG/0+KHlzvlMlzFgrAZ6TQAGbD5iFm5S","privKey":"eFZ4z+Uxhs1PIX7ZRPZGspbH8P6ZefkSl4nsvBimV2U="},"lastRemoteEphemeralKey":"BVGrTxfWRf1LYGUhm/4X7lKVhkXl9vlWAjEu5YLLr/U2","previousCounter":0,"rootKey":"1UOD+tt4WD7gMzia2kxSJnR1I44UXyDCRG0DdhaCZOU="},"indexInfo":{"baseKey":"Bf93AZCYUcNc1Bk7ieEGZR+rs3Lz/9pr4kOnNAzv8ZQv","baseKeyType":2,"closed":1756254805335,"used":1756201592055,"created":1756201506749,"remoteIdentityKey":"BSu0LZAuhYDEy5u3axhX+pl4c2xgTaRd30Sj0UxATqts"},"_chains":{"Bc1Y2TLksF+PiBkm2fx8W/z7ifBzeuhUIGCFmo9nlr8t":{"chainKey":{"counter":0},"chainType":2,"messageKeys":{}},"Bd37R9MQSrMvfCn5I5qIziZkVp7bPkvHVEmJiPB/SDkY":{"chainKey":{"counter":0},"chainType":2,"messageKeys":{}},"BSysKeQCNLIEW9XfhkedcnDl+YaVsWD/wCik5ejL7lIO":{"chainKey":{"counter":0},"chainType":2,"messageKeys":{}},"BVGrTxfWRf1LYGUhm/4X7lKVhkXl9vlWAjEu5YLLr/U2":{"chainKey":{"counter":0,"key":"dfuv7uGXzAPy4yDNG3Q2f7Pg0oHwtPP0lmzwiR8MCz8="},"chainType":2,"messageKeys":{}},"BdgLRzhbH808NG/0+KHlzvlMlzFgrAZ6TQAGbD5iFm5S":{"chainKey":{"counter":2,"key":"OKgplr710VWYNAt9hlM9D+Dgi4DMvzV3RS4ttmMc4so="},"chainType":1,"messageKeys":{}}}},"BZY+zJYm2J9ga0kFJwR402UtbovY22F50tssOC0ouIkw":{"registrationId":1347683410,"currentRatchet":{"ephemeralKeyPair":{"pubKey":"BdczPF3WShOU6IKNvl6stzcsPSqlq7zTR7xx72vHJ/U5","privKey":"4PU7aIA5PeIc2dENKvY2Zpsc9YTvTOzN76xQQ31UmEE="},"lastRemoteEphemeralKey":"BaN6evqTmscmAXezSiJjzgHUwsZEWt8uBJsrccj0OXwW","previousCounter":0,"rootKey":"+iLCS80aJkSsFl8+BKjPsOX112l+9tMaaxZpvqHFbYk="},"indexInfo":{"baseKey":"BZY+zJYm2J9ga0kFJwR402UtbovY22F50tssOC0ouIkw","baseKeyType":2,"closed":1756270525959,"used":1756255863575,"created":1756254805339,"remoteIdentityKey":"BSu0LZAuhYDEy5u3axhX+pl4c2xgTaRd30Sj0UxATqts"},"_chains":{"BVxhCxbMkGQoikMJcf7XE0l9QTvvZ3CalPf/VrHBYmUl":{"chainKey":{"counter":0},"chainType":2,"messageKeys":{}},"Bc9qyD9FY8+bA1e5EzzakZoNQhdQckKn/eY+a2Xj5K4V":{"chainKey":{"counter":1},"chainType":2,"messageKeys":{}},"BUVnM3sLr+o4ORjYuNuxQrUbXgvyh1F5LJoJgJ/wzEpU":{"chainKey":{"counter":2},"chainType":2,"messageKeys":{}},"BQ97tEXXf10rRqks95v59WGKNqMfhvfeZEiBgAsmXvo9":{"chainKey":{"counter":0},"chainType":2,"messageKeys":{}},"BbI+HKBSEoQEVdVjIPOdEhPijcEDdmxifUzLmKtSQw5Z":{"chainKey":{"counter":1},"chainType":2,"messageKeys":{}},"BaJMEZ+wYzRnMJKYIBENczHTvpJW8RKUPCY4YJxAzkVA":{"chainKey":{"counter":0},"chainType":2,"messageKeys":{}},"BTDF01LIygLlt1HQOfft1vitzwoj+iUHsMSdoIVk53wb":{"chainKey":{"counter":0},"chainType":2,"messageKeys":{}},"BfFGe8hRkv2rYfLNKVs9YmJqxYhIq2qOIHi7pdPPBQUe":{"chainKey":{"counter":1},"chainType":2,"messageKeys":{}},"BaMyNyf2Ct0Ceb6H3ZXJV/7tRMd+pCGiWob8SLbI7tNk":{"chainKey":{"counter":0},"chainType":2,"messageKeys":{}},"BQlmnhmzkKct452+3PgqhdVZCG6qjL7vFqpeUw3vQ78O":{"chainKey":{"counter":1},"chainType":2,"messageKeys":{}},"BeBW6hjrt0suxIV6AZuk+udHzFIZY5Scoqt5w0Ca+PcU":{"chainKey":{"counter":1},"chainType":2,"messageKeys":{}},"BRBOVls3463mc9qhoP0D+G8KErKA5JduYmO1eGBmeeoX":{"chainKey":{"counter":0},"chainType":2,"messageKeys":{}},"BaN6evqTmscmAXezSiJjzgHUwsZEWt8uBJsrccj0OXwW":{"chainKey":{"counter":1,"key":"ijjyN6jwIm5EAo6QcBX5nnM72dlZWOOgsjkQq2bNLWo="},"chainType":2,"messageKeys":{}},"BdczPF3WShOU6IKNvl6stzcsPSqlq7zTR7xx72vHJ/U5":{"chainKey":{"counter":0,"key":"CTToE246aYedehQpgiUT7Tw2FbMFiIcKmqgGCKl37+c="},"chainType":1,"messageKeys":{}}}},"BUNiHg3d736Kj4ohNqQVekUBcYneS8GqV2XSPgybH7Jn":{"registrationId":1347683410,"currentRatchet":{"ephemeralKeyPair":{"pubKey":"BeRB9XNmy5vZqvzSaGV0uOJu6pfBN0Bwhu2NDCYFUfZr","privKey":"+Al/AT0/OrZHl1dOrVk+UvcIXV/o7KaVUqDLP7Y8M10="},"lastRemoteEphemeralKey":"BQb5t6WzZwJE5tl4e9yBrTyy1yI3Kvlgr/pOKaBfspwt","previousCounter":0,"rootKey":"PKCF3TZypYMUKk1DxPunykjc8uwKpkRNYNV+Di2EHBA="},"indexInfo":{"baseKey":"BUNiHg3d736Kj4ohNqQVekUBcYneS8GqV2XSPgybH7Jn","baseKeyType":2,"closed":1756371212071,"used":1756370423510,"created":1756270525964,"remoteIdentityKey":"BSu0LZAuhYDEy5u3axhX+pl4c2xgTaRd30Sj0UxATqts"},"_chains":{"Bew3AhjMbLitZWLQZjXVAd6U494IQ/9KDk9x4B+yli0D":{"chainKey":{"counter":0},"chainType":2,"messageKeys":{}},"BVljxfi69y3heN/W/DfCapSeM5Hm0+6EVY1LIQRNgmNn":{"chainKey":{"counter":0},"chainType":2,"messageKeys":{}},"BTeo0AveO4C/s+g28FMX1PLzwMObXjcUJvYVzWZX9/IY":{"chainKey":{"counter":0},"chainType":2,"messageKeys":{}},"BfEB7HrSzJ2hrHV7KoOBnAIaO7Xsn2awsAD1YhOQufYU":{"chainKey":{"counter":0},"chainType":2,"messageKeys":{}},"BQZWZyomDs/aEt30AQDLjvFXKIIVw1G1qAuyoqeWUuhf":{"chainKey":{"counter":0},"chainType":2,"messageKeys":{}},"BR4ZA6wb0Ra87JIDMC8qh0uO5NpIGV2E9G/Zkk9ST3EM":{"chainKey":{"counter":0},"chainType":2,"messageKeys":{}},"BQb5t6WzZwJE5tl4e9yBrTyy1yI3Kvlgr/pOKaBfspwt":{"chainKey":{"counter":0,"key":"6YG8KiqOQnatMMO9kV/p0W0YxkXyv6ymxPOySTSNP14="},"chainType":2,"messageKeys":{}},"BeRB9XNmy5vZqvzSaGV0uOJu6pfBN0Bwhu2NDCYFUfZr":{"chainKey":{"counter":-1,"key":"cp9L8gS0Z5G+evci8l/hWQH9WFYdPJfcz/30Jh1xVJI="},"chainType":1,"messageKeys":{}}}},"BSsjzf/7snO3ehGIl71bbB51LkR5ptntyH1V/2KmiocV":{"registrationId":1347683410,"currentRatchet":{"ephemeralKeyPair":{"pubKey":"Bcfallcnu8nscyUQP49gXfChGBpzg6OpdUvvRKuJq68P","privKey":"UBT0E4nSDBBaZ9pguHJ1IIgiASqOcn4naxUB3vyJznc="},"lastRemoteEphemeralKey":"BSioroNy4+oJV2iaGvfgks8j8JAgYylIVlXgsMprkHgw","previousCounter":3,"rootKey":"n3UGhwbTD2l1dTLoZcNuoRnVJhFaO0ALW2LzJt+8DI8="},"indexInfo":{"baseKey":"BSsjzf/7snO3ehGIl71bbB51LkR5ptntyH1V/2KmiocV","baseKeyType":2,"closed":1756371626669,"used":1756371223902,"created":1756371212074,"remoteIdentityKey":"BSu0LZAuhYDEy5u3axhX+pl4c2xgTaRd30Sj0UxATqts"},"_chains":{"BZtOJ1wUM5QArbZylFvTxdbTRn+egFUagFwR1kDeU1Q3":{"chainKey":{"counter":0},"chainType":2,"messageKeys":{}},"BSioroNy4+oJV2iaGvfgks8j8JAgYylIVlXgsMprkHgw":{"chainKey":{"counter":0,"key":"mdwQQNfFgthSG6l3dhE/NBAjDuPZn+Igb9GNjaR7Zcc="},"chainType":2,"messageKeys":{}},"Bcfallcnu8nscyUQP49gXfChGBpzg6OpdUvvRKuJq68P":{"chainKey":{"counter":0,"key":"UMCI8e4OwN8lqUi9eEvN8ljZ4IvvkHFG+cFmZ0Affj8="},"chainType":1,"messageKeys":{}}}},"Bex1LZtUCqNVfUYbWRVqTk46o5n96etMN4PoJ9EWulE+":{"registrationId":1347683410,"currentRatchet":{"ephemeralKeyPair":{"pubKey":"BZXlueEh/fl0LjgQfDO8gul/VcR0VovJa654stUIYOBM","privKey":"cLLrtdPYTYJUXbWUk5GuBCHpO4MUZBNJcNd/lehRgmw="},"lastRemoteEphemeralKey":"BW3hs1YkTzZR0CvBJrXJrYa/Y4sdwwXgo5Ly+crviTwL","previousCounter":0,"rootKey":"qBchTaqgPy0S7UWQTWYaG7UtJDaGYtCmCcqkXDHkMio="},"indexInfo":{"baseKey":"Bex1LZtUCqNVfUYbWRVqTk46o5n96etMN4PoJ9EWulE+","baseKeyType":2,"closed":1756377215719,"used":1756371626674,"created":1756371626674,"remoteIdentityKey":"BSu0LZAuhYDEy5u3axhX+pl4c2xgTaRd30Sj0UxATqts"},"_chains":{"BW3hs1YkTzZR0CvBJrXJrYa/Y4sdwwXgo5Ly+crviTwL":{"chainKey":{"counter":1,"key":"XfRLwmOABa52FvGscmx63FB12JxY0tHua7YKQ2yH0Wg="},"chainType":2,"messageKeys":{}},"BZXlueEh/fl0LjgQfDO8gul/VcR0VovJa654stUIYOBM":{"chainKey":{"counter":0,"key":"UoP7juUnkK8RiKMZRBulBdTD/F0h3AvsvzVzJDjy6kM="},"chainType":1,"messageKeys":{}}}},"BYnm0/oI/y4OjpunxVPhZhJbRrxzAjbpmYX4jMTydqJc":{"registrationId":1347683410,"currentRatchet":{"ephemeralKeyPair":{"pubKey":"BSWZc1XhvwAA+NUBH8qnKv5IsVmrRiGryGZm65lA1osr","privKey":"oNsGF6nTzjZNuJzdfA0ozWNXkjYd0Px5CsLgIvonXEE="},"lastRemoteEphemeralKey":"BbKPR+MG30N4HhRqBOyPH4dCCR3cWJX5V2+OHeen8YFI","previousCounter":0,"rootKey":"gHNKHtgSnBQhB5EGxLOQHmfaS2nQiHL7Er8PlZK45T0="},"indexInfo":{"baseKey":"BYnm0/oI/y4OjpunxVPhZhJbRrxzAjbpmYX4jMTydqJc","baseKeyType":2,"closed":1756381360351,"used":1756377215726,"created":1756377215726,"remoteIdentityKey":"BSu0LZAuhYDEy5u3axhX+pl4c2xgTaRd30Sj0UxATqts"},"_chains":{"BbKPR+MG30N4HhRqBOyPH4dCCR3cWJX5V2+OHeen8YFI":{"chainKey":{"counter":1,"key":"wgoN8EIwePgVH/J/Frq7Y2e2I05jvGG272hOePPvqh0="},"chainType":2,"messageKeys":{}},"BSWZc1XhvwAA+NUBH8qnKv5IsVmrRiGryGZm65lA1osr":{"chainKey":{"counter":0,"key":"YJMKLIwBojmG2McH2C9yuXODLvNWes84IChVAFQgm2s="},"chainType":1,"messageKeys":{}}}},"BTDtUx5kzu19n5O6AeMUIjfxWU2SXioDKJXTygL+8Cwz":{"registrationId":1347683410,"currentRatchet":{"ephemeralKeyPair":{"pubKey":"BRe9rwntuOomL78YcsOFP1Xdt9ZwN/NUc+ye3GF8YAJY","privKey":"mOetMkWLEdzHgo3a9XN8EhwIwKQ2H61+ByIMmIzTnk8="},"lastRemoteEphemeralKey":"BTnS+3HiTyuqQpiKBBmSV0XfQ8XsSNjwcCuW7EbRHT1q","previousCounter":0,"rootKey":"sEScAINOqlMpgPy32FOU2Iw3tblOEBm9TQYPfsMLR7o="},"indexInfo":{"baseKey":"BTDtUx5kzu19n5O6AeMUIjfxWU2SXioDKJXTygL+8Cwz","baseKeyType":2,"closed":1756435383703,"used":1756381360355,"created":1756381360355,"remoteIdentityKey":"BSu0LZAuhYDEy5u3axhX+pl4c2xgTaRd30Sj0UxATqts"},"_chains":{"BTnS+3HiTyuqQpiKBBmSV0XfQ8XsSNjwcCuW7EbRHT1q":{"chainKey":{"counter":1,"key":"8CXy2jamc2CtCc3U6NQ0z0EADHvDPN8Q/em+X+iHvlo="},"chainType":2,"messageKeys":{}},"BRe9rwntuOomL78YcsOFP1Xdt9ZwN/NUc+ye3GF8YAJY":{"chainKey":{"counter":4,"key":"dmc4d/4nV0YiMUSAGy8zqn3HCJF8EXpGrcb7PtAWmjc="},"chainType":1,"messageKeys":{}}}},"Bc2jx/WM144O+1TvGszW+Z1Sna/0NQ4wo58POCX+4odY":{"registrationId":1347683410,"currentRatchet":{"ephemeralKeyPair":{"pubKey":"BcbppR8ykNDPobQDMqnux7VR/nQ9/nT29eyeyAwV0TIe","privKey":"QPDVGUAoWVSTyIxW42HfTvKNw3Emek+l7Y3nr1klGF4="},"lastRemoteEphemeralKey":"BQRUJB+NWZCo084W2xriqPhAF7tOjlp4bT9uVkWu2t0k","previousCounter":2,"rootKey":"aCN7XjKccKjwNDOLczlVVdcSs9tTceUt3H0u2kINuS8="},"indexInfo":{"baseKey":"Bc2jx/WM144O+1TvGszW+Z1Sna/0NQ4wo58POCX+4odY","baseKeyType":2,"closed":1756562135612,"used":1756531976363,"created":1756435383708,"remoteIdentityKey":"BSu0LZAuhYDEy5u3axhX+pl4c2xgTaRd30Sj0UxATqts"},"_chains":{"BZaUbqUMysCSDoS83SUi5N9ZkusC5+nmFR0LffQg5dMZ":{"chainKey":{"counter":0},"chainType":2,"messageKeys":{}},"BXBcXEOxo1tAeKpWq6GcdymLjJo81ZsA13zcoKofuYB2":{"chainKey":{"counter":0},"chainType":2,"messageKeys":{}},"Bd0nBMbzBDzJBnS2qewKh0Yev6Ky+2JFDlsnv+hgVwRK":{"chainKey":{"counter":1},"chainType":2,"messageKeys":{"0":"QYW8DYmxvovfwdyh0h48rcjnIhOljJzmB8Z7/+Wh81E="}},"BRAb1vftBwx/Ap8tAwQZu6EYO1rpE5KUIgQQvgYJhJdp":{"chainKey":{"counter":0},"chainType":2,"messageKeys":{}},"BcDiPrWbZZFud1hY4n8rAVZY59J06WMcl9yqUEXp7hpT":{"chainKey":{"counter":0},"chainType":2,"messageKeys":{}},"BQRUJB+NWZCo084W2xriqPhAF7tOjlp4bT9uVkWu2t0k":{"chainKey":{"counter":0,"key":"U43FVTxVkwa+ZuRcfwvOsjsIRSxgxH3jNpaE/k1rgxg="},"chainType":2,"messageKeys":{}},"BcbppR8ykNDPobQDMqnux7VR/nQ9/nT29eyeyAwV0TIe":{"chainKey":{"counter":3,"key":"ANQVp0nSl1d+SVGrImiutv7w5XwhIdwAKrKXgeM16vk="},"chainType":1,"messageKeys":{}}}},"BR9bp2eZK/fBUBqi4oGHu76TxZJUx4PhN7bgu9GXEGE/":{"registrationId":1347683410,"currentRatchet":{"ephemeralKeyPair":{"pubKey":"Ba5dVkKzVJsDh6Ri3N/LOcJfkSTb+hB48S7C47ze54gZ","privKey":"+LHPFJH3oczuWh6gSbXNtDbvN+7MsTl10MNm+VLCqEE="},"lastRemoteEphemeralKey":"BWj256toglmV5THSkk7lvZBtlQWTVNHttPI7Kk3Bko4j","previousCounter":1,"rootKey":"R6QlaBou9aGzT0TEKErJjtyOZqVcpdhgR+U5fXkN4bI="},"indexInfo":{"baseKey":"BR9bp2eZK/fBUBqi4oGHu76TxZJUx4PhN7bgu9GXEGE/","baseKeyType":2,"closed":-1,"used":1756562142257,"created":1756562135618,"remoteIdentityKey":"BSu0LZAuhYDEy5u3axhX+pl4c2xgTaRd30Sj0UxATqts"},"_chains":{"BRRGvB19nPiW0SlVEU7qzsezbWhUzvSl2nBKjVuDb2Nv":{"chainKey":{"counter":0},"chainType":2,"messageKeys":{}},"BWj256toglmV5THSkk7lvZBtlQWTVNHttPI7Kk3Bko4j":{"chainKey":{"counter":0,"key":"NWW28ZrI8K+MYVxVv8uHhglof4HSfz50MTNV88HXfmg="},"chainType":2,"messageKeys":{}},"Ba5dVkKzVJsDh6Ri3N/LOcJfkSTb+hB48S7C47ze54gZ":{"chainKey":{"counter":-1,"key":"LW5cjH4aReu/0BD6e2XtKbXlNXMsP1UyxIbZVrIg5I4="},"chainType":1,"messageKeys":{}}}}},"version":"v1"}