{"_sessions":{"BdhgpgvJjjP6BgYS/wpzGsy39mrHHah49HPhAKjaRlIF":{"registrationId":1876741673,"currentRatchet":{"ephemeralKeyPair":{"pubKey":"Bexd5l+yzOd0tfLQlxvlC+K2HxvhixsjE90sqbZ2VLZh","privKey":"WMEf75qz74vzQphYv75Z/jhXE30fJzxOaA0oB8+aX3Q="},"lastRemoteEphemeralKey":"Bd+kRtkRLOU/K37rh+me7o0hEsmfNmvuVVu3ptmFHCAE","previousCounter":0,"rootKey":"W2WtXhSKdo/lp0vgKNGkTfIVEuhLBeM6oKQ6SoR4TyU="},"indexInfo":{"baseKey":"BdhgpgvJjjP6BgYS/wpzGsy39mrHHah49HPhAKjaRlIF","baseKeyType":1,"closed":-1,"used":1756388343023,"created":1756374412977,"remoteIdentityKey":"BVJ2cpmNedmTHrjtYVrzuZWx4z2vXQPz0r/IXAuBaMZQ"},"_chains":{"BYS30Jk6He94k1BEHtyY9h0IMMqDtiyW6CIYRKJ8ReY8":{"chainKey":{"counter":1},"chainType":2,"messageKeys":{}},"Bd+kRtkRLOU/K37rh+me7o0hEsmfNmvuVVu3ptmFHCAE":{"chainKey":{"counter":0,"key":"E+7afdA8Zxd7VwmYE6o4DbvrgYuUB+UehY3v9V5gyTg="},"chainType":2,"messageKeys":{}},"Bexd5l+yzOd0tfLQlxvlC+K2HxvhixsjE90sqbZ2VLZh":{"chainKey":{"counter":-1,"key":"kzPAlgX4samxsyHS2lRbNHk9giVCtJH5E3yTVTW5ChI="},"chainType":1,"messageKeys":{}}}}},"version":"v1"}