{"_sessions":{"Be8r7SDbR4qeSxuqzzdHZKnGdqThUw4OPXBCETtH+MNO":{"registrationId":4714,"currentRatchet":{"ephemeralKeyPair":{"pubKey":"Bd4lNlVf9aVk5epPeoNKw4j8zaPLt6JV+ZPCOtqTVfxK","privKey":"ILE1yDnM1Aqz2hztzZ7ydIMaij4g1/O1Uq1IRxHEEX4="},"lastRemoteEphemeralKey":"Bcu5H5/nwG2FhbO7J+Xzjbe/w5y507YiNDCCstG500s5","previousCounter":0,"rootKey":"AiqQ2p6Unru5oAk43ypmtkXGjWAg0PdLY5rP2IFAZk4="},"indexInfo":{"baseKey":"Be8r7SDbR4qeSxuqzzdHZKnGdqThUw4OPXBCETtH+MNO","baseKeyType":1,"closed":-1,"used":1756397594511,"created":1756397594511,"remoteIdentityKey":"BeseQHcHGFq9mMGCyHB4dZeYnsKw/seSoUxwg1gmadBI"},"_chains":{"Bd4lNlVf9aVk5epPeoNKw4j8zaPLt6JV+ZPCOtqTVfxK":{"chainKey":{"counter":1,"key":"kMCxi4FEE7W7Tbt25BqGI1ligpD76rp+glOKwUecB+8="},"chainType":1,"messageKeys":{}}},"pendingPreKey":{"signedKeyId":1,"baseKey":"Be8r7SDbR4qeSxuqzzdHZKnGdqThUw4OPXBCETtH+MNO","preKeyId":740}}},"version":"v1"}