{"_sessions":{"BbBoZUuZYURO/sy4iE1PghaJgHlxgh4bta5rbWJYBmIn":{"registrationId":1819420441,"currentRatchet":{"ephemeralKeyPair":{"pubKey":"BQTZA18zLfmYCC990wXd7lsx3MMpJlfuhXOh1xsWb25Y","privKey":"gJL5MTbYwDoV9x8TBh9kQRw8pKBkJe/sWBjhLarprHU="},"lastRemoteEphemeralKey":"BYcq8TpSZuvKKI4i9sEcVUkDU09RegbSU2s3MrqT2zIO","previousCounter":0,"rootKey":"BRAnBRNvEj5b1XqtQQgT6N8UiEMXdgETLJPsspx7mPg="},"indexInfo":{"baseKey":"BbBoZUuZYURO/sy4iE1PghaJgHlxgh4bta5rbWJYBmIn","baseKeyType":1,"closed":-1,"used":1755507317213,"created":1755507317213,"remoteIdentityKey":"BWvsoMW/IeCLz52WUUK34YinBtXfLVTme5USgVJnrJo0"},"_chains":{"BQTZA18zLfmYCC990wXd7lsx3MMpJlfuhXOh1xsWb25Y":{"chainKey":{"counter":25,"key":"kCXBvA1RUNdyUtUZi/rwVZNnGdy9mwP/kYqMvl1sIuI="},"chainType":1,"messageKeys":{}}},"pendingPreKey":{"signedKeyId":12,"baseKey":"BbBoZUuZYURO/sy4iE1PghaJgHlxgh4bta5rbWJYBmIn","preKeyId":4236358}}},"version":"v1"}