{"_sessions":{"BVWVw7NiMoeU31sdgNm+elGCyxJ3vMuGUUEo3g95kdps":{"registrationId":379939151,"currentRatchet":{"ephemeralKeyPair":{"pubKey":"BRxKP9+VuAsldKPY3XdYmiKeVuH21yOzj+TMjOC4aqgq","privKey":"SC9r1R0KNN88VzBJ/zoxslL5v9U+iA2J392PZXtuREE="},"lastRemoteEphemeralKey":"BXX9JlRdXwK+pq1Fn1jRFgKyozkAapP4PRBkOIU0QddG","previousCounter":0,"rootKey":"dkPnLysdwbughrRzXVb/vtsUmggsQOJqAMxlVDxJ/Sw="},"indexInfo":{"baseKey":"BVWVw7NiMoeU31sdgNm+elGCyxJ3vMuGUUEo3g95kdps","baseKeyType":1,"closed":1755764349540,"used":1755700200249,"created":1755700200249,"remoteIdentityKey":"BUQ5O54BSYos7i7VGaWWjGE1bYK8vg4XhXrCuDurJxFu"},"_chains":{"BRxKP9+VuAsldKPY3XdYmiKeVuH21yOzj+TMjOC4aqgq":{"chainKey":{"counter":6,"key":"pEN/X0LK9m27K/4mlR6uhZ+/m7gWqY75rv01SkxaRQU="},"chainType":1,"messageKeys":{}}},"pendingPreKey":{"signedKeyId":1,"baseKey":"BVWVw7NiMoeU31sdgNm+elGCyxJ3vMuGUUEo3g95kdps","preKeyId":166}},"BQ1Qcl0B+1rn/ePnenKW8Vva4KcEoHDrUk0WTroUMa0Y":{"registrationId":379939151,"currentRatchet":{"ephemeralKeyPair":{"pubKey":"BTEpz7SYAmHa/wDriW6yPoKk7hymyuwnlhJOhD43u0oe","privKey":"EHfmzJg6PgrlzAQeUT8mqJBqjf+ZS4d7bgLC7rxNhFg="},"lastRemoteEphemeralKey":"BXX9JlRdXwK+pq1Fn1jRFgKyozkAapP4PRBkOIU0QddG","previousCounter":0,"rootKey":"fmzka88NggVhkMBrzE1OZkzqig2WF30jnRvQiB3ZvfM="},"indexInfo":{"baseKey":"BQ1Qcl0B+1rn/ePnenKW8Vva4KcEoHDrUk0WTroUMa0Y","baseKeyType":1,"closed":-1,"used":1755764349538,"created":1755764349538,"remoteIdentityKey":"BUQ5O54BSYos7i7VGaWWjGE1bYK8vg4XhXrCuDurJxFu"},"_chains":{"BTEpz7SYAmHa/wDriW6yPoKk7hymyuwnlhJOhD43u0oe":{"chainKey":{"counter":-1,"key":"DZzFrfXQ8epzc7u6of9wGLB+144NJzRDuXZhaTzHXng="},"chainType":1,"messageKeys":{}}},"pendingPreKey":{"signedKeyId":1,"baseKey":"BQ1Qcl0B+1rn/ePnenKW8Vva4KcEoHDrUk0WTroUMa0Y"}}},"version":"v1"}