{"_sessions":{"BSsDPqo4wZeJyN+Lj2UojY/rE1F0O+15j1qWOskKMltA":{"registrationId":849270805,"currentRatchet":{"ephemeralKeyPair":{"pubKey":"BaG9MpBA0zFrLMfdJlSeH6nsebXSL9mGkRmlZ/Ftvs4Z","privKey":"wJi2sacrvL5zbCDx9gGRsk9+tT4BXd5N6uffxEc2wls="},"lastRemoteEphemeralKey":"BXyuR8kj0RXTtMqXkE9r2sh2hcc1X1y0d/tB8NtmGlly","previousCounter":0,"rootKey":"k21FTuKHVvFaYYWsocg+1sdDZl2mWSy+rcpH9m6j9/I="},"indexInfo":{"baseKey":"BSsDPqo4wZeJyN+Lj2UojY/rE1F0O+15j1qWOskKMltA","baseKeyType":1,"closed":-1,"used":1755507317512,"created":1755507317512,"remoteIdentityKey":"BYw/0xUlOQ+o7CF9klG4I/1tQuSpNwOCY1g5ZwV+nzJ4"},"_chains":{"BaG9MpBA0zFrLMfdJlSeH6nsebXSL9mGkRmlZ/Ftvs4Z":{"chainKey":{"counter":25,"key":"4P9pFEy73+LFb8S/921tDjOJPlInZh5Tyhi7oi0nPJo="},"chainType":1,"messageKeys":{}}},"pendingPreKey":{"signedKeyId":4,"baseKey":"BSsDPqo4wZeJyN+Lj2UojY/rE1F0O+15j1qWOskKMltA","preKeyId":7830220}}},"version":"v1"}