{"_sessions":{"BVtxNUg52IAJxn3wiaWxohU5V0ULVKfcNlhR49BNnfdf":{"registrationId":271316078,"currentRatchet":{"ephemeralKeyPair":{"pubKey":"Beyi+R/EIu8YEDG69TbXpOMqge088vGSSUVS4L9Gzi4E","privKey":"KFsIVmB4oFeNqDRFY5Afy46aIOMF7WNAtFK5tP6l4Xg="},"lastRemoteEphemeralKey":"BTUzs9bu2v1n9Kdq3mbjSzC/C4NLEB0lmhlpWapw48NH","previousCounter":0,"rootKey":"nANfnxd6IZqNQbHkjbOcxQ4jMg9J+ZfvhFvRGrECNno="},"indexInfo":{"baseKey":"BVtxNUg52IAJxn3wiaWxohU5V0ULVKfcNlhR49BNnfdf","baseKeyType":1,"closed":-1,"used":1755507317642,"created":1755507317642,"remoteIdentityKey":"BW6kvTl3kcvEh34Hb0S1fgkuAz+kJwBPySMfGBfzFtVN"},"_chains":{"Beyi+R/EIu8YEDG69TbXpOMqge088vGSSUVS4L9Gzi4E":{"chainKey":{"counter":25,"key":"UEJCoDlSV7tzr0nH6JYlr8ieGffsockCKmVIca3ZAWw="},"chainType":1,"messageKeys":{}}},"pendingPreKey":{"signedKeyId":4,"baseKey":"BVtxNUg52IAJxn3wiaWxohU5V0ULVKfcNlhR49BNnfdf","preKeyId":10657835}}},"version":"v1"}