{"_sessions":{"BSqurLSTMOZF4hLV4IajB5OMwODyQ3EMzB/yiDuclMID":{"registrationId":104,"currentRatchet":{"ephemeralKeyPair":{"pubKey":"Bfhf7aoAm2xY9VQzn14Z54WRJNBBAgyp7bhdqAdgUPMX","privKey":"0KXiZP+Gl1IvocqZBRXBJNrZiW9c8FKNUvnNu3i1DkY="},"lastRemoteEphemeralKey":"Bdr5I7D3iu0WppSA+yhRnRvcLcTV/7kSwouR/Fp4MM4W","previousCounter":0,"rootKey":"4aAU41IXSXeao3g3ECbI2uCr12FQToS0AV1XN1hnz4E="},"indexInfo":{"baseKey":"BSqurLSTMOZF4hLV4IajB5OMwODyQ3EMzB/yiDuclMID","baseKeyType":1,"closed":-1,"used":1755740560245,"created":1755740560245,"remoteIdentityKey":"BaUe+nnI7v/ipK++9rK7wgUYmqZ0Cg2PZ/ETauYtgUh9"},"_chains":{"Bfhf7aoAm2xY9VQzn14Z54WRJNBBAgyp7bhdqAdgUPMX":{"chainKey":{"counter":16,"key":"9X2imHLdwk4k00yXGubqdudZ0lZppRWKkwSxMP7lRBw="},"chainType":1,"messageKeys":{}}},"pendingPreKey":{"signedKeyId":1,"baseKey":"BSqurLSTMOZF4hLV4IajB5OMwODyQ3EMzB/yiDuclMID"}}},"version":"v1"}