{"_sessions":{"Bc+xfB0HUROnrWZauvVFQF3MexO4LWNvdSH+lNnLMKlx":{"registrationId":1074564653,"currentRatchet":{"ephemeralKeyPair":{"pubKey":"BXqBj2iMcFno0CPy9Iuq/8iYMl/USln8xjUXQTFhIeZa","privKey":"+PWewBIiCn+/To3mSO7ZUYk4Rvl0hmRtCSRdHH7QS1c="},"lastRemoteEphemeralKey":"BZ1p51qqsrpp9qkQaJgh2H0tC8/A0uW4XKocOMQIi6pW","previousCounter":3,"rootKey":"35nvrfuKCqU19EhVdvdnhHBR8fkTn4jF2dbwz/QpvZM="},"indexInfo":{"baseKey":"Bc+xfB0HUROnrWZauvVFQF3MexO4LWNvdSH+lNnLMKlx","baseKeyType":1,"closed":-1,"used":1755568289963,"created":1755492398081,"remoteIdentityKey":"BVgHHUnWnm2R51gms4WwpkHh5a+Ee/kI8CmhaK4mqAAc"},"_chains":{"BZ1p51qqsrpp9qkQaJgh2H0tC8/A0uW4XKocOMQIi6pW":{"chainKey":{"counter":0,"key":"KNG7uflfL19jqKkG2sKAUG8XxJfkXGBrSfUonwUmW2Q="},"chainType":2,"messageKeys":{}},"BXqBj2iMcFno0CPy9Iuq/8iYMl/USln8xjUXQTFhIeZa":{"chainKey":{"counter":64,"key":"iAZFDKJSbpqDhnL2QL2pYSY2OcTJIq8TlJcelwm8Nzg="},"chainType":1,"messageKeys":{}}}}},"version":"v1"}