{"_sessions":{"BbiqvFJNx3DHntwsLDS7tqbmJLwTEwXRnugwGY+f1ewD":{"registrationId":1959945953,"currentRatchet":{"ephemeralKeyPair":{"pubKey":"BepgXDR1kVb2viAdR65+bJbWk+lnggrvR6agkPAXdLl7","privKey":"CAiZH//BoqB/V9NDtQ5y/qct2J6nfaLr48Hrbyvf42k="},"lastRemoteEphemeralKey":"BdjAVZ9s5+9mGWd8TEdCQp95MRDKLzdKwQm5YLiVdsE5","previousCounter":0,"rootKey":"9dMGgFy8M9Km8a9htL0O+iR/3Y1TS98Sn043Xt5CJF8="},"indexInfo":{"baseKey":"BbiqvFJNx3DHntwsLDS7tqbmJLwTEwXRnugwGY+f1ewD","baseKeyType":1,"closed":-1,"used":1756270525559,"created":1756270525559,"remoteIdentityKey":"BWuS7mOMTnNv044ZmsC4xeqRK/gkuOZDDjstdg0Pb7YV"},"_chains":{"BepgXDR1kVb2viAdR65+bJbWk+lnggrvR6agkPAXdLl7":{"chainKey":{"counter":8,"key":"tX9awPBYiWdaswOGHs8wsMyC5W6SWkDQ2fa5LFqJI8o="},"chainType":1,"messageKeys":{}}},"pendingPreKey":{"signedKeyId":1,"baseKey":"BbiqvFJNx3DHntwsLDS7tqbmJLwTEwXRnugwGY+f1ewD","preKeyId":3783774}}},"version":"v1"}