{"_sessions":{"BVQyq3fArzx1XW7VmnIz9p0Yk1yU5oqDw/xXdWj4Br94":{"registrationId":1029444486,"currentRatchet":{"ephemeralKeyPair":{"pubKey":"BfIJIFPPCE+Lf4joypAqAi9IAigmR102cMR8UZ+d/1E+","privKey":"yKaOt59/HT5b/OfvxRjUbMfSAa8W/d/RFwhsKWUxE0c="},"lastRemoteEphemeralKey":"BRHJMjIn4OsTqj4ITrvnWCp4rymAuxCR0kvjVMa8dFBv","previousCounter":0,"rootKey":"7ftgkC+i5ydXultWgQscgiw6G7jkrHT6kZ+HiSHXs3M="},"indexInfo":{"baseKey":"BVQyq3fArzx1XW7VmnIz9p0Yk1yU5oqDw/xXdWj4Br94","baseKeyType":1,"closed":-1,"used":1756270525632,"created":1756270525632,"remoteIdentityKey":"BdpOM8JSulaUSPmenffKD/5mTdcqdBITtlqdllYViSAU"},"_chains":{"BfIJIFPPCE+Lf4joypAqAi9IAigmR102cMR8UZ+d/1E+":{"chainKey":{"counter":8,"key":"w7aUysIObajRfKkDRLQjHdbu820bMcHfMLyPkPioKB0="},"chainType":1,"messageKeys":{}}},"pendingPreKey":{"signedKeyId":3,"baseKey":"BVQyq3fArzx1XW7VmnIz9p0Yk1yU5oqDw/xXdWj4Br94"}}},"version":"v1"}