{"_sessions":{"Bf6/+/WKXPDaiDfyyd9SyTUqqjvknYOo7cWNWvG5MYlX":{"registrationId":948556025,"currentRatchet":{"ephemeralKeyPair":{"pubKey":"BR/xD8nSSHGYRzqqphbB1WGDlV2HA9tlhCUoRYTWVEcT","privKey":"MPZYC2UKB9LXCBBy8dk5bLyNTAEVlKnUL25Ady1SVkY="},"lastRemoteEphemeralKey":"BSCoImGhxPK5MvNvXBT2knF28bXlhrYZq8eHhb9zoZRj","previousCounter":0,"rootKey":"W+Rv4Q2Z2gvfmQdLixY0+YDOm+gDp5SeXHX/LlOP8dA="},"indexInfo":{"baseKey":"Bf6/+/WKXPDaiDfyyd9SyTUqqjvknYOo7cWNWvG5MYlX","baseKeyType":1,"closed":-1,"used":1755507317745,"created":1755507317745,"remoteIdentityKey":"BeVvyIKAfvkhFfq4jKOToTtdk5GaXL2BKVcIC3jH03ob"},"_chains":{"BR/xD8nSSHGYRzqqphbB1WGDlV2HA9tlhCUoRYTWVEcT":{"chainKey":{"counter":25,"key":"srwY8J9LU7UU0ryI9uCA+w7LxdP82GlP1hE7w1P1xR8="},"chainType":1,"messageKeys":{}}},"pendingPreKey":{"signedKeyId":0,"baseKey":"Bf6/+/WKXPDaiDfyyd9SyTUqqjvknYOo7cWNWvG5MYlX","preKeyId":8640982}}},"version":"v1"}