{"_sessions":{"BawNATnEQpuWB6WmO7BnSjs++pka9+bDEk1Nk1Na5L8r":{"registrationId":1843486611,"currentRatchet":{"ephemeralKeyPair":{"pubKey":"BcYSMxmYc1M/TIWIbSGuRGkAQ1M2GD/sPFf+Jh2cDrJp","privKey":"WNEzFu+KiNNf9yI3zg7lJyd1uJBF4m9qN9DdfxDa7GQ="},"lastRemoteEphemeralKey":"BaGI9VavUuT3qWcn275sK0E4Q9/EPW2zmsqQsbNptg4r","previousCounter":0,"rootKey":"w7JnXxisKI+g4WMlytVaqBAjnUNLeFV5HEvswTtSdCY="},"indexInfo":{"baseKey":"BawNATnEQpuWB6WmO7BnSjs++pka9+bDEk1Nk1Na5L8r","baseKeyType":2,"closed":-1,"used":1756397732238,"created":1755772913355,"remoteIdentityKey":"Bcz/Slw7MDS4TKVZTSzmVHj7FTgXTi9BScHtvACqOc10"},"_chains":{"Bed5zBNSKTYFM9DudnxxIxUFg64KBjdl2scUm6n64VFV":{"chainKey":{"counter":1},"chainType":2,"messageKeys":{"0":"tZa8CcCc4e0tKdtR+Pj+NQefI01o1/8Qq402zTxf1qs="}},"BYjC33UANH+EK9xC7Xfa5E2+666KA1i/VCfpomButBcN":{"chainKey":{"counter":1},"chainType":2,"messageKeys":{}},"BWHq4T/7XiFfpBeDrl7xNiilBL4TKBDGL0Y2obMeZ9oz":{"chainKey":{"counter":0},"chainType":2,"messageKeys":{}},"Beidm6F5MWHZG/uFho46iqHOLbP5R8UO4Z6Ybuen7VRj":{"chainKey":{"counter":0},"chainType":2,"messageKeys":{}},"BaGI9VavUuT3qWcn275sK0E4Q9/EPW2zmsqQsbNptg4r":{"chainKey":{"counter":0,"key":"52NSfPCIgzIJMiobIvK2N5l4ye7dGoDeZKzS/uA9Z0s="},"chainType":2,"messageKeys":{}},"BcYSMxmYc1M/TIWIbSGuRGkAQ1M2GD/sPFf+Jh2cDrJp":{"chainKey":{"counter":-1,"key":"Q05LtYDwuS6KltuGmQy5XZOKpWA7hnBcLU6+0vNNWYs="},"chainType":1,"messageKeys":{}}}}},"version":"v1"}