{"_sessions":{"BRoeUfXpLkumNCvjsTM9UDCOOV8hyBiJaH2pw2N0kHdL":{"registrationId":13906,"currentRatchet":{"ephemeralKeyPair":{"pubKey":"BeyNoLvZxyv232Z6Z1Kq8KGGBTHixHyW8GeRZ43fSkFb","privKey":"+FYaBRDnYxxjZ8zb8MYMqRR8zJgdBE8dQJNhjR1jEGY="},"lastRemoteEphemeralKey":"BZ8HxgvswE3LiVpGHBxMGQLYrLxRRev3pVbGlRU6228R","previousCounter":0,"rootKey":"u2K1M3FXM/CZqFGq/T8i5y4ZsxlqOorv4FPyYetNV7g="},"indexInfo":{"baseKey":"BRoeUfXpLkumNCvjsTM9UDCOOV8hyBiJaH2pw2N0kHdL","baseKeyType":1,"closed":-1,"used":1755492398413,"created":1755492398413,"remoteIdentityKey":"BQ8f9cgShoeJHhGi8Sk4GCR8Thy8UxVLxADN+bT3h1J5"},"_chains":{"BeyNoLvZxyv232Z6Z1Kq8KGGBTHixHyW8GeRZ43fSkFb":{"chainKey":{"counter":33,"key":"aCGmW5JMCLpxUulHu7PUWUr0dLbZjFam4MkTmCN5ICY="},"chainType":1,"messageKeys":{}}},"pendingPreKey":{"signedKeyId":1,"baseKey":"BRoeUfXpLkumNCvjsTM9UDCOOV8hyBiJaH2pw2N0kHdL"}}},"version":"v1"}