{"_sessions":{"BclM/a5/mVMGIzTb4OVYR0Z6tODF+aJaAefJX/t0JQdG":{"registrationId":104,"currentRatchet":{"ephemeralKeyPair":{"pubKey":"BR0o7EevC0gyJUi56Vgb1RnhxbI8WxnZX2cUQYhkXpxu","privKey":"QJHpx9uuJenqr44YvgVJh4uG9nE1+xWIuBAxCDFAqlk="},"lastRemoteEphemeralKey":"Bdr5I7D3iu0WppSA+yhRnRvcLcTV/7kSwouR/Fp4MM4W","previousCounter":0,"rootKey":"yCVcREqhTwdyP4V0nBRKGSIOkVjLYJp/wDCXoHh5kMc="},"indexInfo":{"baseKey":"BclM/a5/mVMGIzTb4OVYR0Z6tODF+aJaAefJX/t0JQdG","baseKeyType":1,"closed":-1,"used":1755792395470,"created":1755792395470,"remoteIdentityKey":"BaUe+nnI7v/ipK++9rK7wgUYmqZ0Cg2PZ/ETauYtgUh9"},"_chains":{"BR0o7EevC0gyJUi56Vgb1RnhxbI8WxnZX2cUQYhkXpxu":{"chainKey":{"counter":44,"key":"KQALvlIblVEw85x41/doFjqTMrrJ8iKPlJjQ2HXPmTk="},"chainType":1,"messageKeys":{}}},"pendingPreKey":{"signedKeyId":1,"baseKey":"BclM/a5/mVMGIzTb4OVYR0Z6tODF+aJaAefJX/t0JQdG"}}},"version":"v1"}