{"_sessions":{"BUc5dulyc3Uek9Po1J2qHwV240MuHNJA6CWQqpA+L/Zg":{"registrationId":191167660,"currentRatchet":{"ephemeralKeyPair":{"pubKey":"BfrQexz6hsnszyu8N+zn1FpKhMriVofQf44CSZcs6bVN","privKey":"ePnIwlkxfAGmh+R2wBzA79vUpnyxykMaor++OIpBd2g="},"lastRemoteEphemeralKey":"BV5oC4dH4kGc3CL0HolA2MnI/ESrXeex2rkmMhRFrvoi","previousCounter":0,"rootKey":"3eDeYO67LooM/0Jwrxmktq71mdt4B/tDd1I1BDgK9u0="},"indexInfo":{"baseKey":"BUc5dulyc3Uek9Po1J2qHwV240MuHNJA6CWQqpA+L/Zg","baseKeyType":1,"closed":1756416805919,"used":1756270525377,"created":1756270525377,"remoteIdentityKey":"BcBq6/p/RsYQBdqfy4O/2O5HawzY0kuBkpgx4KyFTAYG"},"_chains":{"BfrQexz6hsnszyu8N+zn1FpKhMriVofQf44CSZcs6bVN":{"chainKey":{"counter":4,"key":"bxlCDQ3Q97YBLcN48ZJnPgg83+jstIT5KzRYF3sR+h8="},"chainType":1,"messageKeys":{}}},"pendingPreKey":{"signedKeyId":0,"baseKey":"BUc5dulyc3Uek9Po1J2qHwV240MuHNJA6CWQqpA+L/Zg","preKeyId":10522011}},"BaC099NAYQ1Qd4XP5e4pEori/J7Hc9eR0ppxCwXuIhFR":{"registrationId":1207108895,"currentRatchet":{"ephemeralKeyPair":{"pubKey":"Bdug699SSXOvUQS52rtyUKc2rFF3+GnWH9mtID+MSZUb","privKey":"0Jx48QFYzKDdAcSH87zfRjOzv/VlRlyU7Crp25XjKkM="},"lastRemoteEphemeralKey":"BSSD+dxT7IOqRTpdRa7dnw+UtfmiThRWQnAqk49oC9gy","previousCounter":0,"rootKey":"Uol+gY/nbDfghJI+dTMGSsHfdlTQKdgZDHjkB5+kUcY="},"indexInfo":{"baseKey":"BaC099NAYQ1Qd4XP5e4pEori/J7Hc9eR0ppxCwXuIhFR","baseKeyType":1,"closed":1756416806184,"used":1756416805917,"created":1756416805917,"remoteIdentityKey":"BbrsRIiNOvdt6+9rLv8SV9Bmiuq6rntKjpQX7KWifag6"},"_chains":{"Bdug699SSXOvUQS52rtyUKc2rFF3+GnWH9mtID+MSZUb":{"chainKey":{"counter":-1,"key":"bAr1Akg1zj3h8KJRaZzvuMONjYPlfnnGrd2Bo0APV3I="},"chainType":1,"messageKeys":{}}},"pendingPreKey":{"signedKeyId":0,"baseKey":"BaC099NAYQ1Qd4XP5e4pEori/J7Hc9eR0ppxCwXuIhFR"}},"BXngnNJF6bVP4uzCu0u2nIyAyovBRWvmXVNQdJwVmIdY":{"registrationId":1207108895,"currentRatchet":{"ephemeralKeyPair":{"pubKey":"BfSdolIgpEezkfh+WXYk2vNYwpC4kwLbVzBxcJz/CBwa","privKey":"IM+LdZdG8cxc6WsluhW0fw0HhQUKFTkqIHyIbX8FllI="},"lastRemoteEphemeralKey":"BSSD+dxT7IOqRTpdRa7dnw+UtfmiThRWQnAqk49oC9gy","previousCounter":0,"rootKey":"vGN13rhdtSnn78IyfnSAWDL0/WH6v7x2rYWRdOtXKJY="},"indexInfo":{"baseKey":"BXngnNJF6bVP4uzCu0u2nIyAyovBRWvmXVNQdJwVmIdY","baseKeyType":1,"closed":1756416806457,"used":1756416806182,"created":1756416806182,"remoteIdentityKey":"BbrsRIiNOvdt6+9rLv8SV9Bmiuq6rntKjpQX7KWifag6"},"_chains":{"BfSdolIgpEezkfh+WXYk2vNYwpC4kwLbVzBxcJz/CBwa":{"chainKey":{"counter":-1,"key":"iJQNfEqcfzYgDJFYAAGPoQXlRsrjIh0C7CPjFBixkA8="},"chainType":1,"messageKeys":{}}},"pendingPreKey":{"signedKeyId":0,"baseKey":"BXngnNJF6bVP4uzCu0u2nIyAyovBRWvmXVNQdJwVmIdY"}},"BdPFRHR5cUVv8r1fjPAFvrKvZSdm06c+BI0lJup0d+RU":{"registrationId":1207108895,"currentRatchet":{"ephemeralKeyPair":{"pubKey":"BenMFCam59in5yuHPYspSABAtMyjflOgzy5QHR7ogclO","privKey":"AKfHvvP5TdB5ltO1QhylvLOBNTZHHeMh816Tqhi9HHk="},"lastRemoteEphemeralKey":"BSSD+dxT7IOqRTpdRa7dnw+UtfmiThRWQnAqk49oC9gy","previousCounter":0,"rootKey":"xGKExPgAkeHLDqktHxxp76Wf/GMpUqicdEvmqjus8UA="},"indexInfo":{"baseKey":"BdPFRHR5cUVv8r1fjPAFvrKvZSdm06c+BI0lJup0d+RU","baseKeyType":1,"closed":1756416806719,"used":1756416806456,"created":1756416806456,"remoteIdentityKey":"BbrsRIiNOvdt6+9rLv8SV9Bmiuq6rntKjpQX7KWifag6"},"_chains":{"BenMFCam59in5yuHPYspSABAtMyjflOgzy5QHR7ogclO":{"chainKey":{"counter":-1,"key":"O/Unf0eDV+hjT+ZYFUgHIIhVn5ptA/x2Bxqy74tV/a8="},"chainType":1,"messageKeys":{}}},"pendingPreKey":{"signedKeyId":0,"baseKey":"BdPFRHR5cUVv8r1fjPAFvrKvZSdm06c+BI0lJup0d+RU"}},"BSLKTTEGEh2Hqj4uERx5dG/sRNhzAnigf5wsnIzO2b45":{"registrationId":1207108895,"currentRatchet":{"ephemeralKeyPair":{"pubKey":"BfSCuqEr2LjGtb1nM86P+XKjuo5jfTeoZru0t67F5mw9","privKey":"OFzxf4lrkiqqDmNbDcd0R8PqAW87s/jMZmsaM3Klakc="},"lastRemoteEphemeralKey":"BSSD+dxT7IOqRTpdRa7dnw+UtfmiThRWQnAqk49oC9gy","previousCounter":0,"rootKey":"itAbPYmv8lcsWBnwIhjOgLfILTnKRnLD/831SaFUIbw="},"indexInfo":{"baseKey":"BSLKTTEGEh2Hqj4uERx5dG/sRNhzAnigf5wsnIzO2b45","baseKeyType":1,"closed":1756416806980,"used":1756416806718,"created":1756416806718,"remoteIdentityKey":"BbrsRIiNOvdt6+9rLv8SV9Bmiuq6rntKjpQX7KWifag6"},"_chains":{"BfSCuqEr2LjGtb1nM86P+XKjuo5jfTeoZru0t67F5mw9":{"chainKey":{"counter":-1,"key":"UcZ50RXfZKYfhMBtV+ULlsOwvx3TEclPg4FZ8b/HnIw="},"chainType":1,"messageKeys":{}}},"pendingPreKey":{"signedKeyId":0,"baseKey":"BSLKTTEGEh2Hqj4uERx5dG/sRNhzAnigf5wsnIzO2b45"}},"BcDQ5aPg1HEGBsl4D9ZVIjSwXdTE3DesnXa90zAGHJRn":{"registrationId":1207108895,"currentRatchet":{"ephemeralKeyPair":{"pubKey":"BVFGleQF6U3vaU6zBO+R0pNX8uKGzX4T6HsDsCBv77EO","privKey":"YOmF4UCWXlur3ZifJ3DWDBU+kpzRR+hEklLWq3pPj3Y="},"lastRemoteEphemeralKey":"BSSD+dxT7IOqRTpdRa7dnw+UtfmiThRWQnAqk49oC9gy","previousCounter":0,"rootKey":"nCivChwltOviGL0t5cP400aof/7dyPZGJRI5htpYHng="},"indexInfo":{"baseKey":"BcDQ5aPg1HEGBsl4D9ZVIjSwXdTE3DesnXa90zAGHJRn","baseKeyType":1,"closed":1756416807239,"used":1756416806979,"created":1756416806979,"remoteIdentityKey":"BbrsRIiNOvdt6+9rLv8SV9Bmiuq6rntKjpQX7KWifag6"},"_chains":{"BVFGleQF6U3vaU6zBO+R0pNX8uKGzX4T6HsDsCBv77EO":{"chainKey":{"counter":-1,"key":"2yKWaEhbBA0cnbXSYPhGq7u9n2TgStf3MYkp5b44fQE="},"chainType":1,"messageKeys":{}}},"pendingPreKey":{"signedKeyId":0,"baseKey":"BcDQ5aPg1HEGBsl4D9ZVIjSwXdTE3DesnXa90zAGHJRn"}},"BR+8QnMT/s/WQk7SKq9AK72DyTpYz46/jVy3ZPyX8KED":{"registrationId":1207108895,"currentRatchet":{"ephemeralKeyPair":{"pubKey":"Be8YjPSQcjEjEIQLu8C85duG8bgoeAciM7ehhxKiMYMa","privKey":"0Jr5HZFxBfdQmFkTIEOWKp8q1ROl0GhD/O+3lKl553k="},"lastRemoteEphemeralKey":"BSSD+dxT7IOqRTpdRa7dnw+UtfmiThRWQnAqk49oC9gy","previousCounter":0,"rootKey":"arIL/OXkcqP/GG/yN50G+VTcOCXlP+wwwDx/RaN9dug="},"indexInfo":{"baseKey":"BR+8QnMT/s/WQk7SKq9AK72DyTpYz46/jVy3ZPyX8KED","baseKeyType":1,"closed":1756416807503,"used":1756416807238,"created":1756416807238,"remoteIdentityKey":"BbrsRIiNOvdt6+9rLv8SV9Bmiuq6rntKjpQX7KWifag6"},"_chains":{"Be8YjPSQcjEjEIQLu8C85duG8bgoeAciM7ehhxKiMYMa":{"chainKey":{"counter":-1,"key":"f4vOgouMhYfGEm+/5ublLG+plvkQ/IuFH2HGCnGt4Ug="},"chainType":1,"messageKeys":{}}},"pendingPreKey":{"signedKeyId":0,"baseKey":"BR+8QnMT/s/WQk7SKq9AK72DyTpYz46/jVy3ZPyX8KED"}},"BYmqnTEvuytL5WIEgVTmM+/q5r6HhVGeU3RDuyNW+hlY":{"registrationId":1207108895,"currentRatchet":{"ephemeralKeyPair":{"pubKey":"BTs2K5hS4++oLZnWJ1I1FhIM8t2QSQb2ehdmKFM3r/B3","privKey":"gOSMu1O4x5XNVZLVpQ0X1LAHusi7pHI/FFh/LvUAY3w="},"lastRemoteEphemeralKey":"BSSD+dxT7IOqRTpdRa7dnw+UtfmiThRWQnAqk49oC9gy","previousCounter":0,"rootKey":"b8xpd2PGwQYpDYfqFgJ5OIfVB4o+ykgSkR0/QKs6YhA="},"indexInfo":{"baseKey":"BYmqnTEvuytL5WIEgVTmM+/q5r6HhVGeU3RDuyNW+hlY","baseKeyType":1,"closed":1756416807764,"used":1756416807501,"created":1756416807501,"remoteIdentityKey":"BbrsRIiNOvdt6+9rLv8SV9Bmiuq6rntKjpQX7KWifag6"},"_chains":{"BTs2K5hS4++oLZnWJ1I1FhIM8t2QSQb2ehdmKFM3r/B3":{"chainKey":{"counter":-1,"key":"VuPATyL+ISgEaAE0H/hgDS2gYRABWKZA3xoH8WmeeQw="},"chainType":1,"messageKeys":{}}},"pendingPreKey":{"signedKeyId":0,"baseKey":"BYmqnTEvuytL5WIEgVTmM+/q5r6HhVGeU3RDuyNW+hlY"}},"BaNQdIeaY+u6dLlR2UsbJLrlFFgXhdf14++fU98cQ0w8":{"registrationId":1207108895,"currentRatchet":{"ephemeralKeyPair":{"pubKey":"BSGv3+LZ0jbTuqAVAK2hZrnXzz0pB3vqrwVFK0Nw5Ggn","privKey":"eNBGbDyzcJFuKp44m97oHJcX8+CpyzgoR243lrWVpW4="},"lastRemoteEphemeralKey":"BSSD+dxT7IOqRTpdRa7dnw+UtfmiThRWQnAqk49oC9gy","previousCounter":0,"rootKey":"A3ZNfOecUeutrKfBajWkW/eaIEhq3k46YYz0bkAyNRk="},"indexInfo":{"baseKey":"BaNQdIeaY+u6dLlR2UsbJLrlFFgXhdf14++fU98cQ0w8","baseKeyType":1,"closed":1756416808027,"used":1756416807762,"created":1756416807762,"remoteIdentityKey":"BbrsRIiNOvdt6+9rLv8SV9Bmiuq6rntKjpQX7KWifag6"},"_chains":{"BSGv3+LZ0jbTuqAVAK2hZrnXzz0pB3vqrwVFK0Nw5Ggn":{"chainKey":{"counter":-1,"key":"kVV/q7Ve6+V4ITTpVjX+1H6zto9tpu/OADmPIPguKEk="},"chainType":1,"messageKeys":{}}},"pendingPreKey":{"signedKeyId":0,"baseKey":"BaNQdIeaY+u6dLlR2UsbJLrlFFgXhdf14++fU98cQ0w8"}},"BbMf8tEDjNoJTFCjjfU1P3pnDPKCuhfI/ETIWcpSIw0E":{"registrationId":1207108895,"currentRatchet":{"ephemeralKeyPair":{"pubKey":"BUtigkokpx1VW7hUih9iDrgF+I2/bGjYk4Jw28QgQnsy","privKey":"OFEc7iv/80fn4b+LkOvLMVD7RJ2ZW6yvqeMexkPG8HU="},"lastRemoteEphemeralKey":"BSSD+dxT7IOqRTpdRa7dnw+UtfmiThRWQnAqk49oC9gy","previousCounter":0,"rootKey":"Hqkc76ou6x+qowJaIUKudnfIln/8oA+mJWy1eWjhX9w="},"indexInfo":{"baseKey":"BbMf8tEDjNoJTFCjjfU1P3pnDPKCuhfI/ETIWcpSIw0E","baseKeyType":1,"closed":1756416808292,"used":1756416808025,"created":1756416808025,"remoteIdentityKey":"BbrsRIiNOvdt6+9rLv8SV9Bmiuq6rntKjpQX7KWifag6"},"_chains":{"BUtigkokpx1VW7hUih9iDrgF+I2/bGjYk4Jw28QgQnsy":{"chainKey":{"counter":-1,"key":"eUbzolui+5HSg9l2qOFZ/eeEzduYANloxinFNBujXXo="},"chainType":1,"messageKeys":{}}},"pendingPreKey":{"signedKeyId":0,"baseKey":"BbMf8tEDjNoJTFCjjfU1P3pnDPKCuhfI/ETIWcpSIw0E"}},"BYWaiKg3l+5eCuMmKRNWTm1EZOrSbZwhtmYxGQhukPQa":{"registrationId":1207108895,"currentRatchet":{"ephemeralKeyPair":{"pubKey":"BfEyc4bMq2zhDW0sgN77x2sPt6se5/KqM/RocejYky4E","privKey":"YNKtzI+LOhEnvF2L3qvsBYG4FMNEQb2Rw+I7dI4nVUQ="},"lastRemoteEphemeralKey":"BSSD+dxT7IOqRTpdRa7dnw+UtfmiThRWQnAqk49oC9gy","previousCounter":0,"rootKey":"N3y/NO0KO/ymuRQJHrotr+LYkHXOAEeqdRuy+gZWzbI="},"indexInfo":{"baseKey":"BYWaiKg3l+5eCuMmKRNWTm1EZOrSbZwhtmYxGQhukPQa","baseKeyType":1,"closed":1756418900570,"used":1756416808290,"created":1756416808290,"remoteIdentityKey":"BbrsRIiNOvdt6+9rLv8SV9Bmiuq6rntKjpQX7KWifag6"},"_chains":{"BfEyc4bMq2zhDW0sgN77x2sPt6se5/KqM/RocejYky4E":{"chainKey":{"counter":-1,"key":"r3zpftkpea9st/OrCR2jhHnO+DOlqt3m+JXmdF3u4Fc="},"chainType":1,"messageKeys":{}}},"pendingPreKey":{"signedKeyId":0,"baseKey":"BYWaiKg3l+5eCuMmKRNWTm1EZOrSbZwhtmYxGQhukPQa"}},"BdIl6FJgQmdtru9rU5dlG90Mg55n8ZkUMHfvyS7+lTN9":{"registrationId":1207108895,"currentRatchet":{"ephemeralKeyPair":{"pubKey":"Bfd4Fn+ScwLtEMPhRYpm6VmBNrow/+255jE9Yst124E1","privKey":"kCdUFSt+hQBGvM5hl4RozNZ6SbKqO81ahDH5xX2jsnw="},"lastRemoteEphemeralKey":"BSSD+dxT7IOqRTpdRa7dnw+UtfmiThRWQnAqk49oC9gy","previousCounter":0,"rootKey":"Qj3AECzPZb1Vts3T3e/YBxkNoYScHPdLcFIGBggI+RA="},"indexInfo":{"baseKey":"BdIl6FJgQmdtru9rU5dlG90Mg55n8ZkUMHfvyS7+lTN9","baseKeyType":1,"closed":1756553733974,"used":1756418900567,"created":1756418900567,"remoteIdentityKey":"BbrsRIiNOvdt6+9rLv8SV9Bmiuq6rntKjpQX7KWifag6"},"_chains":{"Bfd4Fn+ScwLtEMPhRYpm6VmBNrow/+255jE9Yst124E1":{"chainKey":{"counter":3,"key":"w2EUg9o//ugnLmHWQp5A0rp6c7kFMfTdMHzgv+F4obg="},"chainType":1,"messageKeys":{}}},"pendingPreKey":{"signedKeyId":0,"baseKey":"BdIl6FJgQmdtru9rU5dlG90Mg55n8ZkUMHfvyS7+lTN9"}},"BaAd7wQIumy4T0bIlbk3NaCEfTqTvnD4/FijXjC1Pikn":{"registrationId":357676994,"currentRatchet":{"ephemeralKeyPair":{"pubKey":"BWyHwsqcw0Mv9vPEMdbBe30AVs/QP//z7eqM38Tc2Qke","privKey":"OIQdHuP85xjuQEg+EKPkSINpuFZKEjZmNBO3cd9i5Eg="},"lastRemoteEphemeralKey":"BV4ue61Sw8362Q/lsOKYMWVjeDDfg3MUe+z78dThbQcX","previousCounter":0,"rootKey":"D3ZXn7rQ2u2+TcGoOrI7lA+P/hjvP0kjNbXoCW0QIm0="},"indexInfo":{"baseKey":"BaAd7wQIumy4T0bIlbk3NaCEfTqTvnD4/FijXjC1Pikn","baseKeyType":1,"closed":1756554241631,"used":1756553733958,"created":1756553733958,"remoteIdentityKey":"BWz8fFvN+5/20s6ciNOzNry5yEoMhWnyIACWvoZK5sth"},"_chains":{"BWyHwsqcw0Mv9vPEMdbBe30AVs/QP//z7eqM38Tc2Qke":{"chainKey":{"counter":-1,"key":"x5BQ295nzWugIcfUT5TyusVnGHdBpTlYkqeWAB/4i14="},"chainType":1,"messageKeys":{}}},"pendingPreKey":{"signedKeyId":0,"baseKey":"BaAd7wQIumy4T0bIlbk3NaCEfTqTvnD4/FijXjC1Pikn","preKeyId":10115068}},"Bd6Knk1PcEORLna1uu0krA7i7pGApV0Cn7PPJawZr54W":{"registrationId":357676994,"currentRatchet":{"ephemeralKeyPair":{"pubKey":"BYP2O5bfF3wY2+uiou0nsgSMmcMCk+mxGLopSD0ARMgO","privKey":"mCnBRhymt1eEEdUutUR5wrhHRTSGCMFRYyOFKh8nAU4="},"lastRemoteEphemeralKey":"BV4ue61Sw8362Q/lsOKYMWVjeDDfg3MUe+z78dThbQcX","previousCounter":0,"rootKey":"MKwD75iujfnbjJY4/0lMNqKuWvQywRZ1KYXwL7pslSg="},"indexInfo":{"baseKey":"Bd6Knk1PcEORLna1uu0krA7i7pGApV0Cn7PPJawZr54W","baseKeyType":1,"closed":-1,"used":1756554241614,"created":1756554241614,"remoteIdentityKey":"BWz8fFvN+5/20s6ciNOzNry5yEoMhWnyIACWvoZK5sth"},"_chains":{"BYP2O5bfF3wY2+uiou0nsgSMmcMCk+mxGLopSD0ARMgO":{"chainKey":{"counter":-1,"key":"pu1fYLj1LziAjykY7lC67A0+R/YGUTgwAD1HwDFuqG8="},"chainType":1,"messageKeys":{}}},"pendingPreKey":{"signedKeyId":0,"baseKey":"Bd6Knk1PcEORLna1uu0krA7i7pGApV0Cn7PPJawZr54W","preKeyId":10114981}}},"version":"v1"}