{"_sessions":{"BQggWjqup8fWTbqBWrzk2SwOTsSxwga0UdnfLDBG+r4W":{"registrationId":1345915332,"currentRatchet":{"ephemeralKeyPair":{"pubKey":"BUle5lbz2zg7MotrT06T3q7opReJkBuND4VCUkw9w2hu","privKey":"uCfMbjFZ7XoW1i4olL4/kMVfVw8Qt5EVSm2h9Gm+AVo="},"lastRemoteEphemeralKey":"BXqNHujc0vZEvYDqbtOR1INobFtfouA5yWtURyz6130M","previousCounter":0,"rootKey":"eZNFKPq/0JLi3DuMBIzgVtJ7AslDtI1MFshJo3JwOnk="},"indexInfo":{"baseKey":"BQggWjqup8fWTbqBWrzk2SwOTsSxwga0UdnfLDBG+r4W","baseKeyType":1,"closed":1756010744895,"used":1755840439311,"created":1755840439311,"remoteIdentityKey":"BV8rMV3NUNMIbFnPUHNOaT39nM3MTeZ2jOY1DmvzM1JS"},"_chains":{"BUle5lbz2zg7MotrT06T3q7opReJkBuND4VCUkw9w2hu":{"chainKey":{"counter":8,"key":"gTuZdBQguRpmMAijgwiMjQ3P6XqgNJUCKQUj4VJ0Neg="},"chainType":1,"messageKeys":{}}},"pendingPreKey":{"signedKeyId":1,"baseKey":"BQggWjqup8fWTbqBWrzk2SwOTsSxwga0UdnfLDBG+r4W","preKeyId":25}},"BdQJ/Pgx77D/fcHdLSdduz2zE7eBsqR/mJW+iQXSVPxv":{"registrationId":1345915332,"currentRatchet":{"ephemeralKeyPair":{"pubKey":"BUXJ3TV/H2EkcpklE752c8AUpYui9xKB+JeIl9veeP4O","privKey":"EJrUBvuT2cyNdKEY6qIxSpIyS86HpjQr0X2bdh8YmWQ="},"lastRemoteEphemeralKey":"BXqNHujc0vZEvYDqbtOR1INobFtfouA5yWtURyz6130M","previousCounter":0,"rootKey":"GnQtnG9OFNH/UH2ZXxb7Cp7D80flHB8Iq1LCOr1PCW4="},"indexInfo":{"baseKey":"BdQJ/Pgx77D/fcHdLSdduz2zE7eBsqR/mJW+iQXSVPxv","baseKeyType":1,"closed":1756010745408,"used":1756010744891,"created":1756010744891,"remoteIdentityKey":"BV8rMV3NUNMIbFnPUHNOaT39nM3MTeZ2jOY1DmvzM1JS"},"_chains":{"BUXJ3TV/H2EkcpklE752c8AUpYui9xKB+JeIl9veeP4O":{"chainKey":{"counter":-1,"key":"tPEbX2wemeXXgKD5rfty543xMkqDMxl2l7gWfKK9xO0="},"chainType":1,"messageKeys":{}}},"pendingPreKey":{"signedKeyId":1,"baseKey":"BdQJ/Pgx77D/fcHdLSdduz2zE7eBsqR/mJW+iQXSVPxv"}},"BS4cE2EoQ+xkC/ug8gou/IYXCPo7/l62onUBoSKNqtY+":{"registrationId":1345915332,"currentRatchet":{"ephemeralKeyPair":{"pubKey":"BVKLkSQHIwj9GFWyFoIFQR81xmh8igHVQguVwWHDnEJG","privKey":"QCUJutj/HuYtHAsX9YbkSA+PqsWjzShW8Nzdd0Q8jHs="},"lastRemoteEphemeralKey":"BXqNHujc0vZEvYDqbtOR1INobFtfouA5yWtURyz6130M","previousCounter":0,"rootKey":"KYuUD/EEx+RCGGsmMqRsz5NZkobADNwMFwXU7btAUHM="},"indexInfo":{"baseKey":"BS4cE2EoQ+xkC/ug8gou/IYXCPo7/l62onUBoSKNqtY+","baseKeyType":1,"closed":-1,"used":1756010745406,"created":1756010745406,"remoteIdentityKey":"BV8rMV3NUNMIbFnPUHNOaT39nM3MTeZ2jOY1DmvzM1JS"},"_chains":{"BVKLkSQHIwj9GFWyFoIFQR81xmh8igHVQguVwWHDnEJG":{"chainKey":{"counter":34,"key":"XcyNnTSOowayo/nR+GjrwcBpEOPh8SO5GsLb33pxTZU="},"chainType":1,"messageKeys":{}}},"pendingPreKey":{"signedKeyId":1,"baseKey":"BS4cE2EoQ+xkC/ug8gou/IYXCPo7/l62onUBoSKNqtY+"}}},"version":"v1"}