{"_sessions":{"BYXlat3GclHMgeZtjJGjAsATo0J8TY0rAskRDRxlVKJk":{"registrationId":12292,"currentRatchet":{"ephemeralKeyPair":{"pubKey":"BU9WHc55m2crvvKPqmzRYeyUB6j2JWOqRIS4RX3SAfoN","privKey":"yIML8SQ2uOhT/QKfwh/l2eJxEav7e5c5MqgIH3462Wc="},"lastRemoteEphemeralKey":"BWnF3tfD6t5f41f9hF0FPTZ961gabIkpjr/FTwJDwvty","previousCounter":0,"rootKey":"bDX5wfIAZfqoPT4g+BmiwpEkqfl9gUTm/kn852ZF/3o="},"indexInfo":{"baseKey":"BYXlat3GclHMgeZtjJGjAsATo0J8TY0rAskRDRxlVKJk","baseKeyType":1,"closed":-1,"used":1755622865503,"created":1755622865503,"remoteIdentityKey":"BRvdck3BZBkJUYF3Ef6pzzH/aBY9wljFlQj0/5bjRyRW"},"_chains":{"BU9WHc55m2crvvKPqmzRYeyUB6j2JWOqRIS4RX3SAfoN":{"chainKey":{"counter":0,"key":"7ZtAScjzT88VRJNiwbxryDaeKpav2Noj6wSthDlqqQc="},"chainType":1,"messageKeys":{}}},"pendingPreKey":{"signedKeyId":1,"baseKey":"BYXlat3GclHMgeZtjJGjAsATo0J8TY0rAskRDRxlVKJk","preKeyId":221}}},"version":"v1"}