{"_sessions":{"BVEOyvIgSR85I95A4aHL7MtPImY79Tila5MiTo63gM9l":{"registrationId":1405874382,"currentRatchet":{"ephemeralKeyPair":{"pubKey":"BeGrgcU0Rpv2vfUx73La8lpRsNELERjo1Vd6G0UEclBJ","privKey":"kBleh8NCtZbZBLD3pbEBVLAeNlk0G32FdY6NF2nEzU0="},"lastRemoteEphemeralKey":"BSuhB7nrfctgJKMuMojWMOQK7qdzTittOLS77Jvr5vlK","previousCounter":4,"rootKey":"K5XR6lvIO/U9mN9/Lr83Qi+8mj5Bxp/MEpdwgOG81UI="},"indexInfo":{"baseKey":"BVEOyvIgSR85I95A4aHL7MtPImY79Tila5MiTo63gM9l","baseKeyType":1,"closed":-1,"used":1756386326211,"created":1755481289053,"remoteIdentityKey":"BeQyz54hgxdfUhAu3VG83gY4KfuzDKfipKbfb/A4LasL"},"_chains":{"BSuhB7nrfctgJKMuMojWMOQK7qdzTittOLS77Jvr5vlK":{"chainKey":{"counter":0,"key":"lMcFFYrd8eC2U4u8ajuHz6eWZzSXohuRbkpJcwERNWY="},"chainType":2,"messageKeys":{}},"BeGrgcU0Rpv2vfUx73La8lpRsNELERjo1Vd6G0UEclBJ":{"chainKey":{"counter":-1,"key":"o+jZ1v+WUh+FRXiXtkpBGimLSKGtZEzl7ldxr4PVM2I="},"chainType":1,"messageKeys":{}}}}},"version":"v1"}