{"_sessions":{"BYd2tEVdTla/gkzc9buG4UEh98PC6zRMVOU/JMyCK1En":{"registrationId":1280739070,"currentRatchet":{"ephemeralKeyPair":{"pubKey":"BTM1VLpa674Gx7la4dadg+GkgP7qywZgGQmOhLSyGkkf","privKey":"2JPlSF5BXJOgSa6bBfRdKEyc4RIZHfTjxW9oY9TxqV4="},"lastRemoteEphemeralKey":"BUf/uSH0Ecyq9YMHyeYrHYwxvMqjI4XEHTlkPS5vQ9pz","previousCounter":0,"rootKey":"PDoZJioV9GHJ6/b9+j0ilUT6V+WE3vswCK0xoVhuH1s="},"indexInfo":{"baseKey":"BYd2tEVdTla/gkzc9buG4UEh98PC6zRMVOU/JMyCK1En","baseKeyType":1,"closed":-1,"used":1756227601668,"created":1756227601668,"remoteIdentityKey":"BWQmsgUBeIyQ13Qs3aPdR0Z1orTG4Q7GEzpraTRuP6cx"},"_chains":{"BTM1VLpa674Gx7la4dadg+GkgP7qywZgGQmOhLSyGkkf":{"chainKey":{"counter":0,"key":"6qif85gVcBZjdoI2ck/9jzotyZSOcj9Wn+wd0vPxoxw="},"chainType":1,"messageKeys":{}}},"pendingPreKey":{"signedKeyId":1,"baseKey":"BYd2tEVdTla/gkzc9buG4UEh98PC6zRMVOU/JMyCK1En","preKeyId":40}}},"version":"v1"}