{"_sessions":{"Bd1lQR3HlLFDAkHe8E3wkUgLrT6pwp6emMNSeogrg/ht":{"registrationId":462797538,"currentRatchet":{"ephemeralKeyPair":{"pubKey":"BfUAl09MSu/lSiLHeckon0zRpbR8Lq0cjFFjda3dmcYX","privKey":"UJtwN+VqZK9kM9sqpv2dvlsWCsrwcRLM+M1cmYNj738="},"lastRemoteEphemeralKey":"BY2rezaghEp21KKuiphLxpf0a9kubjIcU4rg0SPPRgY3","previousCounter":0,"rootKey":"1KFGZicneXVB+ki4mYbnfbhQFQmdQp7r4X/AfBNYNwk="},"indexInfo":{"baseKey":"Bd1lQR3HlLFDAkHe8E3wkUgLrT6pwp6emMNSeogrg/ht","baseKeyType":1,"closed":-1,"used":1755602518418,"created":1755602518418,"remoteIdentityKey":"BbRpunzVbRvLzzIy1gkMjPk3OA/Wp2+qYs2VpsAKxN0W"},"_chains":{"BfUAl09MSu/lSiLHeckon0zRpbR8Lq0cjFFjda3dmcYX":{"chainKey":{"counter":2,"key":"cgNWQgqT+2TSUX/yJgzaqibNhFGKg6ReUvX0TFQ/nHA="},"chainType":1,"messageKeys":{}}},"pendingPreKey":{"signedKeyId":4724589,"baseKey":"Bd1lQR3HlLFDAkHe8E3wkUgLrT6pwp6emMNSeogrg/ht","preKeyId":11173}}},"version":"v1"}