{"_sessions":{"BftR9Js5KcqUNSo2O2qXwO7V0fe93ka7enZcWrdE/uRH":{"registrationId":1809676707,"currentRatchet":{"ephemeralKeyPair":{"pubKey":"BU+3l230yv9yzRRoqYoT2wjcfnckBU3qPK+nh+9YzRp2","privKey":"qFcw73FgCYd/auTYYiXYm9TKsFfNC7IiCX2KZGX4InM="},"lastRemoteEphemeralKey":"BbPe1SSsG1CGPOK0gKGZhDyoUj7HR1yfdcRwjEOhIV5F","previousCounter":0,"rootKey":"1O61KTqxXBLOZDV5F5u6hke2MFgs9zWQPRjxGpLmLOk="},"indexInfo":{"baseKey":"BftR9Js5KcqUNSo2O2qXwO7V0fe93ka7enZcWrdE/uRH","baseKeyType":1,"closed":-1,"used":1755507317106,"created":1755507317106,"remoteIdentityKey":"BWdS4k7w6V70K9aacmd3zgPYPyCHazkq8sL5SO6ynmx3"},"_chains":{"BU+3l230yv9yzRRoqYoT2wjcfnckBU3qPK+nh+9YzRp2":{"chainKey":{"counter":25,"key":"pRBNgBMj0ei9pidHG+FUbyFIOGfABKPpES7lNLTQCP0="},"chainType":1,"messageKeys":{}}},"pendingPreKey":{"signedKeyId":1,"baseKey":"BftR9Js5KcqUNSo2O2qXwO7V0fe93ka7enZcWrdE/uRH","preKeyId":6525688}}},"version":"v1"}