{"_sessions":{"BUFI9PQUgLZUQWjrBr7DWBlFCEuI7LWKZhbUH1mFtwNH":{"registrationId":580851140,"currentRatchet":{"ephemeralKeyPair":{"pubKey":"BRQVGM1OyMrdwEGy2eYKqZYBkPjEogM7WXs5sWW5ib0C","privKey":"ULOOcEnsDA/v/y08spymObSq49+FzP8/GYlCpxS/BEc="},"lastRemoteEphemeralKey":"BWuqZnX6Pbwqu+cT1W4nQwJDo2GLLObIOmP9SIyqZHgW","previousCounter":0,"rootKey":"rK+481UEDB0bnwto8HxnVs/z0T2FEV5BhzdRefB0Zdw="},"indexInfo":{"baseKey":"BUFI9PQUgLZUQWjrBr7DWBlFCEuI7LWKZhbUH1mFtwNH","baseKeyType":1,"closed":-1,"used":1755622865445,"created":1755622865445,"remoteIdentityKey":"BSdw4n6tw5okumgBsXZRSwipN6RaZerJQobJRaxh37Y9"},"_chains":{"BRQVGM1OyMrdwEGy2eYKqZYBkPjEogM7WXs5sWW5ib0C":{"chainKey":{"counter":0,"key":"D4UoQim75gQ88j9VxAJ8orot3Yfd2p7VyNM981997h8="},"chainType":1,"messageKeys":{}}},"pendingPreKey":{"signedKeyId":2,"baseKey":"BUFI9PQUgLZUQWjrBr7DWBlFCEuI7LWKZhbUH1mFtwNH","preKeyId":14405072}}},"version":"v1"}