{"_sessions":{"BawhEc3IbkMtZBnM1fVoVt5Ui9ndqyM79iw6nWIbwP4k":{"registrationId":250361447,"currentRatchet":{"ephemeralKeyPair":{"pubKey":"BbpwzpPurleseHOH2beXSX7oWTNv+xcYsvBPypkXlfg0","privKey":"mINAyXHag2dseTVu0Ru9etD/4v6Tlt0iROr+kc6FdH4="},"lastRemoteEphemeralKey":"BWHhD4GaXtxyhHm2EwckVPr6jaUSDsL2o/JEWcva8jhw","previousCounter":0,"rootKey":"M3aasbqxAMa4LYj2KQcQafqVuX3I1vy6jhTfxXmH1Uo="},"indexInfo":{"baseKey":"BawhEc3IbkMtZBnM1fVoVt5Ui9ndqyM79iw6nWIbwP4k","baseKeyType":1,"closed":-1,"used":1756270525875,"created":1756270525875,"remoteIdentityKey":"BcBIigFjwaQ+CNqaW0qZYexoFF+LYitAWEAm1Ma//E9S"},"_chains":{"BbpwzpPurleseHOH2beXSX7oWTNv+xcYsvBPypkXlfg0":{"chainKey":{"counter":8,"key":"zKgf04fDa4e5Xj/KwrtcIHpiLJ/OSnNT1vtLy9SG1ZI="},"chainType":1,"messageKeys":{}}},"pendingPreKey":{"signedKeyId":21,"baseKey":"BawhEc3IbkMtZBnM1fVoVt5Ui9ndqyM79iw6nWIbwP4k","preKeyId":1186922}}},"version":"v1"}