{"_sessions":{"BTRfQCF5sw+UkrfbYczdbS5nZgCWluxsmoLGSiQ/eZ8z":{"registrationId":283572199,"currentRatchet":{"ephemeralKeyPair":{"pubKey":"BeoPyxbOVumw6ecwYpQBUsLFT8JKR6ts8qsXYYyyJd8R","privKey":"KOgLC7MUiKExlTWHF/m9xs5OhzijvIzQ/GXVTIBO5n8="},"lastRemoteEphemeralKey":"BcsKSWjYaKLNa5IAY38W67YiHST4dtl6iKkth9PQ/pBt","previousCounter":0,"rootKey":"kp1Al1m1Tphv0fMwTHpJPMkivJrWEvY63BgI0021/Ck="},"indexInfo":{"baseKey":"BTRfQCF5sw+UkrfbYczdbS5nZgCWluxsmoLGSiQ/eZ8z","baseKeyType":1,"closed":-1,"used":1755960939475,"created":1755960939475,"remoteIdentityKey":"BUstRG/hZvE/XXZv1/vy9BrOGf+2BmUkHOFAyQVvPEte"},"_chains":{"BeoPyxbOVumw6ecwYpQBUsLFT8JKR6ts8qsXYYyyJd8R":{"chainKey":{"counter":0,"key":"2n2uqlwXAuvpTf7pYEK8zTaV7cW1o8OE2/kh2095xng="},"chainType":1,"messageKeys":{}}},"pendingPreKey":{"signedKeyId":0,"baseKey":"BTRfQCF5sw+UkrfbYczdbS5nZgCWluxsmoLGSiQ/eZ8z","preKeyId":6976266}}},"version":"v1"}