{"_sessions":{"BRDl/waWverojaCPw9BxVtmVmhvbJ68Shd/lxrWi5YZj":{"registrationId":63,"currentRatchet":{"ephemeralKeyPair":{"pubKey":"BQEIfpXLDewSi80WbpnwTORyGg9Fo/h05b/HP9wRWRw7","privKey":"oH2klg1FolT9pbwOFfeya2cFKMJZtj3vSWuOmkIz/E8="},"lastRemoteEphemeralKey":"BRFk7kPy29CiQyevK+n+Z8p62Iaz6VFhtxuVFdKC8/VG","previousCounter":0,"rootKey":"VG/4aohvmDSuk4UmxAMb0vuiSG/pFxL3Ii+/OcwvwR4="},"indexInfo":{"baseKey":"BRDl/waWverojaCPw9BxVtmVmhvbJ68Shd/lxrWi5YZj","baseKeyType":1,"closed":-1,"used":1755481247069,"created":1755481247069,"remoteIdentityKey":"BQbDpXolWanrhdMRgU2LXlGNaOjAlrD6KC6mBFyBQm9V"},"_chains":{"BQEIfpXLDewSi80WbpnwTORyGg9Fo/h05b/HP9wRWRw7":{"chainKey":{"counter":758,"key":"X7ujY1VTURN3uYZ8v5vqV4u7s6hI6upjZAtB1AMeYvY="},"chainType":1,"messageKeys":{}}},"pendingPreKey":{"signedKeyId":1,"baseKey":"BRDl/waWverojaCPw9BxVtmVmhvbJ68Shd/lxrWi5YZj"}}},"version":"v1"}