{"_sessions":{"BRwEdRiMWGIbEkHMaZrBe+6g6aQXPgdhlqonQuHR7jgw":{"registrationId":972319868,"currentRatchet":{"ephemeralKeyPair":{"pubKey":"BTJHr2Pbav/K8GkphqbUuvJb5ZmZT4QwDhOQWp2LV14K","privKey":"sBzSfSYGdd4+JbTRo5O46NKwcg0NnTzCPnBGl01DD3Q="},"lastRemoteEphemeralKey":"BRZ4hQSE+KD7eR6bEjcdEuDNV0hnd9gIMWO/SiT2gXoz","previousCounter":0,"rootKey":"AesL86awqcUYtaVB4guY3ORm8WWskH2C0yVenvbIpd4="},"indexInfo":{"baseKey":"BRwEdRiMWGIbEkHMaZrBe+6g6aQXPgdhlqonQuHR7jgw","baseKeyType":1,"closed":-1,"used":1755481289186,"created":1755481289186,"remoteIdentityKey":"BevKcAQ/7RsUg5555hxmrXPz8Orx4GFgo8dAHlVXYdRb"},"_chains":{"BTJHr2Pbav/K8GkphqbUuvJb5ZmZT4QwDhOQWp2LV14K":{"chainKey":{"counter":1,"key":"Z2bhC2aYtn5P/W2j4cahG3Ho4ibAwFy9eIdCb1QUq0Y="},"chainType":1,"messageKeys":{}}},"pendingPreKey":{"signedKeyId":1,"baseKey":"BRwEdRiMWGIbEkHMaZrBe+6g6aQXPgdhlqonQuHR7jgw","preKeyId":807}}},"version":"v1"}