{"_sessions":{"BX7n1XtCs3Qt3GrQYef+RkcqgYQBZuUOMSp/YA/yFPtm":{"registrationId":510025261,"currentRatchet":{"ephemeralKeyPair":{"pubKey":"BZV8qL9H16lUS7F55EXnEIiA2iZHodNbswuC10cQLVZp","privKey":"qLe/6yQSApBaAFmM74s9V4PXe4jmEJdyaG0OKFBghmA="},"lastRemoteEphemeralKey":"BbUZuz/XjPWkGN+HjuctqFUadZ2oAHcSzl44RIaP9gR+","previousCounter":0,"rootKey":"qBkSC8JsG+aHOk3hdQpwUoFcoaKCHH7+2nZzN8gqhbg="},"indexInfo":{"baseKey":"BX7n1XtCs3Qt3GrQYef+RkcqgYQBZuUOMSp/YA/yFPtm","baseKeyType":1,"closed":-1,"used":1755507317636,"created":1755507317636,"remoteIdentityKey":"BWqabMNhTyGJ2CYE3naTJOqRjX0Tc8OCGw2/1AagtP5S"},"_chains":{"BZV8qL9H16lUS7F55EXnEIiA2iZHodNbswuC10cQLVZp":{"chainKey":{"counter":16,"key":"8ZUaZ01wdUYnqXWrojSBQyrwZv6ND5+jsNDNgOLKh+o="},"chainType":1,"messageKeys":{}}},"pendingPreKey":{"signedKeyId":28,"baseKey":"BX7n1XtCs3Qt3GrQYef+RkcqgYQBZuUOMSp/YA/yFPtm","preKeyId":8125322}}},"version":"v1"}