{"_sessions":{"BZJlBr1UlA9X2KT2GS1coXRSzcaSAYlrW2kw/ywCbQhT":{"registrationId":114,"currentRatchet":{"ephemeralKeyPair":{"pubKey":"BTu0EmObkUmka+ysQXfRogWt4ic6nyCQJDSsfJhZF+EE","privKey":"EG9mOZLN6LeEkSQpmiIXCxtWMvbZGDRkhiw02ftI60w="},"lastRemoteEphemeralKey":"BUKiXvF1mxwAu6i7X+GQThE4eUve7fUlZ8XcBt4luhET","previousCounter":0,"rootKey":"Y2dUmxZlmqo1qdPcP91NBXUyE+cZ7XoUl0+281UoWiQ="},"indexInfo":{"baseKey":"BZJlBr1UlA9X2KT2GS1coXRSzcaSAYlrW2kw/ywCbQhT","baseKeyType":1,"closed":-1,"used":1756374530540,"created":1756374457556,"remoteIdentityKey":"Bfwq2tKuyKnn5Iu0XOG5HppfCIrKuWr+fDX5wcFaeVx0"},"_chains":{"BUKiXvF1mxwAu6i7X+GQThE4eUve7fUlZ8XcBt4luhET":{"chainKey":{"counter":0,"key":"zGrlfoK84k+4z8ojKLOGMb5bzACM0qLA+cLauPmyAyg="},"chainType":2,"messageKeys":{}},"BTu0EmObkUmka+ysQXfRogWt4ic6nyCQJDSsfJhZF+EE":{"chainKey":{"counter":-1,"key":"U9IiL9UQ1yYaQDvi7YxgVP0rWG0rz6yiDXT37KKNdPs="},"chainType":1,"messageKeys":{}}}}},"version":"v1"}