{"_sessions":{"BYFeR1/0JYvg8lqRlu4cF2FNUJFkdPQWRvu4bMeTjtBE":{"registrationId":1123646734,"currentRatchet":{"ephemeralKeyPair":{"pubKey":"Bd+bmuNg9ThdkygS/crsHBCDbStF+WzS7PG5e5XK3etf","privKey":"IN9lzv1srovV/qRA2wOVHYlv2AInj+lRklX2VAXbylY="},"lastRemoteEphemeralKey":"BbZE1vzHCIMCN8sF6gOxVE/q7dCDrhrCBqfoIB7BUXsU","previousCounter":0,"rootKey":"qDKb8DaK9bDp0gOOCWPULdF9Ef2gjFNcL9rN/3oSkf8="},"indexInfo":{"baseKey":"BYFeR1/0JYvg8lqRlu4cF2FNUJFkdPQWRvu4bMeTjtBE","baseKeyType":1,"closed":-1,"used":1755622865439,"created":1755622865439,"remoteIdentityKey":"BZWtLiIIi6STXB3zlqcwCJ7VvQMzd9WcONV28bMbwwcV"},"_chains":{"Bd+bmuNg9ThdkygS/crsHBCDbStF+WzS7PG5e5XK3etf":{"chainKey":{"counter":0,"key":"JQ3fDuDoKzHorRM+lhkq5TIrT+V0tDJS05gyQcKMZfg="},"chainType":1,"messageKeys":{}}},"pendingPreKey":{"signedKeyId":67,"baseKey":"BYFeR1/0JYvg8lqRlu4cF2FNUJFkdPQWRvu4bMeTjtBE","preKeyId":10122513}}},"version":"v1"}