{"_sessions":{"BdiUA7FIHx0tU2/y41Kg6KL/lnHmU2ZCscOfnTR+BQ92":{"registrationId":10527,"currentRatchet":{"ephemeralKeyPair":{"pubKey":"BU+NfHowW702syYHAcbFOtqkVIUzoWRauip2jAzByREO","privKey":"kDFZtrRhQt8Tbm/CDmyQTNyv4iRgMlgxM6BFyKa0CEk="},"lastRemoteEphemeralKey":"BZlAsXH8OSt2lRKIjEQYOabqJ+aeMBNUq6Mn79vUL4QN","previousCounter":0,"rootKey":"F6xV3LW4hmzVRTwF1su1Ho7uMINE4G+XXIjIWaLA6TE="},"indexInfo":{"baseKey":"BdiUA7FIHx0tU2/y41Kg6KL/lnHmU2ZCscOfnTR+BQ92","baseKeyType":1,"closed":-1,"used":1755481289179,"created":1755481289179,"remoteIdentityKey":"BZpU4l9SwIiHOFlh6wsuYLSBIN+E2BsTg+t2WcyfOlEj"},"_chains":{"BU+NfHowW702syYHAcbFOtqkVIUzoWRauip2jAzByREO":{"chainKey":{"counter":4,"key":"OIKEbXysRbNcoH4jSAseXVatJj+jBbftpOgtAur0RkY="},"chainType":1,"messageKeys":{}}},"pendingPreKey":{"signedKeyId":1,"baseKey":"BdiUA7FIHx0tU2/y41Kg6KL/lnHmU2ZCscOfnTR+BQ92","preKeyId":790}}},"version":"v1"}