{"_sessions":{"BW82oEMPPf44Ig6jyzFiLEZEcXkIbOItyFZQtR/+hMMv":{"registrationId":13972,"currentRatchet":{"ephemeralKeyPair":{"pubKey":"BdsS3sbJJwUfXn7K5BwZGNzkBEGmIPiWIxToNL0p2HAV","privKey":"+HUBUQNMz0pUz9FwLCuldk6no1sXsNkHqukDIqsY+lI="},"lastRemoteEphemeralKey":"BU7LJe1VSEighoyJB5pDZ4kmOHNbLiDl94yC3Ge/uvd0","previousCounter":0,"rootKey":"d8Zu9QkFzrjxDwy/KF8QXeSJJw9mdGIIif/BBlsoxbE="},"indexInfo":{"baseKey":"BW82oEMPPf44Ig6jyzFiLEZEcXkIbOItyFZQtR/+hMMv","baseKeyType":1,"closed":-1,"used":1756270525216,"created":1756270525216,"remoteIdentityKey":"Bd0bgTY2RDssjVy58k/feGugV1Bt0xl9842xvcuAVssO"},"_chains":{"BdsS3sbJJwUfXn7K5BwZGNzkBEGmIPiWIxToNL0p2HAV":{"chainKey":{"counter":8,"key":"/Vi/A4zQ+p+OL/C9tRVERYXoZV8hT9MMMQTb3KETlm0="},"chainType":1,"messageKeys":{}}},"pendingPreKey":{"signedKeyId":1,"baseKey":"BW82oEMPPf44Ig6jyzFiLEZEcXkIbOItyFZQtR/+hMMv"}}},"version":"v1"}