{"_sessions":{"BbpSzubuxWbInHj+pJuOP63/4oNUVZDO124dqdCRB5dL":{"registrationId":797753023,"currentRatchet":{"ephemeralKeyPair":{"pubKey":"BbmNXGVDyZI2At1NHSD0KgBTRIhj8Ex0sJHQa395n3UD","privKey":"MKW+tvM0WI4fn3y9Svwj8LCf3OKH3kTK1Kib3sCMa00="},"lastRemoteEphemeralKey":"Bbjeki+M9sTPUHvGQ/XZNdjvtdZlBxY88+ukekUrFs8r","previousCounter":0,"rootKey":"WAO8UX0DraXeTZ5MwqSn7a/luKbhVI4TuwNPUbMArLw="},"indexInfo":{"baseKey":"BbpSzubuxWbInHj+pJuOP63/4oNUVZDO124dqdCRB5dL","baseKeyType":1,"closed":-1,"used":1756270525620,"created":1756270525620,"remoteIdentityKey":"BYCYL5O9bXTEC044KZJ9PpoRsTmPMwcsYnTGc37Em5Mm"},"_chains":{"BbmNXGVDyZI2At1NHSD0KgBTRIhj8Ex0sJHQa395n3UD":{"chainKey":{"counter":8,"key":"wBuVQ/jF1B9ykAkD13FHXyYz5w9VDrjO/eK/3Ne3JCM="},"chainType":1,"messageKeys":{}}},"pendingPreKey":{"signedKeyId":18,"baseKey":"BbpSzubuxWbInHj+pJuOP63/4oNUVZDO124dqdCRB5dL","preKeyId":11399975}}},"version":"v1"}