{"_sessions":{"BT5YVZtJ7Gx12rgFLRNG0Sk+9+Dzf7d5RG0oTto/Tcxi":{"registrationId":88,"currentRatchet":{"ephemeralKeyPair":{"pubKey":"BWoF6kdE943JGACMQ/E92/dYA8UIEHLMauBBaGMZobwZ","privKey":"MBGFLHjUl4WuLWF9a2LXmQblJApy5KnJtNuxfd49V0k="},"lastRemoteEphemeralKey":"BWdDKeIcSJtaIFX+VRONCiBxrWLJ8HO302/OnE7tw8ch","previousCounter":0,"rootKey":"13LKFUzkEfpYAI/Z7eQINTqqxt1OTqoacO0K3jVvB64="},"indexInfo":{"baseKey":"BT5YVZtJ7Gx12rgFLRNG0Sk+9+Dzf7d5RG0oTto/Tcxi","baseKeyType":1,"closed":-1,"used":1755492398303,"created":1755492398303,"remoteIdentityKey":"Bdqnox2i44CHcgHYhzdbmZb+sj3gVCFFPv/pQn5LkqRx"},"_chains":{"BWoF6kdE943JGACMQ/E92/dYA8UIEHLMauBBaGMZobwZ":{"chainKey":{"counter":9,"key":"wWvoiCDSln5jA8WsdQraQQdD2Kd4GRXNNxclh71Zr60="},"chainType":1,"messageKeys":{}}},"pendingPreKey":{"signedKeyId":1,"baseKey":"BT5YVZtJ7Gx12rgFLRNG0Sk+9+Dzf7d5RG0oTto/Tcxi"}}},"version":"v1"}