{"_sessions":{"BW7qkOIMy9xzwZ+wiRzve/B2EqK5QpDMaSsTVeAHSR89":{"registrationId":980642592,"currentRatchet":{"ephemeralKeyPair":{"pubKey":"BWPH8NXFoV7+fk6+oyKFl8t51m/Dw2IOJ0OMzJ4RKQ0G","privKey":"uE/QsunywRAkfJuIvXiZpV7FrHePM7zWhloT3qrorEY="},"lastRemoteEphemeralKey":"BX3PqgaRTGhbYFrlJQLKOlp9z+lNbxDYO+GtU+KwMAgn","previousCounter":0,"rootKey":"yr8hmu1ugBDuca/KhiSscMp523jOpBtpeubGomDGo+E="},"indexInfo":{"baseKey":"BW7qkOIMy9xzwZ+wiRzve/B2EqK5QpDMaSsTVeAHSR89","baseKeyType":1,"closed":1755601903550,"used":1755492398319,"created":1755492398319,"remoteIdentityKey":"Be5+IFSlAigbaz51jLJd4iHNFD1nr6bUiE4iXQ5Osnsn"},"_chains":{"BWPH8NXFoV7+fk6+oyKFl8t51m/Dw2IOJ0OMzJ4RKQ0G":{"chainKey":{"counter":6,"key":"CqqsxaGjtOUWXkkfWnCNf4I4VfEeXJPpjXHnsnFeLIs="},"chainType":1,"messageKeys":{}}},"pendingPreKey":{"signedKeyId":1,"baseKey":"BW7qkOIMy9xzwZ+wiRzve/B2EqK5QpDMaSsTVeAHSR89","preKeyId":6774}},"BZa383W/k6UiGddJzLtBV4vUtTipNaMvIHjrTCxUvj15":{"registrationId":980642592,"currentRatchet":{"ephemeralKeyPair":{"pubKey":"BUmYhZpMsIfH3acSB8O2cvGWk5H8SDHywGAMAR2sU8NY","privKey":"8ODtUVFgab2syg4da2ea761IvS3NZ40mk6ZOJE6su3I="},"lastRemoteEphemeralKey":"BX3PqgaRTGhbYFrlJQLKOlp9z+lNbxDYO+GtU+KwMAgn","previousCounter":0,"rootKey":"KflP21/cqIWVRZ5nDNRz3DLl+OyzVhlwbgK1Qb/EL1Q="},"indexInfo":{"baseKey":"BZa383W/k6UiGddJzLtBV4vUtTipNaMvIHjrTCxUvj15","baseKeyType":1,"closed":1755601903840,"used":1755601903542,"created":1755601903542,"remoteIdentityKey":"Be5+IFSlAigbaz51jLJd4iHNFD1nr6bUiE4iXQ5Osnsn"},"_chains":{"BUmYhZpMsIfH3acSB8O2cvGWk5H8SDHywGAMAR2sU8NY":{"chainKey":{"counter":-1,"key":"V9aYjaEnIxIrXPMAgEFTKy4Az+hSrswEQtE+gHrw6WI="},"chainType":1,"messageKeys":{}}},"pendingPreKey":{"signedKeyId":1,"baseKey":"BZa383W/k6UiGddJzLtBV4vUtTipNaMvIHjrTCxUvj15","preKeyId":11051}},"BWnE8Fgnau/KsH5MKH4aR0uykjgGpptP9cbhejWm+ypd":{"registrationId":980642592,"currentRatchet":{"ephemeralKeyPair":{"pubKey":"BfM5pphTg7MeF90UQgy6XxQlj9xHH2GPXNi35KsG2eQa","privKey":"mOov0kEahmQ14sSmdPDZ6lUZLCgywNVra46G4I+tjVs="},"lastRemoteEphemeralKey":"BX3PqgaRTGhbYFrlJQLKOlp9z+lNbxDYO+GtU+KwMAgn","previousCounter":0,"rootKey":"rdAVNniQ0wh4UP/6RCM5H8/CktgRob+qaIbRj2xM1LE="},"indexInfo":{"baseKey":"BWnE8Fgnau/KsH5MKH4aR0uykjgGpptP9cbhejWm+ypd","baseKeyType":1,"closed":1755601904150,"used":1755601903837,"created":1755601903837,"remoteIdentityKey":"Be5+IFSlAigbaz51jLJd4iHNFD1nr6bUiE4iXQ5Osnsn"},"_chains":{"BfM5pphTg7MeF90UQgy6XxQlj9xHH2GPXNi35KsG2eQa":{"chainKey":{"counter":-1,"key":"58oz88TD0GxPeiDcdifykLw0qEmsJcHxLF0tNmq961g="},"chainType":1,"messageKeys":{}}},"pendingPreKey":{"signedKeyId":1,"baseKey":"BWnE8Fgnau/KsH5MKH4aR0uykjgGpptP9cbhejWm+ypd","preKeyId":10946}},"BVGVAc/ZxNm34u68AsscMSLEHM0nO3giB4XNZaVMai9y":{"registrationId":980642592,"currentRatchet":{"ephemeralKeyPair":{"pubKey":"BVCh4LUgm+4HtXJVX/QCLqUyegkPxjq2K3UwMksfPrkx","privKey":"+HXmZ+tEGrplQS8fmFEkW5jYvU7lnLVI0BgKPK3BgUI="},"lastRemoteEphemeralKey":"BX3PqgaRTGhbYFrlJQLKOlp9z+lNbxDYO+GtU+KwMAgn","previousCounter":0,"rootKey":"qbsZCx7rgtvXih0lZIzaQSNWCG9Lgc/rte7FcULbixw="},"indexInfo":{"baseKey":"BVGVAc/ZxNm34u68AsscMSLEHM0nO3giB4XNZaVMai9y","baseKeyType":1,"closed":1755601904462,"used":1755601904147,"created":1755601904147,"remoteIdentityKey":"Be5+IFSlAigbaz51jLJd4iHNFD1nr6bUiE4iXQ5Osnsn"},"_chains":{"BVCh4LUgm+4HtXJVX/QCLqUyegkPxjq2K3UwMksfPrkx":{"chainKey":{"counter":-1,"key":"qYDrcMOC/X4bDHKrkiEjsnryFy1VGqzm6WmotzYCLsg="},"chainType":1,"messageKeys":{}}},"pendingPreKey":{"signedKeyId":1,"baseKey":"BVGVAc/ZxNm34u68AsscMSLEHM0nO3giB4XNZaVMai9y","preKeyId":10561}},"BRirAaCN6HChpuSo6BfAEgjPEj1RF07RRHc9yY6JfdBK":{"registrationId":980642592,"currentRatchet":{"ephemeralKeyPair":{"pubKey":"BaC6WJlSR2NhH5/uiYztgY5kBbDGpbUPlZBxGvlpl9k3","privKey":"gKWEkZ0EJrFoQ3RNZPU7NNIRoDa05VpcDmYTsHzhh2I="},"lastRemoteEphemeralKey":"BX3PqgaRTGhbYFrlJQLKOlp9z+lNbxDYO+GtU+KwMAgn","previousCounter":0,"rootKey":"W9S9Ili9tfswWWQXsjfpROtEZ7s9VpVZJKIsp114qiQ="},"indexInfo":{"baseKey":"BRirAaCN6HChpuSo6BfAEgjPEj1RF07RRHc9yY6JfdBK","baseKeyType":1,"closed":1755601904766,"used":1755601904459,"created":1755601904459,"remoteIdentityKey":"Be5+IFSlAigbaz51jLJd4iHNFD1nr6bUiE4iXQ5Osnsn"},"_chains":{"BaC6WJlSR2NhH5/uiYztgY5kBbDGpbUPlZBxGvlpl9k3":{"chainKey":{"counter":-1,"key":"82iF5xtz0YhQZnaVzXs0hrquz6RemdaLfYcWbHqnUsc="},"chainType":1,"messageKeys":{}}},"pendingPreKey":{"signedKeyId":1,"baseKey":"BRirAaCN6HChpuSo6BfAEgjPEj1RF07RRHc9yY6JfdBK","preKeyId":10936}},"BUue8c2pZJF/Ce+0ZhYIepnvjCkCglo/JE943I9dcAJC":{"registrationId":980642592,"currentRatchet":{"ephemeralKeyPair":{"pubKey":"BYDnbs70haLrny2vy5ZCEF8XTBBsY5+hgASiCrrKg+kg","privKey":"qE/PPEIf2cJCrH744is+Lfd5E4ehKzUsL3H58pGgSXs="},"lastRemoteEphemeralKey":"BX3PqgaRTGhbYFrlJQLKOlp9z+lNbxDYO+GtU+KwMAgn","previousCounter":0,"rootKey":"whT3j8yU4OutqP/09d8xxAKCQgkIiKU317QWsxgBHKU="},"indexInfo":{"baseKey":"BUue8c2pZJF/Ce+0ZhYIepnvjCkCglo/JE943I9dcAJC","baseKeyType":1,"closed":1755944716893,"used":1755601904764,"created":1755601904764,"remoteIdentityKey":"Be5+IFSlAigbaz51jLJd4iHNFD1nr6bUiE4iXQ5Osnsn"},"_chains":{"BYDnbs70haLrny2vy5ZCEF8XTBBsY5+hgASiCrrKg+kg":{"chainKey":{"counter":24,"key":"C3FYerW+QxIywjdHL+jEsqD81rCfPZxxbfGC+5ACeA4="},"chainType":1,"messageKeys":{}}},"pendingPreKey":{"signedKeyId":1,"baseKey":"BUue8c2pZJF/Ce+0ZhYIepnvjCkCglo/JE943I9dcAJC","preKeyId":10878}},"BYW2DT7VJPidDgvOW08tLqgJXpX4Xd5WXng/Oj9PaMkj":{"registrationId":980642592,"currentRatchet":{"ephemeralKeyPair":{"pubKey":"BdClXLVmNI9uIut4hLt9PkBXR9xeaolPRF5jJ1wMFL90","privKey":"sJuJfBjXPkiii3J9cJ8IB8HFg93CsX50DZylqDO3g1E="},"lastRemoteEphemeralKey":"BX3PqgaRTGhbYFrlJQLKOlp9z+lNbxDYO+GtU+KwMAgn","previousCounter":0,"rootKey":"RRrf/xyL9AtsVlZR6yhwHP99UyES3VgsAcXwOCFRRNA="},"indexInfo":{"baseKey":"BYW2DT7VJPidDgvOW08tLqgJXpX4Xd5WXng/Oj9PaMkj","baseKeyType":1,"closed":1755944717135,"used":1755944716889,"created":1755944716889,"remoteIdentityKey":"Be5+IFSlAigbaz51jLJd4iHNFD1nr6bUiE4iXQ5Osnsn"},"_chains":{"BdClXLVmNI9uIut4hLt9PkBXR9xeaolPRF5jJ1wMFL90":{"chainKey":{"counter":-1,"key":"S2o/bK0+OvV/iNgk6SMHeHLqtZ4vbmN13+jnrAIB+BM="},"chainType":1,"messageKeys":{}}},"pendingPreKey":{"signedKeyId":1,"baseKey":"BYW2DT7VJPidDgvOW08tLqgJXpX4Xd5WXng/Oj9PaMkj"}},"BfaMbUIrWJ8a+bO5hw0K1cdFvbdyEmkh9Gx3L1UdYEYG":{"registrationId":980642592,"currentRatchet":{"ephemeralKeyPair":{"pubKey":"BVvHqbveDSJYA2f6WF5HOB09sHlXx+VPi2dzFeFAUakV","privKey":"kNvPhPWUS91hbt4h3giC4yOsK8muE2YsdyzsOycwllE="},"lastRemoteEphemeralKey":"BX3PqgaRTGhbYFrlJQLKOlp9z+lNbxDYO+GtU+KwMAgn","previousCounter":0,"rootKey":"BO8Vtzrkg0xRQLRpTSRdzQtvCSBTe4zmvxE1Odgaa8M="},"indexInfo":{"baseKey":"BfaMbUIrWJ8a+bO5hw0K1cdFvbdyEmkh9Gx3L1UdYEYG","baseKeyType":1,"closed":1755944739852,"used":1755944717134,"created":1755944717134,"remoteIdentityKey":"Be5+IFSlAigbaz51jLJd4iHNFD1nr6bUiE4iXQ5Osnsn"},"_chains":{"BVvHqbveDSJYA2f6WF5HOB09sHlXx+VPi2dzFeFAUakV":{"chainKey":{"counter":-1,"key":"bOngnrUiJMWecv9CIacUAPdbRL1lLvb3zrnvJGnPBCc="},"chainType":1,"messageKeys":{}}},"pendingPreKey":{"signedKeyId":1,"baseKey":"BfaMbUIrWJ8a+bO5hw0K1cdFvbdyEmkh9Gx3L1UdYEYG"}},"BRXzABYukQDFzIT7OgeNUQBFxrfVDDJYGPcqjaUi45A5":{"registrationId":980642592,"currentRatchet":{"ephemeralKeyPair":{"pubKey":"BfxM+j+C0zEPRoIsxCJ9tndNsGhwGyTTQileBYbv/KNR","privKey":"kLK4G/vbOwQER+RXcTVObX5QOnORWdbIc/zVxJGAkGg="},"lastRemoteEphemeralKey":"BX3PqgaRTGhbYFrlJQLKOlp9z+lNbxDYO+GtU+KwMAgn","previousCounter":0,"rootKey":"bSuUN88kF2EZWJbOOpkn45oOEt/ewub8xwlDH/iOpIM="},"indexInfo":{"baseKey":"BRXzABYukQDFzIT7OgeNUQBFxrfVDDJYGPcqjaUi45A5","baseKeyType":1,"closed":1755944752516,"used":1755944739848,"created":1755944739848,"remoteIdentityKey":"Be5+IFSlAigbaz51jLJd4iHNFD1nr6bUiE4iXQ5Osnsn"},"_chains":{"BfxM+j+C0zEPRoIsxCJ9tndNsGhwGyTTQileBYbv/KNR":{"chainKey":{"counter":-1,"key":"7iLPJ2R9tPiJgJ5/c8vLELAD9yRWx6zmIcg3WR/SPiM="},"chainType":1,"messageKeys":{}}},"pendingPreKey":{"signedKeyId":1,"baseKey":"BRXzABYukQDFzIT7OgeNUQBFxrfVDDJYGPcqjaUi45A5"}},"BeCggqAtfhZtIOsVLZnqiDKO+wFc8BOF8QZOLEwQrV09":{"registrationId":980642592,"currentRatchet":{"ephemeralKeyPair":{"pubKey":"BbvclghIR61pEt4fXBvHUAl6YPhfok5FMT1Zih9SS2dD","privKey":"yPiTsdGgmogdlF3JbDB/zkXXAXMHYrRalKqC+kmWgmA="},"lastRemoteEphemeralKey":"BX3PqgaRTGhbYFrlJQLKOlp9z+lNbxDYO+GtU+KwMAgn","previousCounter":0,"rootKey":"qj91xyFNUp1qGEIh60Ip9AwG50dfT+0KRrp3r2sXSZA="},"indexInfo":{"baseKey":"BeCggqAtfhZtIOsVLZnqiDKO+wFc8BOF8QZOLEwQrV09","baseKeyType":1,"closed":1755944784427,"used":1755944752515,"created":1755944752515,"remoteIdentityKey":"Be5+IFSlAigbaz51jLJd4iHNFD1nr6bUiE4iXQ5Osnsn"},"_chains":{"BbvclghIR61pEt4fXBvHUAl6YPhfok5FMT1Zih9SS2dD":{"chainKey":{"counter":-1,"key":"8P9yNyGpJsJwlBDXZAKFRQv9c9d0tsT70rrYHgQagK8="},"chainType":1,"messageKeys":{}}},"pendingPreKey":{"signedKeyId":1,"baseKey":"BeCggqAtfhZtIOsVLZnqiDKO+wFc8BOF8QZOLEwQrV09"}},"Bd520/yZ9sbbK/0SvGOSlyg6QGpoXPwgLhpkLcVyyOch":{"registrationId":980642592,"currentRatchet":{"ephemeralKeyPair":{"pubKey":"BS1Pgrmc7oT3EJgCNq+yKQM2KDlaNc70CgnQxlFSOggk","privKey":"kE3hqVIENBC/61FN5ji697xOJnezLVvlkjaTDT7lKmY="},"lastRemoteEphemeralKey":"BX3PqgaRTGhbYFrlJQLKOlp9z+lNbxDYO+GtU+KwMAgn","previousCounter":0,"rootKey":"q1gbLZf0pzNhZ0Q8VNPncwQ1rSCc/P3PTa/y26QtBEE="},"indexInfo":{"baseKey":"Bd520/yZ9sbbK/0SvGOSlyg6QGpoXPwgLhpkLcVyyOch","baseKeyType":1,"closed":1755944868892,"used":1755944784424,"created":1755944784424,"remoteIdentityKey":"Be5+IFSlAigbaz51jLJd4iHNFD1nr6bUiE4iXQ5Osnsn"},"_chains":{"BS1Pgrmc7oT3EJgCNq+yKQM2KDlaNc70CgnQxlFSOggk":{"chainKey":{"counter":-1,"key":"dmlQDn4TRMVC5EGejlSibGVDnhWNjeaRyrVkEZ6NWrI="},"chainType":1,"messageKeys":{}}},"pendingPreKey":{"signedKeyId":1,"baseKey":"Bd520/yZ9sbbK/0SvGOSlyg6QGpoXPwgLhpkLcVyyOch"}},"BeUPGyQtpnm/3XOxHoHrrB10fL9vK4rOfx7cA95Sc4sa":{"registrationId":980642592,"currentRatchet":{"ephemeralKeyPair":{"pubKey":"BWOEyVKFSbIS3VIrDrWNjyl3TaoyJVIGWiXDl9aPpEBl","privKey":"OBDFw/iS+Ge83GEC+5IQUAPUX4R0epGIbLq60Ztmj38="},"lastRemoteEphemeralKey":"BX3PqgaRTGhbYFrlJQLKOlp9z+lNbxDYO+GtU+KwMAgn","previousCounter":0,"rootKey":"O6a9kZCNv1hUHKMAJOzT+xgv1JHS8ZtdcEqzJkGn2Vw="},"indexInfo":{"baseKey":"BeUPGyQtpnm/3XOxHoHrrB10fL9vK4rOfx7cA95Sc4sa","baseKeyType":1,"closed":1755944869130,"used":1755944868891,"created":1755944868891,"remoteIdentityKey":"Be5+IFSlAigbaz51jLJd4iHNFD1nr6bUiE4iXQ5Osnsn"},"_chains":{"BWOEyVKFSbIS3VIrDrWNjyl3TaoyJVIGWiXDl9aPpEBl":{"chainKey":{"counter":-1,"key":"4urfHhxmWBCLa8tUGgEfJYXv0Cw+7pG02iZsJESSTYs="},"chainType":1,"messageKeys":{}}},"pendingPreKey":{"signedKeyId":1,"baseKey":"BeUPGyQtpnm/3XOxHoHrrB10fL9vK4rOfx7cA95Sc4sa"}},"BaNQu4YDoJUAgQ7UsW4aTSvbCK1JJFdCMGQ23xKjVPoh":{"registrationId":980642592,"currentRatchet":{"ephemeralKeyPair":{"pubKey":"BWutyFN63iEso7aIVJeWkFDx34znNFfieMpCBvbL15UD","privKey":"mES1SJOrzIkwaNUMiTV4pbL1bLwfwk7+grcC4xUX1kA="},"lastRemoteEphemeralKey":"BX3PqgaRTGhbYFrlJQLKOlp9z+lNbxDYO+GtU+KwMAgn","previousCounter":0,"rootKey":"RjiS9ClvFAx3fFcw+o7j8JqxP3gluOseZwb8IZ5uoRs="},"indexInfo":{"baseKey":"BaNQu4YDoJUAgQ7UsW4aTSvbCK1JJFdCMGQ23xKjVPoh","baseKeyType":1,"closed":1755944869364,"used":1755944869127,"created":1755944869127,"remoteIdentityKey":"Be5+IFSlAigbaz51jLJd4iHNFD1nr6bUiE4iXQ5Osnsn"},"_chains":{"BWutyFN63iEso7aIVJeWkFDx34znNFfieMpCBvbL15UD":{"chainKey":{"counter":-1,"key":"7Ap3JtrAccSQW+hZrhvMgb2Krfd5nPd/aVKf+zu5dxs="},"chainType":1,"messageKeys":{}}},"pendingPreKey":{"signedKeyId":1,"baseKey":"BaNQu4YDoJUAgQ7UsW4aTSvbCK1JJFdCMGQ23xKjVPoh"}},"BVd8JHVxPbh2j62I0K7eBC/kLPLE64+ezyeP099/RoJ3":{"registrationId":980642592,"currentRatchet":{"ephemeralKeyPair":{"pubKey":"BRvQYHr03MM/xKzIgMqN2v2DIYjCQ6LNSF7KbcqDltd5","privKey":"4FpHWBVWK4ju236K+NaaWXgENHYb4enPj2mAswDaLkE="},"lastRemoteEphemeralKey":"BX3PqgaRTGhbYFrlJQLKOlp9z+lNbxDYO+GtU+KwMAgn","previousCounter":0,"rootKey":"kJQDxxoAdvlCie34Twki/k8ZOzSI2zIC1d0nruT/wmU="},"indexInfo":{"baseKey":"BVd8JHVxPbh2j62I0K7eBC/kLPLE64+ezyeP099/RoJ3","baseKeyType":1,"closed":1756107072493,"used":1755944869362,"created":1755944869362,"remoteIdentityKey":"Be5+IFSlAigbaz51jLJd4iHNFD1nr6bUiE4iXQ5Osnsn"},"_chains":{"BRvQYHr03MM/xKzIgMqN2v2DIYjCQ6LNSF7KbcqDltd5":{"chainKey":{"counter":8,"key":"4j2t2aEtXHJoKO2bKClG535iCjfv+7vNPfvTdh3GXlo="},"chainType":1,"messageKeys":{}}},"pendingPreKey":{"signedKeyId":1,"baseKey":"BVd8JHVxPbh2j62I0K7eBC/kLPLE64+ezyeP099/RoJ3"}},"BcFXAAhdCzIOlKEDO+J0CkITf8w5AUnJMzojNzC5XM9J":{"registrationId":980642592,"currentRatchet":{"ephemeralKeyPair":{"pubKey":"BQqif0u7/lInUS1RvNNOsUVtEROcFKYyq82zIaX9aw5w","privKey":"uLVqchX8qZYsBX2BBxWhxZKmG8RMZz4nYtbINIyji1Q="},"lastRemoteEphemeralKey":"BX3PqgaRTGhbYFrlJQLKOlp9z+lNbxDYO+GtU+KwMAgn","previousCounter":0,"rootKey":"Pugn4SIPCC6Yljx4NEOUtWfl95pGgpq0FkfrHtL7Caw="},"indexInfo":{"baseKey":"BcFXAAhdCzIOlKEDO+J0CkITf8w5AUnJMzojNzC5XM9J","baseKeyType":1,"closed":1756107073123,"used":1756107072490,"created":1756107072490,"remoteIdentityKey":"Be5+IFSlAigbaz51jLJd4iHNFD1nr6bUiE4iXQ5Osnsn"},"_chains":{"BQqif0u7/lInUS1RvNNOsUVtEROcFKYyq82zIaX9aw5w":{"chainKey":{"counter":-1,"key":"C0l9MMqfZx1Tf+I5fAXDWZibPbeojxotzqU84KHJ5cE="},"chainType":1,"messageKeys":{}}},"pendingPreKey":{"signedKeyId":1,"baseKey":"BcFXAAhdCzIOlKEDO+J0CkITf8w5AUnJMzojNzC5XM9J","preKeyId":12605}},"BYrV7dQdXv61mKcXH89foVSqGNd+ExmW0Rl8YAi2zZMv":{"registrationId":980642592,"currentRatchet":{"ephemeralKeyPair":{"pubKey":"BaUEEgzgQCMbrHQLI+Y3boc2jZZRtB15uo2UujH95sNA","privKey":"ICVC9rgrsBQV7P4b4FfEBhFC4nzprnbloEkhElJvG0Y="},"lastRemoteEphemeralKey":"BX3PqgaRTGhbYFrlJQLKOlp9z+lNbxDYO+GtU+KwMAgn","previousCounter":0,"rootKey":"22PxuptB6OJBZ3XmTxHE0wXd0Iwb0/thJTNiULlmhNc="},"indexInfo":{"baseKey":"BYrV7dQdXv61mKcXH89foVSqGNd+ExmW0Rl8YAi2zZMv","baseKeyType":1,"closed":1756110823013,"used":1756107073122,"created":1756107073122,"remoteIdentityKey":"Be5+IFSlAigbaz51jLJd4iHNFD1nr6bUiE4iXQ5Osnsn"},"_chains":{"BaUEEgzgQCMbrHQLI+Y3boc2jZZRtB15uo2UujH95sNA":{"chainKey":{"counter":0,"key":"dXsoaoaXXt3t1mJtjgV0oTpcnDEKGCHHtF4lAq3gdZM="},"chainType":1,"messageKeys":{}}},"pendingPreKey":{"signedKeyId":1,"baseKey":"BYrV7dQdXv61mKcXH89foVSqGNd+ExmW0Rl8YAi2zZMv","preKeyId":12646}},"BW1VgytupL7eXM9cjI1QBs+mdc9ANM8UhghQ7KknuqMS":{"registrationId":980642592,"currentRatchet":{"ephemeralKeyPair":{"pubKey":"BZb9OlC2iwJWWOmHov8JQYAEX/tZXmqhbivaByYhBOxl","privKey":"AGyb2Js5IuHbNaTbfn3lBBYmFMECQ6xX26+XXGEd5n8="},"lastRemoteEphemeralKey":"BX3PqgaRTGhbYFrlJQLKOlp9z+lNbxDYO+GtU+KwMAgn","previousCounter":0,"rootKey":"lSH6lr5xJVPX3PcjajzzflCdmo9ctsSRjJTMW2sJCH0="},"indexInfo":{"baseKey":"BW1VgytupL7eXM9cjI1QBs+mdc9ANM8UhghQ7KknuqMS","baseKeyType":1,"closed":1756557017607,"used":1756110823009,"created":1756110823009,"remoteIdentityKey":"Be5+IFSlAigbaz51jLJd4iHNFD1nr6bUiE4iXQ5Osnsn"},"_chains":{"BZb9OlC2iwJWWOmHov8JQYAEX/tZXmqhbivaByYhBOxl":{"chainKey":{"counter":26,"key":"yPaJz8tHfSp8wkEU71qa2F+vAK7vQPDKhPEDfMh7dvs="},"chainType":1,"messageKeys":{}}},"pendingPreKey":{"signedKeyId":1,"baseKey":"BW1VgytupL7eXM9cjI1QBs+mdc9ANM8UhghQ7KknuqMS","preKeyId":12600}},"BaxwQYZsm6RHK4fQc0PvquqV402Oo/fNa1DUIQtIDStZ":{"registrationId":980642592,"currentRatchet":{"ephemeralKeyPair":{"pubKey":"BblTvc6nRqB/OGkIZpWhHM7KFW+R8hVhN86ZSZqzKvVs","privKey":"OK+A+SnAraoolofqNwil/S3EOhfdSzmUovAOZFm6fVE="},"lastRemoteEphemeralKey":"BXhjV03xasTJZzFlr0ro0fqcdHy3FX9tX/3DXl6+pD0D","previousCounter":0,"rootKey":"i6BadviFfnslFi95jQjl2H0BBVLI8JAuNae8QVH6lKY="},"indexInfo":{"baseKey":"BaxwQYZsm6RHK4fQc0PvquqV402Oo/fNa1DUIQtIDStZ","baseKeyType":1,"closed":1756557018121,"used":1756557017603,"created":1756557017603,"remoteIdentityKey":"Be5+IFSlAigbaz51jLJd4iHNFD1nr6bUiE4iXQ5Osnsn"},"_chains":{"BblTvc6nRqB/OGkIZpWhHM7KFW+R8hVhN86ZSZqzKvVs":{"chainKey":{"counter":-1,"key":"DgNHwVN10+OanfguuyXAn1BHCNpHvXqyU3H9WfRt/p4="},"chainType":1,"messageKeys":{}}},"pendingPreKey":{"signedKeyId":3,"baseKey":"BaxwQYZsm6RHK4fQc0PvquqV402Oo/fNa1DUIQtIDStZ","preKeyId":13669}},"BbH9d4PyV8dktapHZBo7M0kSR3+IjMH1kbsTH75Woupz":{"registrationId":980642592,"currentRatchet":{"ephemeralKeyPair":{"pubKey":"BXcc2at9LItLEkZZmfhwFJSP4q6LMG7Rq7o3wXSLFjJf","privKey":"EPhBeZ4DxJSS9BdvtS2haydjhWBpjUplBsbdr9xXBVM="},"lastRemoteEphemeralKey":"BXhjV03xasTJZzFlr0ro0fqcdHy3FX9tX/3DXl6+pD0D","previousCounter":0,"rootKey":"XWWkGBbgw+MpLx4ADfADlC6mSpGPUBi7OnZMCzQq8A8="},"indexInfo":{"baseKey":"BbH9d4PyV8dktapHZBo7M0kSR3+IjMH1kbsTH75Woupz","baseKeyType":1,"closed":1756557018619,"used":1756557018119,"created":1756557018119,"remoteIdentityKey":"Be5+IFSlAigbaz51jLJd4iHNFD1nr6bUiE4iXQ5Osnsn"},"_chains":{"BXcc2at9LItLEkZZmfhwFJSP4q6LMG7Rq7o3wXSLFjJf":{"chainKey":{"counter":-1,"key":"ABxYdQhltPegaa0SFGVrWEKfhymDNn8VdHGlsM5BLxI="},"chainType":1,"messageKeys":{}}},"pendingPreKey":{"signedKeyId":3,"baseKey":"BbH9d4PyV8dktapHZBo7M0kSR3+IjMH1kbsTH75Woupz","preKeyId":13015}},"Bacmb7iEbikXI+aOks/HRuBRaV+1WPSyomQ37r4ugFVV":{"registrationId":980642592,"currentRatchet":{"ephemeralKeyPair":{"pubKey":"BRFaF7rTBrNLwl/SF/yjWwa6Z2JLPx5Yg72TSAIkIKIB","privKey":"KEIwIZxGs9gJ6fYb1JBZHbd9N8WKf2Y4TP9Ve7vIHWk="},"lastRemoteEphemeralKey":"BXhjV03xasTJZzFlr0ro0fqcdHy3FX9tX/3DXl6+pD0D","previousCounter":0,"rootKey":"srXZInikmaGruOOuqiUtCNe5DLnb7Oz163NJ5mZC+9Q="},"indexInfo":{"baseKey":"Bacmb7iEbikXI+aOks/HRuBRaV+1WPSyomQ37r4ugFVV","baseKeyType":1,"closed":1756557381139,"used":1756557018614,"created":1756557018614,"remoteIdentityKey":"Be5+IFSlAigbaz51jLJd4iHNFD1nr6bUiE4iXQ5Osnsn"},"_chains":{"BRFaF7rTBrNLwl/SF/yjWwa6Z2JLPx5Yg72TSAIkIKIB":{"chainKey":{"counter":-1,"key":"yT7ThIxOT3dda1n/6G20UPjnsUQkDPWPRwYeVRpGrQk="},"chainType":1,"messageKeys":{}}},"pendingPreKey":{"signedKeyId":3,"baseKey":"Bacmb7iEbikXI+aOks/HRuBRaV+1WPSyomQ37r4ugFVV","preKeyId":12952}},"BUv3oeRGfwwKVs3VIJzeO2bm7u5BaaN3qTMaPwQSVEJy":{"registrationId":980642592,"currentRatchet":{"ephemeralKeyPair":{"pubKey":"BdHEpaSXzGDNsP+xrFLAQt5wgdqt8W615ljIYg4ny596","privKey":"YDA5XNJBQLrsyunbxUj0LCOfcZ4Lj8MiqrBUhHSJUEI="},"lastRemoteEphemeralKey":"BXhjV03xasTJZzFlr0ro0fqcdHy3FX9tX/3DXl6+pD0D","previousCounter":0,"rootKey":"kIz0dTjaEpvm+4/+UKWJP9bVv4XiN9zNOPGHs+eHzC8="},"indexInfo":{"baseKey":"BUv3oeRGfwwKVs3VIJzeO2bm7u5BaaN3qTMaPwQSVEJy","baseKeyType":1,"closed":-1,"used":1756557381123,"created":1756557381123,"remoteIdentityKey":"Be5+IFSlAigbaz51jLJd4iHNFD1nr6bUiE4iXQ5Osnsn"},"_chains":{"BdHEpaSXzGDNsP+xrFLAQt5wgdqt8W615ljIYg4ny596":{"chainKey":{"counter":-1,"key":"ymJ8Pkv40yZ+XIDErsx/lxAMJ4hNbFzg2xCb0QMpPo4="},"chainType":1,"messageKeys":{}}},"pendingPreKey":{"signedKeyId":3,"baseKey":"BUv3oeRGfwwKVs3VIJzeO2bm7u5BaaN3qTMaPwQSVEJy","preKeyId":13326}}},"version":"v1"}