{"_sessions":{"BYScVAD4Me5dG0yu4qT0jY5j/5DNyNfn6enShjWK0voj":{"registrationId":12359,"currentRatchet":{"ephemeralKeyPair":{"pubKey":"BYMFdE3AkDdk6O6/WOA+AKZGvXqQAE0aQECuyeCYw/Qq","privKey":"ONzwzPWRdeCiDF6qLL6Sjr7txwurCQ+2cBYBVORKbkQ="},"lastRemoteEphemeralKey":"Bc7n5sDnmd5AYudLVJAfzHaOpH2mOvtic9uT0i7IThUB","previousCounter":0,"rootKey":"3QVfQVAwnrN+MSP4PUvKUhMQzvsbsxXb4Qoyb0Q/Y00="},"indexInfo":{"baseKey":"BYScVAD4Me5dG0yu4qT0jY5j/5DNyNfn6enShjWK0voj","baseKeyType":1,"closed":-1,"used":1756270525129,"created":1756270525129,"remoteIdentityKey":"BQkis99xOaxRZ+TJ0LN+fQ6Jq0+fzV6cnsHJQTFG+XlY"},"_chains":{"BYMFdE3AkDdk6O6/WOA+AKZGvXqQAE0aQECuyeCYw/Qq":{"chainKey":{"counter":8,"key":"79VKgA1iH3f/Zh8c4oOMni7Ph4DzNPTdzyo9GEaLrro="},"chainType":1,"messageKeys":{}}},"pendingPreKey":{"signedKeyId":1,"baseKey":"BYScVAD4Me5dG0yu4qT0jY5j/5DNyNfn6enShjWK0voj"}}},"version":"v1"}