{"_sessions":{"BRL/VW99/+kAe5CzTEAaF1TuAQpXShMiaSiu+UFJErVz":{"registrationId":1189908494,"currentRatchet":{"ephemeralKeyPair":{"pubKey":"BanroEXdpV4ck4u0ILDj5iCeXs/21Wsxn0NVbQhfkTAs","privKey":"KMhnd9vLMXmGvm7twtyb5PjKz52cjWFxA6/JZ/XnWUA="},"lastRemoteEphemeralKey":"Bb9T/mHlzHMtS9WHfsrp2eH5rBpsjfc7T4D4Vb1hp0kE","previousCounter":0,"rootKey":"As932XIHqM3kyjtTjD9dd/Nc8JBHkAqqJLIXQ1U0NAo="},"indexInfo":{"baseKey":"BRL/VW99/+kAe5CzTEAaF1TuAQpXShMiaSiu+UFJErVz","baseKeyType":1,"closed":-1,"used":1755507317722,"created":1755507317722,"remoteIdentityKey":"BbI0rzirpX0WInDKRm9qCq4HM79QwUU+ydZj8BpNSiEn"},"_chains":{"BanroEXdpV4ck4u0ILDj5iCeXs/21Wsxn0NVbQhfkTAs":{"chainKey":{"counter":25,"key":"tx21z8a1zRJBR3hLcNr1EkeJJDh9/Hl1F/zRSXtynus="},"chainType":1,"messageKeys":{}}},"pendingPreKey":{"signedKeyId":2,"baseKey":"BRL/VW99/+kAe5CzTEAaF1TuAQpXShMiaSiu+UFJErVz","preKeyId":9575925}}},"version":"v1"}