{"_sessions":{"Bbvm28QuxAxah5L+9YLLLc8v5SefL1wIsjoPMuGZNaJS":{"registrationId":1556,"currentRatchet":{"ephemeralKeyPair":{"pubKey":"BfFkeWNSFqFttrgAMtJwugDpRL3qRUfvbEfMeEMaiEFn","privKey":"CNJ7Ho3VPM1vL/dF/fcQ3zUeFM//RLUjsg6hdjaBcUM="},"lastRemoteEphemeralKey":"BafR+3CuJakhAJttoNg3NDdq0tGsNjpKSq4a/moaSsZ5","previousCounter":0,"rootKey":"JdasVuiG34W0pmUjvnDWAOs5lzii0iqcvK1FMMhZhYU="},"indexInfo":{"baseKey":"Bbvm28QuxAxah5L+9YLLLc8v5SefL1wIsjoPMuGZNaJS","baseKeyType":1,"closed":-1,"used":1756270525133,"created":1756270525133,"remoteIdentityKey":"BYzySE+NL7af3364cPg7kR9cABIuSzTCbx/ZDMGmzVtZ"},"_chains":{"BfFkeWNSFqFttrgAMtJwugDpRL3qRUfvbEfMeEMaiEFn":{"chainKey":{"counter":8,"key":"SmIlNhtT32ombAnc1n+YBTjQdUgyEidqcnO96gRGwkU="},"chainType":1,"messageKeys":{}}},"pendingPreKey":{"signedKeyId":1,"baseKey":"Bbvm28QuxAxah5L+9YLLLc8v5SefL1wIsjoPMuGZNaJS","preKeyId":975}}},"version":"v1"}