{"_sessions":{"BewlngikwD0qxSkd2LJNuT8qx8IXgWf17Ehf5kXX/elA":{"registrationId":821724835,"currentRatchet":{"ephemeralKeyPair":{"pubKey":"BZDLR0o6i9iCJnmiTYnaIeyMOPfG4e/o7s4+hYAzH+ga","privKey":"MAHowyZY+3AjJ+VS0kD7eTzPrmCWT2s01HdP4X32kGU="},"lastRemoteEphemeralKey":"BbGf/OoZfBCF5gllqVeG534vVQo0Df4RPYtn0dYXVY9I","previousCounter":0,"rootKey":"uKggShgZiVR2UHSwAvxmJ2jTTtou5gouYztSp3Yq4BI="},"indexInfo":{"baseKey":"BewlngikwD0qxSkd2LJNuT8qx8IXgWf17Ehf5kXX/elA","baseKeyType":1,"closed":-1,"used":1756270525542,"created":1756270525542,"remoteIdentityKey":"BdEayGKEaqmNa06wIhwOrCl+Z+XS/I4ZdsXa6GDdmAcn"},"_chains":{"BZDLR0o6i9iCJnmiTYnaIeyMOPfG4e/o7s4+hYAzH+ga":{"chainKey":{"counter":8,"key":"ObFWAqOXiz5Ytn7rmjD6hmS7pB8eTIrmnOgxDSTKvxI="},"chainType":1,"messageKeys":{}}},"pendingPreKey":{"signedKeyId":17,"baseKey":"BewlngikwD0qxSkd2LJNuT8qx8IXgWf17Ehf5kXX/elA","preKeyId":718037}}},"version":"v1"}