{"_sessions":{"BbvmJTcZaCTF7FUHOGn03v14DytI/1nTLOolMqaA+wYQ":{"registrationId":1347873906,"currentRatchet":{"ephemeralKeyPair":{"pubKey":"BZd8RLdMLMDfwqkqXisE2G3huZ8dTL3bQNfk4fgnUSBB","privKey":"uFaC4M2JwdufPCquUaH5UlQTCgsw3E3iSSOBkhLKb1U="},"lastRemoteEphemeralKey":"BYmYHYvVaw+hZNqgsla/594FbCdk7PrdfWTqptdXjBcH","previousCounter":0,"rootKey":"9tsJmumXEBFyF8WJRcSp/ZF3dwKdzHT3/pvZAb9gs/0="},"indexInfo":{"baseKey":"BbvmJTcZaCTF7FUHOGn03v14DytI/1nTLOolMqaA+wYQ","baseKeyType":1,"closed":-1,"used":1755492398231,"created":1755492398231,"remoteIdentityKey":"BW5fVE9HMyzycNAFci/QxdFmWicVACjV/SOYFtDVGQEJ"},"_chains":{"BZd8RLdMLMDfwqkqXisE2G3huZ8dTL3bQNfk4fgnUSBB":{"chainKey":{"counter":68,"key":"vqCOGKKgvr32VZJ4afpicSbt/8G0v5E9XGoZtEj7N6I="},"chainType":1,"messageKeys":{}}},"pendingPreKey":{"signedKeyId":13,"baseKey":"BbvmJTcZaCTF7FUHOGn03v14DytI/1nTLOolMqaA+wYQ","preKeyId":6909691}}},"version":"v1"}