{"_sessions":{"BW6aQChLNFGXuS7H3vutYZFRjlO/laiK3hPFH/2rFU1E":{"registrationId":1604708171,"currentRatchet":{"ephemeralKeyPair":{"pubKey":"BRTFHFKZ9seLo2+rGUcyTk16fERnrkL/DiBTyDwKXk4I","privKey":"WGJO5uNt/mV0fZ0EcYql2WpV+KGYmcDoG4Ad/G5r+Fc="},"lastRemoteEphemeralKey":"BWdPLfhO+uzXzeSl3MeYjE0H+lyHcxufotjr5xg9KBAr","previousCounter":0,"rootKey":"8clGE5vKW7eddw8/CDMewgVLVUwSd6Ko55zFAXVjS/M="},"indexInfo":{"baseKey":"BW6aQChLNFGXuS7H3vutYZFRjlO/laiK3hPFH/2rFU1E","baseKeyType":1,"closed":-1,"used":1755492398037,"created":1755492398037,"remoteIdentityKey":"BY8juHYH4aiVrHOAgFG5nilNoqo7Jw4ybXCTtRpjElY7"},"_chains":{"BRTFHFKZ9seLo2+rGUcyTk16fERnrkL/DiBTyDwKXk4I":{"chainKey":{"counter":68,"key":"3KuW456ntZyeuwBfGkMXa+wBILAbiLykUwFWZRyGKTw="},"chainType":1,"messageKeys":{}}},"pendingPreKey":{"signedKeyId":14,"baseKey":"BW6aQChLNFGXuS7H3vutYZFRjlO/laiK3hPFH/2rFU1E"}}},"version":"v1"}