{"_sessions":{"BRwlWxdVMrMj2xUz0K9xlzUoMbKvLJByPP3NOJw+Mud0":{"registrationId":234,"currentRatchet":{"ephemeralKeyPair":{"pubKey":"BR3QwDi+cCCGpVnpo+y0unNKhI/EuPbPr+sym6cD5SBE","privKey":"sE1TAUrB2COVrGSyzlR4xU9++nnqgBtTtE8dPMUI7UE="},"lastRemoteEphemeralKey":"BZTd2jzSP9O2p4UNW5hanAER/2Vl2kBmM49MnMDnnVlJ","previousCounter":0,"rootKey":"Tp5aJPDfCIaNyhv1qVAcOdpkFKOd11NqA7Yk9HkET1Y="},"indexInfo":{"baseKey":"BRwlWxdVMrMj2xUz0K9xlzUoMbKvLJByPP3NOJw+Mud0","baseKeyType":1,"closed":-1,"used":1755492398378,"created":1755492398378,"remoteIdentityKey":"Beee+qSkg7bwRDp/lVBZXCb//5pinaEN/LTnXCVbdiJq"},"_chains":{"BR3QwDi+cCCGpVnpo+y0unNKhI/EuPbPr+sym6cD5SBE":{"chainKey":{"counter":17,"key":"Zk8nuh0I2QXCHt5GrDnL0UjR7hI56JYQoPaxso5R/Xo="},"chainType":1,"messageKeys":{}}},"pendingPreKey":{"signedKeyId":1,"baseKey":"BRwlWxdVMrMj2xUz0K9xlzUoMbKvLJByPP3NOJw+Mud0"}}},"version":"v1"}