{"_sessions":{"BRFV0xCckn0H8oMSgmCAIljWOGstglLpkAs+s7uOeqFV":{"registrationId":716,"currentRatchet":{"ephemeralKeyPair":{"pubKey":"Bdn5XBewHKbFDonuAlDy3wrQS81n6R0BOcfNbgFaLFAR","privKey":"GEpoequ3o43U6P303gvpUPEu1sJJFglSafZDkX4YEls="},"lastRemoteEphemeralKey":"BX9c/gtzaE3LlzNLt3oKA7rjtx09WBfpzklGm73ZZGEP","previousCounter":0,"rootKey":"ADcKDnDLk9Vhsh8utvHj7Y1OF+mOjaul/SsL09WHTPo="},"indexInfo":{"baseKey":"BRFV0xCckn0H8oMSgmCAIljWOGstglLpkAs+s7uOeqFV","baseKeyType":1,"closed":-1,"used":1756270525203,"created":1756270525203,"remoteIdentityKey":"BdaWX9i7qGrHgOIIsnr2Q015JHtXXK27kBhqQQKSA/kL"},"_chains":{"Bdn5XBewHKbFDonuAlDy3wrQS81n6R0BOcfNbgFaLFAR":{"chainKey":{"counter":8,"key":"OLfSztFwzb4BdFXTaIiwZyQuYSJwO50GIErNEg8LW30="},"chainType":1,"messageKeys":{}}},"pendingPreKey":{"signedKeyId":1,"baseKey":"BRFV0xCckn0H8oMSgmCAIljWOGstglLpkAs+s7uOeqFV"}}},"version":"v1"}