{"_sessions":{"BYnWozX2dgn3kYGHiNFvYbihzl8cyJd/t24Me3+yWIBZ":{"registrationId":1181107413,"currentRatchet":{"ephemeralKeyPair":{"pubKey":"BUmpb1G6x7ZpsJ3QmOkHZp/oOqjYFMFyD9s7lItoDnML","privKey":"0EODpM2GXQUgn4Trguq+mbY1ie6tnHtGIveHZMsX3Fk="},"lastRemoteEphemeralKey":"BSmnw4/+yQ8RaPLpsFGafgWJu4A5Th16Qhi2bBmPaoc+","previousCounter":0,"rootKey":"7UITYaEM2vzQ0ni5kgu2POYtfPaICS1u68Zhi0om9w8="},"indexInfo":{"baseKey":"BYnWozX2dgn3kYGHiNFvYbihzl8cyJd/t24Me3+yWIBZ","baseKeyType":1,"closed":1755536403177,"used":1755492398125,"created":1755492398125,"remoteIdentityKey":"BZNlTFFPPzYNx6t6zIDK+2RqBtrRAcJYA0F2EzWYOB12"},"_chains":{"BUmpb1G6x7ZpsJ3QmOkHZp/oOqjYFMFyD9s7lItoDnML":{"chainKey":{"counter":1,"key":"1MImLjAPQQhls3rbYBKtnL3n2eZGVGwTx1aGeAGlIyA="},"chainType":1,"messageKeys":{}}},"pendingPreKey":{"signedKeyId":12,"baseKey":"BYnWozX2dgn3kYGHiNFvYbihzl8cyJd/t24Me3+yWIBZ","preKeyId":745027}},"BZnZlWcN26Bkhx5MKTAKhX7xB+l/50GmAyqk+P6H7HUK":{"registrationId":1620945875,"currentRatchet":{"ephemeralKeyPair":{"pubKey":"Bf9ZZhiaT4KiA6i3vR9rqMyeN3xhm47P4VzMjjwNh0Q9","privKey":"CA9Zp+kv34088s52qAtHMCK6wQFRVP6gIdVJ5ZXTck0="},"lastRemoteEphemeralKey":"BTUUp0SAbBQOf70SzF0cdFZ3snobQrBTZqpMm719VkcW","previousCounter":0,"rootKey":"8s8aN5ROYRdUY7uClNI0/uSzihCBvEnvei7/7kEvm78="},"indexInfo":{"baseKey":"BZnZlWcN26Bkhx5MKTAKhX7xB+l/50GmAyqk+P6H7HUK","baseKeyType":1,"closed":-1,"used":1755536403174,"created":1755536403174,"remoteIdentityKey":"BRC+I5RkBGmBvmWeOT+iyrM4yqM/2NEH9Z3SogwuEysX"},"_chains":{"Bf9ZZhiaT4KiA6i3vR9rqMyeN3xhm47P4VzMjjwNh0Q9":{"chainKey":{"counter":66,"key":"9Irdc5y302NlTV/VBZtoLB4uwRqhX453giOHmXqcSC4="},"chainType":1,"messageKeys":{}}},"pendingPreKey":{"signedKeyId":0,"baseKey":"BZnZlWcN26Bkhx5MKTAKhX7xB+l/50GmAyqk+P6H7HUK","preKeyId":8236876}}},"version":"v1"}