{"_sessions":{"BUoWIVlO1r7SQm80/DZk/6ft+LfM37wRnar/ViewdyE0":{"registrationId":888546549,"currentRatchet":{"ephemeralKeyPair":{"pubKey":"BYEvVV4ECihj4pnFbjQVbUwNjsJxZ9kxFmJ2WnBNkDBb","privKey":"2E/WkFmKNXgW0qH3X2WRx2PmU+LjhcjPz6GDLD37EHc="},"lastRemoteEphemeralKey":"Bfb2Z1+oG0oZdFjS5px5hkZrM/biT7MwsxAZcaw19OkK","previousCounter":0,"rootKey":"KkHwnjz3QOPr1wIDjGBOQSUPhXVbOK+wMfQOCpA9iIQ="},"indexInfo":{"baseKey":"BUoWIVlO1r7SQm80/DZk/6ft+LfM37wRnar/ViewdyE0","baseKeyType":1,"closed":-1,"used":1755507317069,"created":1755507317069,"remoteIdentityKey":"BQFVk8Zjkkfz1ZHo8M1EbM+eaINTpwGsySClHb79AyQo"},"_chains":{"BYEvVV4ECihj4pnFbjQVbUwNjsJxZ9kxFmJ2WnBNkDBb":{"chainKey":{"counter":25,"key":"p/r9sb5NoJOcCRbTuVVlQ2//8mkhfTPWnpT3219EWcQ="},"chainType":1,"messageKeys":{}}},"pendingPreKey":{"signedKeyId":9,"baseKey":"BUoWIVlO1r7SQm80/DZk/6ft+LfM37wRnar/ViewdyE0","preKeyId":5700079}}},"version":"v1"}