{"_sessions":{"BYhbQ7Rz3/0WPiqFgeAir9deBEwIavdshNKKjRRGcnBG":{"registrationId":2093180925,"currentRatchet":{"ephemeralKeyPair":{"pubKey":"BRzK2sMTX/qJDe0t0Qdlc449ilS+JdMn+J7H6D1NRR1c","privKey":"cEJ3XdQiL6tpQrzyklwrSwiT61UHG5KGFkhFPJ7dfmc="},"lastRemoteEphemeralKey":"BbORwjhMOGdN5WR3IfeoZFYA6wDCRdlYrNkiodJURFwK","previousCounter":0,"rootKey":"r+SV089Uh0uXwFvLQrp+Sna9mIT4isn4Sn2cdHS5mzw="},"indexInfo":{"baseKey":"BYhbQ7Rz3/0WPiqFgeAir9deBEwIavdshNKKjRRGcnBG","baseKeyType":1,"closed":-1,"used":1756270525624,"created":1756270525624,"remoteIdentityKey":"BaSA1kalA22ywfnMFWv0H8OlhjuHjasLkX6htv9Tciku"},"_chains":{"BRzK2sMTX/qJDe0t0Qdlc449ilS+JdMn+J7H6D1NRR1c":{"chainKey":{"counter":8,"key":"Sf1ghuQ+bhMOXW0vJ/89rU+bd0N+FyG6rQgy11Be5bA="},"chainType":1,"messageKeys":{}}},"pendingPreKey":{"signedKeyId":26,"baseKey":"BYhbQ7Rz3/0WPiqFgeAir9deBEwIavdshNKKjRRGcnBG","preKeyId":7355849}}},"version":"v1"}