{"_sessions":{"BTxn2E3aoo4Ui/VcZzFClrMPEvXRJi0wywXt8JLS4l81":{"registrationId":1679043063,"currentRatchet":{"ephemeralKeyPair":{"pubKey":"BUXt5HynyC+hY3nCUcP3FWjTzUKYT76ICPpP3X1zoZlP","privKey":"2PGktltOvFIyPfzBGzalB8kSI79iPZYHQHijfxh7m00="},"lastRemoteEphemeralKey":"BS0g+qg+wvEZ9VARMfPSlkmc0/x02x7qP3X48aPmNHZ1","previousCounter":0,"rootKey":"YWH/1f4PlrgHOrUICXUhcw8z3DETnRcOHXIczrn3l+I="},"indexInfo":{"baseKey":"BTxn2E3aoo4Ui/VcZzFClrMPEvXRJi0wywXt8JLS4l81","baseKeyType":1,"closed":-1,"used":1755481289085,"created":1755481289085,"remoteIdentityKey":"BTjB30rwXyrxo3wdlz0k1dNnbHdPGclDF9XDlK367W5G"},"_chains":{"BUXt5HynyC+hY3nCUcP3FWjTzUKYT76ICPpP3X1zoZlP":{"chainKey":{"counter":4,"key":"3fY/6vMYyId2hUdi6a55m5kK98JfgAJP9JSuCoS//Qk="},"chainType":1,"messageKeys":{}}},"pendingPreKey":{"signedKeyId":3,"baseKey":"BTxn2E3aoo4Ui/VcZzFClrMPEvXRJi0wywXt8JLS4l81","preKeyId":8746241}}},"version":"v1"}