{"_sessions":{"BbC3HFO0yLD7OLV87QrGiapRtTR5ZaDCRFU8MHKJQUxx":{"registrationId":1782598571,"currentRatchet":{"ephemeralKeyPair":{"pubKey":"BTYGl64A+1pPa63ixyLrl7PjxrQn8EIEI+THDCJpBoZM","privKey":"UAnH7nnIvBnVSS/27t1lRF3ckq7mh3VBSJO4AIMr5ls="},"lastRemoteEphemeralKey":"BUaiPJW01iG16oolk8exb8sJi9IEbNpVxT6VohrX7UxM","previousCounter":0,"rootKey":"m6lKScIUkUsEgRx4SuXVw/ALyi34uP0D4dqr1mEHCec="},"indexInfo":{"baseKey":"BbC3HFO0yLD7OLV87QrGiapRtTR5ZaDCRFU8MHKJQUxx","baseKeyType":1,"closed":-1,"used":1756270525185,"created":1756270525185,"remoteIdentityKey":"BXV9M5vWf8nAHItKuDxvth11p/9EoerJi/YODYCKrf5W"},"_chains":{"BTYGl64A+1pPa63ixyLrl7PjxrQn8EIEI+THDCJpBoZM":{"chainKey":{"counter":8,"key":"oxOa/Mf4n+HAAC2UtTDp9o/QYyf9u6UfFJEd8BsoEd8="},"chainType":1,"messageKeys":{}}},"pendingPreKey":{"signedKeyId":3,"baseKey":"BbC3HFO0yLD7OLV87QrGiapRtTR5ZaDCRFU8MHKJQUxx","preKeyId":4632}}},"version":"v1"}