{"_sessions":{"BXsV18kVtz0k7w3MhHzqFNNxnEUSSVeh5aisjjtJse4O":{"registrationId":281278901,"currentRatchet":{"ephemeralKeyPair":{"pubKey":"BTOT/mwJFyDk0G4rgUJEQ4INj2qQPHlbjP162awzOMRu","privKey":"wIwosZsZIwDlAAyktXKmdfPbLcxmbPcmOHlOytVpt3o="},"lastRemoteEphemeralKey":"BV0qJS2B3yG1o5LnNp3X/lUH7iBgYusiFCAaXkggSBUd","previousCounter":0,"rootKey":"fhSiS+GKHeIREsft7xJQP01S9QWj5oEeO0OFJ4sLQEQ="},"indexInfo":{"baseKey":"BXsV18kVtz0k7w3MhHzqFNNxnEUSSVeh5aisjjtJse4O","baseKeyType":1,"closed":1756539022340,"used":1756270525534,"created":1756270525534,"remoteIdentityKey":"Bc6fEFKyVv15GBHP8gdwh4aFJJ9nHfXnpNmu2gerFnMH"},"_chains":{"BTOT/mwJFyDk0G4rgUJEQ4INj2qQPHlbjP162awzOMRu":{"chainKey":{"counter":7,"key":"dhA6XSmVVRTsFBtKoRRTddg9MHw9MWeBQoeUyo6kpRs="},"chainType":1,"messageKeys":{}}},"pendingPreKey":{"signedKeyId":0,"baseKey":"BXsV18kVtz0k7w3MhHzqFNNxnEUSSVeh5aisjjtJse4O","preKeyId":8654188}},"Bd3TCqN6nDDERdn+Y0XLBaEeXgNEunWFTeWynkkzhfgL":{"registrationId":178896657,"currentRatchet":{"ephemeralKeyPair":{"pubKey":"BdI5q8mSCE1OtGg52VDW5A5ViNAFnjallfM7fIxGux9D","privKey":"6NNaCxglADOIqmsZAEUnNox77BGbg1xHU9G/hVhot0Y="},"lastRemoteEphemeralKey":"BQrk/B6NhM+/3h8bE9X7A1hLe1NKDGVuS8uAW2dXKxde","previousCounter":0,"rootKey":"SChXlW2ocVMMdsnR5a8rBK946bApPNsn5magXg5OD7Q="},"indexInfo":{"baseKey":"Bd3TCqN6nDDERdn+Y0XLBaEeXgNEunWFTeWynkkzhfgL","baseKeyType":1,"closed":-1,"used":1756553708412,"created":1756539022337,"remoteIdentityKey":"BVOWowVH6L62/Q13uYUzCDgF+Fkgp7PD3PpNI2gS41oA"},"_chains":{"BQrk/B6NhM+/3h8bE9X7A1hLe1NKDGVuS8uAW2dXKxde":{"chainKey":{"counter":0,"key":"r4Hw7VzZg45D7v53slyyDt1bWFr2YmAt177hsklTK9U="},"chainType":2,"messageKeys":{}},"BdI5q8mSCE1OtGg52VDW5A5ViNAFnjallfM7fIxGux9D":{"chainKey":{"counter":-1,"key":"A/cyLOpiKaq6nfUFrUzjpY02EBbqI7BsyvSIMhq8Ho8="},"chainType":1,"messageKeys":{}}}}},"version":"v1"}