{"_sessions":{"BXB/KVsJDLWmJTwXMYLhJCIisuNgJerMsOlQf0lvyi0c":{"registrationId":1781307988,"currentRatchet":{"ephemeralKeyPair":{"pubKey":"BUHAS76a7JCih1mYubT3IMumdH5By/+Bje1mAdVLrv4r","privKey":"eEDUVgwsA6X+wV4i3LUTC+nnqrYnEwicc9EUZAfp4kQ="},"lastRemoteEphemeralKey":"BSObE57WuHTDw5Bwz00FHrM8vnFkNWsIAUgJ6UkOF/JN","previousCounter":0,"rootKey":"BWxqP7Fts9to9gZFa6S61+HiGymru3T68MSpQvm11Ok="},"indexInfo":{"baseKey":"BXB/KVsJDLWmJTwXMYLhJCIisuNgJerMsOlQf0lvyi0c","baseKeyType":1,"closed":-1,"used":1755507317055,"created":1755507317055,"remoteIdentityKey":"BUoD74u74x+O6I2FaIUG0G2V/Ulv64kfaOfYzDFsImJE"},"_chains":{"BUHAS76a7JCih1mYubT3IMumdH5By/+Bje1mAdVLrv4r":{"chainKey":{"counter":25,"key":"ba2oZWLHXgT9zd8nuretw5GB7nGtbUJkp5u9X0uz3is="},"chainType":1,"messageKeys":{}}},"pendingPreKey":{"signedKeyId":2,"baseKey":"BXB/KVsJDLWmJTwXMYLhJCIisuNgJerMsOlQf0lvyi0c","preKeyId":1926427}}},"version":"v1"}