{"_sessions":{"BTilPHS6/ar/M4GgOT4UpjNiE5s+mPQh4NSuNDFDkW4V":{"registrationId":1112568176,"currentRatchet":{"ephemeralKeyPair":{"pubKey":"BYQA4XLEUXNQ/CE7dF3bV9S2BtRcyl151vDeP5kKgdxd","privKey":"0BmXGXcwsMPPstb+fS6mG2d1a6kMFCmYRP+EmG+gqFg="},"lastRemoteEphemeralKey":"BeVu3ZHKA3S2/GgQYQKDkBjJtOyVXZmcKmsFlMWp7TZb","previousCounter":0,"rootKey":"DlwxopVDOZkFyrXG/Xu0NfIgwNdvAQBJz3aFy2dncr4="},"indexInfo":{"baseKey":"BTilPHS6/ar/M4GgOT4UpjNiE5s+mPQh4NSuNDFDkW4V","baseKeyType":1,"closed":-1,"used":1756270525725,"created":1756270525725,"remoteIdentityKey":"Bd/UTXS34WTzcxR3TeQRhggmrbGSz4pRXCJN3XQ+qBks"},"_chains":{"BYQA4XLEUXNQ/CE7dF3bV9S2BtRcyl151vDeP5kKgdxd":{"chainKey":{"counter":8,"key":"8syUHCmwHDoXq/dyeyqaQkFV12262LgI2ME/z6ctUwE="},"chainType":1,"messageKeys":{}}},"pendingPreKey":{"signedKeyId":7,"baseKey":"BTilPHS6/ar/M4GgOT4UpjNiE5s+mPQh4NSuNDFDkW4V","preKeyId":3258109}}},"version":"v1"}