{"_sessions":{"BVGdveUUzJxhul0SeDN6KhkwBeaZbQAnOHgEeDfB5Pw0":{"registrationId":1798924453,"currentRatchet":{"ephemeralKeyPair":{"pubKey":"BUdwAsCMV1TWytgxj6J958j4NyXLg7vF6sim0C6xfThR","privKey":"+NOffFfsj1FgoqUxcS+YtDwU2xXvFV+ujLtzKrDcOns="},"lastRemoteEphemeralKey":"BRzO5mkLy4KUw+3TTfaCN8qqc/xnBGMlSxIDHeftzn9J","previousCounter":0,"rootKey":"viPRZ9PgfMa69qsYZ9ygPYLDe7xdBc2zMTuGwQBQCyo="},"indexInfo":{"baseKey":"BVGdveUUzJxhul0SeDN6KhkwBeaZbQAnOHgEeDfB5Pw0","baseKeyType":1,"closed":-1,"used":1755507317570,"created":1755507317570,"remoteIdentityKey":"Bbd11TBfoz5qtBXYRETdmWKRHlTWVsNcDkSWo6rwRk8G"},"_chains":{"BUdwAsCMV1TWytgxj6J958j4NyXLg7vF6sim0C6xfThR":{"chainKey":{"counter":25,"key":"u1Sw6bo/rKUXINTVfxE9klnbjJYewsCDjfOh3JzZfUY="},"chainType":1,"messageKeys":{}}},"pendingPreKey":{"signedKeyId":2,"baseKey":"BVGdveUUzJxhul0SeDN6KhkwBeaZbQAnOHgEeDfB5Pw0"}}},"version":"v1"}