{"_sessions":{"BeIavFqpOai09Zo4fA3SKIfWw8oISiPo+Rcwd/3i3gc9":{"registrationId":1192391083,"currentRatchet":{"ephemeralKeyPair":{"pubKey":"BSVyvkyQYC00jBuyTeQmZv7eNsObv3ikbQ3O+nz2xU8H","privKey":"cJ3Y/vhFETR4RUm6THwnDzCMc3p28m4kVQh1RE4ZVkI="},"lastRemoteEphemeralKey":"BQAXJBSlYOM2HdfA37Ws4IpmTw/8XqsY2k6UXf5Q+wVd","previousCounter":0,"rootKey":"FDMj2ww8Do5Dl+ir9OvRzNXZiu1Mrt7MGz+iA2RCRo0="},"indexInfo":{"baseKey":"BeIavFqpOai09Zo4fA3SKIfWw8oISiPo+Rcwd/3i3gc9","baseKeyType":1,"closed":-1,"used":1755536408495,"created":1755536408495,"remoteIdentityKey":"BS3fS0D6reDbROxJI+5MuZRPaTlVLUaoXL24ecKED24r"},"_chains":{"BSVyvkyQYC00jBuyTeQmZv7eNsObv3ikbQ3O+nz2xU8H":{"chainKey":{"counter":0,"key":"GSyepZ6gFYxzvLBc9BLHywinl5d/cLkZ8A1VILVbWo8="},"chainType":1,"messageKeys":{}}},"pendingPreKey":{"signedKeyId":0,"baseKey":"BeIavFqpOai09Zo4fA3SKIfWw8oISiPo+Rcwd/3i3gc9","preKeyId":7256332}}},"version":"v1"}