{"_sessions":{"BQyhCW6p9Goe7LZhLTgKaX9gx5FG1e9K1AYjryt2OCF4":{"registrationId":235,"currentRatchet":{"ephemeralKeyPair":{"pubKey":"Ba1bv004NGskzlOuFjBj0sombufGLJbekFgG8lbmHtVh","privKey":"KFH5ry3manWDWLSVcfz+3a+CDGxBa72thnCkT2VoZ28="},"lastRemoteEphemeralKey":"BUQMFTM/y33k1Ynuv8WOQs077bqfkleFxiSDYTXVdzEv","previousCounter":0,"rootKey":"oaclyfpiTTE/zL8XlrKtmY/RMiWhWbolD+vAgD2c39I="},"indexInfo":{"baseKey":"BQyhCW6p9Goe7LZhLTgKaX9gx5FG1e9K1AYjryt2OCF4","baseKeyType":1,"closed":-1,"used":1755756878226,"created":1755756878226,"remoteIdentityKey":"BUxKDxp4049cQJXEIOdIXghQc6V5XwYGMZmi4Y4/4t5n"},"_chains":{"Ba1bv004NGskzlOuFjBj0sombufGLJbekFgG8lbmHtVh":{"chainKey":{"counter":49,"key":"34Q/A9hkxJsHgdYLittOkyZLs6L7Hq/mhfTA5i0s9us="},"chainType":1,"messageKeys":{}}},"pendingPreKey":{"signedKeyId":1,"baseKey":"BQyhCW6p9Goe7LZhLTgKaX9gx5FG1e9K1AYjryt2OCF4","preKeyId":26}}},"version":"v1"}