{"_sessions":{"BZjE85jTMz+NapU8qDBAqKBuAJn61Y0O164o7BcKoRFf":{"registrationId":1924248097,"currentRatchet":{"ephemeralKeyPair":{"pubKey":"BfXgt1dWrrsioVt2LBTgRkf8HNEVeZdr+P4QLDUJzwxj","privKey":"MDZL8dxAvAy3aUeqd3EX1FG3UlRD6BXDEjyZO8WBEHc="},"lastRemoteEphemeralKey":"BT4D4XIJMUkRwIiwpfhxugMAs9sr17p5clgcoMbmnHdn","previousCounter":0,"rootKey":"+UyYGHLRD4hD78J3ni4ZnMw7YdT0/M1qpH6Sz+NGrX0="},"indexInfo":{"baseKey":"BZjE85jTMz+NapU8qDBAqKBuAJn61Y0O164o7BcKoRFf","baseKeyType":1,"closed":1755671208903,"used":1755507317485,"created":1755507317485,"remoteIdentityKey":"BX1Daux3GyAv4luwKmJwXYNdEi21xxDVTPrELgdsAMZx"},"_chains":{"BfXgt1dWrrsioVt2LBTgRkf8HNEVeZdr+P4QLDUJzwxj":{"chainKey":{"counter":8,"key":"hDdyEQC392/Z6wtzvhMaMJHvKs4uXNLZ69ratdp1vj0="},"chainType":1,"messageKeys":{}}},"pendingPreKey":{"signedKeyId":12,"baseKey":"BZjE85jTMz+NapU8qDBAqKBuAJn61Y0O164o7BcKoRFf","preKeyId":258532}},"BTM7fD95Fe28Ck2VZ7DM3J9w2hGFVVh5W+x6Xh/BqEND":{"registrationId":478422965,"currentRatchet":{"ephemeralKeyPair":{"pubKey":"BdyfLUSqEmRnF2Mq7DkezQAq0nD/kmj8G0mNBNfvHdZ8","privKey":"uAMldPcFrpxV+IqW7LI1h06IAHFguhpYA+V4DVUT2lM="},"lastRemoteEphemeralKey":"BWYRoZRGv0Qh0hOrtC9OPv7SXeFTOxqKr82y7PnLa0xB","previousCounter":0,"rootKey":"siz8qPENk7H/QSbpVzIjZfqEf3TVuZCJBTR3L3OvjTo="},"indexInfo":{"baseKey":"BTM7fD95Fe28Ck2VZ7DM3J9w2hGFVVh5W+x6Xh/BqEND","baseKeyType":1,"closed":-1,"used":1755671208890,"created":1755671208890,"remoteIdentityKey":"BRfaMi34WBztQ9KCFsX5QSQuXBArrZsGDeEkWFe5X5AR"},"_chains":{"BdyfLUSqEmRnF2Mq7DkezQAq0nD/kmj8G0mNBNfvHdZ8":{"chainKey":{"counter":16,"key":"r54z52nBoPFHS3ORyrqc00CzIqBVEeXnIsfPHwNE85Q="},"chainType":1,"messageKeys":{}}},"pendingPreKey":{"signedKeyId":0,"baseKey":"BTM7fD95Fe28Ck2VZ7DM3J9w2hGFVVh5W+x6Xh/BqEND","preKeyId":16049403}}},"version":"v1"}