{"_sessions":{"BeT1nz+GA81iCULMJxLhD9XJFUf+KkpoTOpMwBbDd0RN":{"registrationId":1855081742,"currentRatchet":{"ephemeralKeyPair":{"pubKey":"BRlQQVw7VcHhThErZ/3GnmOsyrObqHGyQYum9Sz5+Rp0","privKey":"WAFpVeDl9ZYTV4opvgw1g0q4mMg87OVjvF2u8WZfO2M="},"lastRemoteEphemeralKey":"BYQlVis9VIoQxl6wrL75pfAkfLtTQw2ch3++8Pf/5QUh","previousCounter":0,"rootKey":"tXvm5bEPsfX/Jy/Lq1H+9AlbK4VuLIuh8e6QIvamhOE="},"indexInfo":{"baseKey":"BeT1nz+GA81iCULMJxLhD9XJFUf+KkpoTOpMwBbDd0RN","baseKeyType":1,"closed":-1,"used":1756270525222,"created":1756270525222,"remoteIdentityKey":"BSB8WFdrS+XWgrAtG23ErkZHKNS8GL73zfLTmOC5Ty06"},"_chains":{"BRlQQVw7VcHhThErZ/3GnmOsyrObqHGyQYum9Sz5+Rp0":{"chainKey":{"counter":8,"key":"oYnNBwMYVnrnHdks2DJKHgxZ1DgjfdoieHSHry4IgaM="},"chainType":1,"messageKeys":{}}},"pendingPreKey":{"signedKeyId":1,"baseKey":"BeT1nz+GA81iCULMJxLhD9XJFUf+KkpoTOpMwBbDd0RN"}}},"version":"v1"}