{"_sessions":{"BWf38u7SKHcRV7J8yu2ZqSljdbGW99hTrf4RLKzpbt1V":{"registrationId":1189861858,"currentRatchet":{"ephemeralKeyPair":{"pubKey":"BT46njA2PbuAl4mxNUAQRRFHoD1kNo9EnIvMx8jUd44a","privKey":"CKDuYlFU9GiSfH7yGGjp2AZs3WzQyjMGgtwn2/aBLHE="},"lastRemoteEphemeralKey":"BYmdaiZS3UfoTChircva7e2nsWYRee2GyyiV0G0Kv0hP","previousCounter":0,"rootKey":"weV+lPQB7GNYqALVPaElewmcr6cbLulsCMRdgKf0hE4="},"indexInfo":{"baseKey":"BWf38u7SKHcRV7J8yu2ZqSljdbGW99hTrf4RLKzpbt1V","baseKeyType":1,"closed":-1,"used":1755481289125,"created":1755481289125,"remoteIdentityKey":"BcXvDuXMcNo0ZhkH8+ATjiTPTj8UxToWRHw6mQMF3Pgi"},"_chains":{"BT46njA2PbuAl4mxNUAQRRFHoD1kNo9EnIvMx8jUd44a":{"chainKey":{"counter":4,"key":"IsMkBpPN3rtrcYoZXcdz2oSRXMDL6k9W/LCIqKMMNnE="},"chainType":1,"messageKeys":{}}},"pendingPreKey":{"signedKeyId":5,"baseKey":"BWf38u7SKHcRV7J8yu2ZqSljdbGW99hTrf4RLKzpbt1V","preKeyId":10142019}}},"version":"v1"}