{"_sessions":{"BS/NJ4Gu6S7e21EUZWkmkFEcefmTWudgGmOoD63PhPkG":{"registrationId":78361750,"currentRatchet":{"ephemeralKeyPair":{"pubKey":"BR2U7ecOBZsfJjNs+1flbko/238UZpv/l7WdPXR+AF4H","privKey":"4GrY263siFGKnCn+qgvCDFYw6nta+Sk2R41wOSpA50I="},"lastRemoteEphemeralKey":"BfIErSxCk8ZhmRPntY10fUQVfORczimH+dZC6qUM/JJE","previousCounter":0,"rootKey":"+Z+h1ekGFjc4XtsWA6NPK1i4kIg3opTaNkZJgTnoYwc="},"indexInfo":{"baseKey":"BS/NJ4Gu6S7e21EUZWkmkFEcefmTWudgGmOoD63PhPkG","baseKeyType":1,"closed":-1,"used":1756270525597,"created":1756270525597,"remoteIdentityKey":"BfZdhB8BUc7dYLuZlGysw/msKRBegUoKC6HmTvhw8MkT"},"_chains":{"BR2U7ecOBZsfJjNs+1flbko/238UZpv/l7WdPXR+AF4H":{"chainKey":{"counter":8,"key":"/vPlhgzgeJlzLVjmswn70V3ze2XxURtLBCEAxfTB12A="},"chainType":1,"messageKeys":{}}},"pendingPreKey":{"signedKeyId":4,"baseKey":"BS/NJ4Gu6S7e21EUZWkmkFEcefmTWudgGmOoD63PhPkG","preKeyId":6816787}}},"version":"v1"}