{"_sessions":{"BUmVrewaBi5T++7tK4e3JyCQAw3GjOEv5xklLTJVFtc9":{"registrationId":480741311,"currentRatchet":{"ephemeralKeyPair":{"pubKey":"BXhbVZvS+FoT5JfDA8dnnzsQJw/64WGAElnL3KbrWOFt","privKey":"yPyQKc6/IKc55WGlBGMm6xudAgmn6y6+HN68+HzqtE0="},"lastRemoteEphemeralKey":"BYX2gKz3RsgyIb+3TCy30IQn/OIhgUI7g8wRWgR5RJMl","previousCounter":0,"rootKey":"MMFQh8sRRjTEGuTNcov2s25dgOE7ysB6JGKsCiipe6w="},"indexInfo":{"baseKey":"BUmVrewaBi5T++7tK4e3JyCQAw3GjOEv5xklLTJVFtc9","baseKeyType":1,"closed":-1,"used":1756270525489,"created":1756270525489,"remoteIdentityKey":"BeuzngSEalzZMYrKy0inMF4t6962FHHFi+n/J4kbeJ5e"},"_chains":{"BXhbVZvS+FoT5JfDA8dnnzsQJw/64WGAElnL3KbrWOFt":{"chainKey":{"counter":8,"key":"AdebqqQnCeUSSRmJjy4rCMVQqZIhpQWa8vz2ZH1/eFI="},"chainType":1,"messageKeys":{}}},"pendingPreKey":{"signedKeyId":39,"baseKey":"BUmVrewaBi5T++7tK4e3JyCQAw3GjOEv5xklLTJVFtc9","preKeyId":1194505}}},"version":"v1"}