{"_sessions":{"BdWM1yeVtPbdZd+5Z3S8NMhnCjWvg3lAe+pXWey2OC4M":{"registrationId":62798822,"currentRatchet":{"ephemeralKeyPair":{"pubKey":"BSW99qwyQhapUqDaeuupBZhdrNjCgbvQVqV0VkkKOqN7","privKey":"OEVK/gbMGAasI/cFQm4Ijrk1Wf+NQzUOYNrYH1vMF2g="},"lastRemoteEphemeralKey":"Bayb3aTiMTuMABoV6FKbnLKJpVKjhXGeubvU81+Qhfxf","previousCounter":0,"rootKey":"/+90fDmPMZR/y9aS0CSfYbWB+Gv5fT7BswMB6Jsmrug="},"indexInfo":{"baseKey":"BdWM1yeVtPbdZd+5Z3S8NMhnCjWvg3lAe+pXWey2OC4M","baseKeyType":1,"closed":-1,"used":1755492398167,"created":1755492398167,"remoteIdentityKey":"BbIxPn6TBo2toDNRwB6QnM9M9HsdJgs3aIjXHyn3BK89"},"_chains":{"BSW99qwyQhapUqDaeuupBZhdrNjCgbvQVqV0VkkKOqN7":{"chainKey":{"counter":68,"key":"Ppgll/zyedN3WlTCz8P8QUgS3O9vQo1nBLPa8iYhGow="},"chainType":1,"messageKeys":{}}},"pendingPreKey":{"signedKeyId":0,"baseKey":"BdWM1yeVtPbdZd+5Z3S8NMhnCjWvg3lAe+pXWey2OC4M","preKeyId":1912512}}},"version":"v1"}