{"_sessions":{"BR8cDx71kqPIm3NFrM6ld6CmGZQeJ1bgC+Q+VDIZkCcI":{"registrationId":1638792702,"currentRatchet":{"ephemeralKeyPair":{"pubKey":"BQhIXJbndj3pFXfB3loZ0a4xeI9IYp4UlLZ+id1V/UsC","privKey":"kC5fNfqXyIJvphPPu+WhRluZ37BXl8hC7LcmbJv5+3g="},"lastRemoteEphemeralKey":"BYaALrgp88IqXDB97S7Rv+qT45gYAETEgZ8NhzNtK8Ey","previousCounter":0,"rootKey":"K8WI8PH+PvWGzxuoVAoO1RnbPBLYfC4dXvZ2FZLH9FE="},"indexInfo":{"baseKey":"BR8cDx71kqPIm3NFrM6ld6CmGZQeJ1bgC+Q+VDIZkCcI","baseKeyType":1,"closed":-1,"used":1755507317477,"created":1755507317477,"remoteIdentityKey":"Bdym0TtwO+jQvTBrGAptUpYRHAE8M9cI5JyNXZppd2sx"},"_chains":{"BQhIXJbndj3pFXfB3loZ0a4xeI9IYp4UlLZ+id1V/UsC":{"chainKey":{"counter":25,"key":"zGqctgS4SBKETSFpp1nDI86G5jgIgGuBv+GdW1Hnkx0="},"chainType":1,"messageKeys":{}}},"pendingPreKey":{"signedKeyId":2,"baseKey":"BR8cDx71kqPIm3NFrM6ld6CmGZQeJ1bgC+Q+VDIZkCcI","preKeyId":6386006}}},"version":"v1"}