{"_sessions":{"Bbn+zwp2qKvVxigwEBNgkkekkMFP9NaiGvDjotvc8exn":{"registrationId":750460202,"currentRatchet":{"ephemeralKeyPair":{"pubKey":"BV7QVv3XV6V1ZHUnIuWqmSdBClWE5LA2D3kEqDVOJy8x","privKey":"WCF0bSOqL607ZO2+6pk3VgoOuDYw+UPnxn3yv0rSH1M="},"lastRemoteEphemeralKey":"BaP+MPvf4llnw4ugvnwq5GHxWf5/2vzUFxTxxqMCirEx","previousCounter":0,"rootKey":"P/BzYcS9Tlut8IftQVtiisYcSDiyTHX4FlD1TFA60RQ="},"indexInfo":{"baseKey":"Bbn+zwp2qKvVxigwEBNgkkekkMFP9NaiGvDjotvc8exn","baseKeyType":1,"closed":-1,"used":1755492398150,"created":1755492398150,"remoteIdentityKey":"Ba/pJD0/4t3Siusqhm67bUQoTfls2Q2NgBkUt7xgvmlp"},"_chains":{"BV7QVv3XV6V1ZHUnIuWqmSdBClWE5LA2D3kEqDVOJy8x":{"chainKey":{"counter":68,"key":"3i3JMZE4Mxlg3+TwFetsTpIrduCIOmBwZToAPF956so="},"chainType":1,"messageKeys":{}}},"pendingPreKey":{"signedKeyId":15,"baseKey":"Bbn+zwp2qKvVxigwEBNgkkekkMFP9NaiGvDjotvc8exn","preKeyId":15424801}}},"version":"v1"}