{"_sessions":{"BbXC35OLL5TqyyO3H5UILOkDJSqSt0afbVHqoFDMesQh":{"registrationId":169,"currentRatchet":{"ephemeralKeyPair":{"pubKey":"BSd2wj5huD9H9NmCqqo0HeBalA/9zyEsDemogAAQNBkB","privKey":"CD1zi2OrpJrgPFoJehYtDvLfAGniwK2vOJNV+6+c02k="},"lastRemoteEphemeralKey":"BRI+OhRSBEncbNnT71H7+EkgLaIuX84dnL2e+jaRSzIw","previousCounter":0,"rootKey":"8GuNXbCP1fhzRbxyTOcZbM836sWdwCmBa0cqLSELrLs="},"indexInfo":{"baseKey":"BbXC35OLL5TqyyO3H5UILOkDJSqSt0afbVHqoFDMesQh","baseKeyType":1,"closed":1755532797661,"used":1755507316981,"created":1755507316981,"remoteIdentityKey":"BbrrZXpgS+a8kSmhLWARGyUCSxpMI5FrLwIQIqmMah98"},"_chains":{"BSd2wj5huD9H9NmCqqo0HeBalA/9zyEsDemogAAQNBkB":{"chainKey":{"counter":1,"key":"sUEpGMXrlnGXfba6ZuMfA8oTWHi+l8B1jEx54/De3Mc="},"chainType":1,"messageKeys":{}}},"pendingPreKey":{"signedKeyId":1,"baseKey":"BbXC35OLL5TqyyO3H5UILOkDJSqSt0afbVHqoFDMesQh"}},"BTig2BWalqm+KUODa1GAQOLx4xfmPdRBZ71S0DS28hky":{"registrationId":169,"currentRatchet":{"ephemeralKeyPair":{"pubKey":"BW//KI0EAKG6v5Kgt499wwbpS+LnXEyvfKq1WDV9d/UV","privKey":"mEDuHI6Eh7ao9w/KajI9olVjgi8231biOwYDZD13ZHo="},"lastRemoteEphemeralKey":"BRI+OhRSBEncbNnT71H7+EkgLaIuX84dnL2e+jaRSzIw","previousCounter":0,"rootKey":"1AQMgkPoKUgzNJHNnpYyoVmkxxCfNx+UcGMwxrQw3hY="},"indexInfo":{"baseKey":"BTig2BWalqm+KUODa1GAQOLx4xfmPdRBZ71S0DS28hky","baseKeyType":1,"closed":1755532802968,"used":1755532797659,"created":1755532797659,"remoteIdentityKey":"BbrrZXpgS+a8kSmhLWARGyUCSxpMI5FrLwIQIqmMah98"},"_chains":{"BW//KI0EAKG6v5Kgt499wwbpS+LnXEyvfKq1WDV9d/UV":{"chainKey":{"counter":-1,"key":"xRA/iIjqX6ruSoRt0zcU5G/nMKMDq9WeSA+6j0mw9D4="},"chainType":1,"messageKeys":{}}},"pendingPreKey":{"signedKeyId":1,"baseKey":"BTig2BWalqm+KUODa1GAQOLx4xfmPdRBZ71S0DS28hky","preKeyId":1431}},"BYvPL2FSj40ltTQaup6BOKscvHQ0LNBjXd0PqXyWiKBJ":{"registrationId":169,"currentRatchet":{"ephemeralKeyPair":{"pubKey":"BT8sd93zePENwKIqqZiTDYEunFvTJNDw2pDfSy0GmTJJ","privKey":"AMk+NKLu7mKPG22vMFbYWt+OvZWPNJeY5NugSC/Filg="},"lastRemoteEphemeralKey":"BRI+OhRSBEncbNnT71H7+EkgLaIuX84dnL2e+jaRSzIw","previousCounter":0,"rootKey":"KDYPoL4aCHvfLFRcSLYW919eKf1xquhEYADGeRo1HUs="},"indexInfo":{"baseKey":"BYvPL2FSj40ltTQaup6BOKscvHQ0LNBjXd0PqXyWiKBJ","baseKeyType":1,"closed":1755532808215,"used":1755532802951,"created":1755532802951,"remoteIdentityKey":"BbrrZXpgS+a8kSmhLWARGyUCSxpMI5FrLwIQIqmMah98"},"_chains":{"BT8sd93zePENwKIqqZiTDYEunFvTJNDw2pDfSy0GmTJJ":{"chainKey":{"counter":-1,"key":"KSHpHPKIF93t7yg4THvwGhpYYG8O8aCet3lFYP/CI3Q="},"chainType":1,"messageKeys":{}}},"pendingPreKey":{"signedKeyId":1,"baseKey":"BYvPL2FSj40ltTQaup6BOKscvHQ0LNBjXd0PqXyWiKBJ","preKeyId":1415}},"BWbcSV2uzXvODSc1HMN9xgsDfnGknXT3VKmemue+EKJm":{"registrationId":169,"currentRatchet":{"ephemeralKeyPair":{"pubKey":"BUPTCpaZorYl26fl2N9xYfKFEsuyZ9nxLRzTnMwxt2Ek","privKey":"SAzkxnN+T2lJXcpk7+TjxJFYvgAZnvkC5JN1c3Y5vF0="},"lastRemoteEphemeralKey":"BRI+OhRSBEncbNnT71H7+EkgLaIuX84dnL2e+jaRSzIw","previousCounter":0,"rootKey":"O9X/x7O3qKi0PLzQTE7+xjYlvDDkF6zR3x3zJnJp26s="},"indexInfo":{"baseKey":"BWbcSV2uzXvODSc1HMN9xgsDfnGknXT3VKmemue+EKJm","baseKeyType":1,"closed":1755582796693,"used":1755532808213,"created":1755532808213,"remoteIdentityKey":"BbrrZXpgS+a8kSmhLWARGyUCSxpMI5FrLwIQIqmMah98"},"_chains":{"BUPTCpaZorYl26fl2N9xYfKFEsuyZ9nxLRzTnMwxt2Ek":{"chainKey":{"counter":1,"key":"UlfenNfuvpnlIdWbhSfOLScH+sv57xf6CNtI1ghk418="},"chainType":1,"messageKeys":{}}},"pendingPreKey":{"signedKeyId":1,"baseKey":"BWbcSV2uzXvODSc1HMN9xgsDfnGknXT3VKmemue+EKJm","preKeyId":1411}},"BUHv1VLstqefvyY83Y5Yqd6cji3bXs86ckq64DiozKwT":{"registrationId":169,"currentRatchet":{"ephemeralKeyPair":{"pubKey":"BT22nYmkiC5B9kVdij/RJOyCvTk0eGbwL+XUzKM1T5kB","privKey":"cH6G57nt3oDx3p9kOTTJYWSbKm+tMUVVxN1w9jy4Jnc="},"lastRemoteEphemeralKey":"BRI+OhRSBEncbNnT71H7+EkgLaIuX84dnL2e+jaRSzIw","previousCounter":0,"rootKey":"y0LiI9yWwZqVOJU3bArN+12guL0AbQpia6Jahv0Cy90="},"indexInfo":{"baseKey":"BUHv1VLstqefvyY83Y5Yqd6cji3bXs86ckq64DiozKwT","baseKeyType":1,"closed":1755603785003,"used":1755582796680,"created":1755582796680,"remoteIdentityKey":"BbrrZXpgS+a8kSmhLWARGyUCSxpMI5FrLwIQIqmMah98"},"_chains":{"BT22nYmkiC5B9kVdij/RJOyCvTk0eGbwL+XUzKM1T5kB":{"chainKey":{"counter":0,"key":"EBhuaMSFlVKAlJBipUzZHifqfgNjfwm0NFUsgeZwdCc="},"chainType":1,"messageKeys":{}}},"pendingPreKey":{"signedKeyId":1,"baseKey":"BUHv1VLstqefvyY83Y5Yqd6cji3bXs86ckq64DiozKwT"}},"BQ1gcsf0otSzfjlXLfq+t+/z/XumTOYiG67aQexsIpds":{"registrationId":169,"currentRatchet":{"ephemeralKeyPair":{"pubKey":"BQJKNSQ68ZNh+5SRbQhJ3XOzH3zehYTotpl5+LTGxE8j","privKey":"gCOKa1oV0HyTApfkQ2zvGblSqUAhdyaWHhL9Irp781g="},"lastRemoteEphemeralKey":"BXeiIWjkna3FW/wX9c0G0gMvZ48qG4hcZnLN5Bg7gAYr","previousCounter":3,"rootKey":"KfTlNoyvsFXAAvRrWfbtjdZemsYkN2jRNqWh51TEJPc="},"indexInfo":{"baseKey":"BQ1gcsf0otSzfjlXLfq+t+/z/XumTOYiG67aQexsIpds","baseKeyType":2,"closed":1755643758534,"used":1755603867805,"created":1755603785007,"remoteIdentityKey":"BbrrZXpgS+a8kSmhLWARGyUCSxpMI5FrLwIQIqmMah98"},"_chains":{"BQ82feeZh+4bEqsW395jfIa/Om9UH3E8KOlTHiZ2dSoR":{"chainKey":{"counter":0},"chainType":2,"messageKeys":{}},"BTq+m6/HWP9tK40gMqtGrgAhYSZHL2pmpacqQth8TT9T":{"chainKey":{"counter":5},"chainType":2,"messageKeys":{"0":"JZf246MuYPLCmzVQoqq6WpKoFA/D43Ahi0NFt7IioFc=","2":"HVChTF0LBSimZtIAcChcsxYu16k/6hWyLi5f/9+AYHE=","4":"tGk7BqDsJfX3UBavfMOLP/O1uZEbgeQE2NaTgsIpHWE="}},"BTLGYtatcGeQFZ8k+iRlc1Bmxf3+SZikVtiN87d9h1Ag":{"chainKey":{"counter":1},"chainType":2,"messageKeys":{"0":"36h7bcBEGf5du1vH3c+GlDDqA8omlVpoBUyLgaDEIIo="}},"BXeiIWjkna3FW/wX9c0G0gMvZ48qG4hcZnLN5Bg7gAYr":{"chainKey":{"counter":1,"key":"s5rcJvrvFpnqlgYMdu5NTGm48y5xUcJWL4JIe5E0XzI="},"chainType":2,"messageKeys":{"0":"YK2R/Bvd+bM3jx2fMrd5jWpLW7UJp1kgWKR2CwdpxXM="}},"BQJKNSQ68ZNh+5SRbQhJ3XOzH3zehYTotpl5+LTGxE8j":{"chainKey":{"counter":3,"key":"JCa3xyqmaXnaHKX0aVBLKQAGGauQxD6UEcDFrmgYrTo="},"chainType":1,"messageKeys":{}}}},"BR911iwygVGMXzWrLwGaxpM3ldQEltwJlC/8QoP7iKZO":{"registrationId":169,"currentRatchet":{"ephemeralKeyPair":{"pubKey":"BQiKxuGj7zWtFHVanI3W/1v9iwPSGHVOMJWWVcuHnUpj","privKey":"6KiZkJPkQtNd6QBpNtf49GVqj3QJWpKkz5ltMmjMJ3o="},"lastRemoteEphemeralKey":"BRI+OhRSBEncbNnT71H7+EkgLaIuX84dnL2e+jaRSzIw","previousCounter":0,"rootKey":"Lut+Ia/lRWb8tA1UX8WTAsUTNTTspIFcsCRbDwYbNX8="},"indexInfo":{"baseKey":"BR911iwygVGMXzWrLwGaxpM3ldQEltwJlC/8QoP7iKZO","baseKeyType":1,"closed":1755648773588,"used":1755643758532,"created":1755643758532,"remoteIdentityKey":"BbrrZXpgS+a8kSmhLWARGyUCSxpMI5FrLwIQIqmMah98"},"_chains":{"BQiKxuGj7zWtFHVanI3W/1v9iwPSGHVOMJWWVcuHnUpj":{"chainKey":{"counter":0,"key":"5QtX6ALt5yCGy7aNhFokGbR4HQyvvJONUsnrytgiI6E="},"chainType":1,"messageKeys":{}}},"pendingPreKey":{"signedKeyId":1,"baseKey":"BR911iwygVGMXzWrLwGaxpM3ldQEltwJlC/8QoP7iKZO","preKeyId":1586}},"BXrlg53rW+yu+hGwKNDSEjeKu6PGne47AlQEkDltSJde":{"registrationId":169,"currentRatchet":{"ephemeralKeyPair":{"pubKey":"Bad/NITVEUFTfh3jGOb1DJuu5DMkt+LYYg86hrRkZr8F","privKey":"CC1o4UgUBM61GTuvBtMWSUi7BMzdHvN89yf0Alfudn8="},"lastRemoteEphemeralKey":"BRI+OhRSBEncbNnT71H7+EkgLaIuX84dnL2e+jaRSzIw","previousCounter":0,"rootKey":"Bx39ZY2F0FOx5sfa06mrjqHx4yo94DhsetOyZNXs950="},"indexInfo":{"baseKey":"BXrlg53rW+yu+hGwKNDSEjeKu6PGne47AlQEkDltSJde","baseKeyType":1,"closed":1755671213707,"used":1755648773586,"created":1755648773586,"remoteIdentityKey":"BbrrZXpgS+a8kSmhLWARGyUCSxpMI5FrLwIQIqmMah98"},"_chains":{"Bad/NITVEUFTfh3jGOb1DJuu5DMkt+LYYg86hrRkZr8F":{"chainKey":{"counter":0,"key":"+D7iKcTko0LLD0H/LjlBHjmpEBi2XsFNP6137GGOShk="},"chainType":1,"messageKeys":{}}},"pendingPreKey":{"signedKeyId":1,"baseKey":"BXrlg53rW+yu+hGwKNDSEjeKu6PGne47AlQEkDltSJde"}},"BZV9jVLAEVDxEjkg4mARdKlLikYBX5WXGnSwhK1MKPk7":{"registrationId":169,"currentRatchet":{"ephemeralKeyPair":{"pubKey":"BVM2YoRnNPNMvaF1yy3TDZj3slArGalIs1UBa8X+MD5o","privKey":"MPt/17YGkOrCqB6/0pHSbrwGveBdOSzR+SGTK5WGInE="},"lastRemoteEphemeralKey":"BRI+OhRSBEncbNnT71H7+EkgLaIuX84dnL2e+jaRSzIw","previousCounter":0,"rootKey":"//BfLNRLQHjjfriQAyFInvYtTfhduyEB34NI8rRLywQ="},"indexInfo":{"baseKey":"BZV9jVLAEVDxEjkg4mARdKlLikYBX5WXGnSwhK1MKPk7","baseKeyType":1,"closed":1755795618464,"used":1755671213702,"created":1755671213702,"remoteIdentityKey":"BbrrZXpgS+a8kSmhLWARGyUCSxpMI5FrLwIQIqmMah98"},"_chains":{"BVM2YoRnNPNMvaF1yy3TDZj3slArGalIs1UBa8X+MD5o":{"chainKey":{"counter":3,"key":"X0wtClLFyPqhArnwkWcbnuXGLM1d0ltFDIoR5Qp6ccM="},"chainType":1,"messageKeys":{}}},"pendingPreKey":{"signedKeyId":1,"baseKey":"BZV9jVLAEVDxEjkg4mARdKlLikYBX5WXGnSwhK1MKPk7"}},"BeNZ8VFJjlnHoucFi81BqV7q6Tr5ROXB2oYnrdQR1pVH":{"registrationId":169,"currentRatchet":{"ephemeralKeyPair":{"pubKey":"BdQPf4ODLq0ofTiW6XktTCXnvIg8IWZrTPGmfCcUS3Q4","privKey":"WD7kpH53InpoLFr6kHtZhcFFeT+/OOqEC3UA9KTpIk8="},"lastRemoteEphemeralKey":"BRI+OhRSBEncbNnT71H7+EkgLaIuX84dnL2e+jaRSzIw","previousCounter":0,"rootKey":"I2P7LtTuIGQ/C1n6VpGi9tmRNM6iaSxIsHcwlTolD+U="},"indexInfo":{"baseKey":"BeNZ8VFJjlnHoucFi81BqV7q6Tr5ROXB2oYnrdQR1pVH","baseKeyType":1,"closed":1755838985167,"used":1755795618461,"created":1755795618461,"remoteIdentityKey":"BbrrZXpgS+a8kSmhLWARGyUCSxpMI5FrLwIQIqmMah98"},"_chains":{"BdQPf4ODLq0ofTiW6XktTCXnvIg8IWZrTPGmfCcUS3Q4":{"chainKey":{"counter":0,"key":"g7oCjFpyGe70rb80iyub0yZKcCUYDCxN85x+cLQ+wVk="},"chainType":1,"messageKeys":{}}},"pendingPreKey":{"signedKeyId":1,"baseKey":"BeNZ8VFJjlnHoucFi81BqV7q6Tr5ROXB2oYnrdQR1pVH"}},"BXPdSF4gbXtanknaPVVwgYIsheLJ4T49rz+aG8KkvjtR":{"registrationId":169,"currentRatchet":{"ephemeralKeyPair":{"pubKey":"BWQDGH6GDnLQWzZzIae4AUY75g1gXHaHT1J1gjhQjTlz","privKey":"0PtCRZmznyj/pwgduOMiMYC01PAT4y0FPWQZVjf02Us="},"lastRemoteEphemeralKey":"BRI+OhRSBEncbNnT71H7+EkgLaIuX84dnL2e+jaRSzIw","previousCounter":0,"rootKey":"oy8mYKKU0NcoxK08Gjnt6iyvoA08o7mTKjv5TyvzwMY="},"indexInfo":{"baseKey":"BXPdSF4gbXtanknaPVVwgYIsheLJ4T49rz+aG8KkvjtR","baseKeyType":1,"closed":1755882019935,"used":1755838985164,"created":1755838985164,"remoteIdentityKey":"BbrrZXpgS+a8kSmhLWARGyUCSxpMI5FrLwIQIqmMah98"},"_chains":{"BWQDGH6GDnLQWzZzIae4AUY75g1gXHaHT1J1gjhQjTlz":{"chainKey":{"counter":1,"key":"8Sz9QLcx0XI7/t3yWBdIq7s1Z84M7jRkve4rZxlIgsY="},"chainType":1,"messageKeys":{}}},"pendingPreKey":{"signedKeyId":1,"baseKey":"BXPdSF4gbXtanknaPVVwgYIsheLJ4T49rz+aG8KkvjtR"}},"BUE/dw/jqnCNrmu7NY003GyXQr/tHhXM8CoBnQjpGskO":{"registrationId":169,"currentRatchet":{"ephemeralKeyPair":{"pubKey":"BWTQo8Avm+W9Vv0ELdJX7MrDMXms3UTKoUbDKLBmYrYa","privKey":"kAVyx6C4ohkPv8ZbzesRmJWIlk7dMMPKwfJGLFFdPVw="},"lastRemoteEphemeralKey":"BRI+OhRSBEncbNnT71H7+EkgLaIuX84dnL2e+jaRSzIw","previousCounter":0,"rootKey":"GJKXaA130yvC0rF04Ei8Od0MsHVJcuRpEYs2aeDEpoA="},"indexInfo":{"baseKey":"BUE/dw/jqnCNrmu7NY003GyXQr/tHhXM8CoBnQjpGskO","baseKeyType":1,"closed":1755940501342,"used":1755882019933,"created":1755882019933,"remoteIdentityKey":"BbrrZXpgS+a8kSmhLWARGyUCSxpMI5FrLwIQIqmMah98"},"_chains":{"BWTQo8Avm+W9Vv0ELdJX7MrDMXms3UTKoUbDKLBmYrYa":{"chainKey":{"counter":0,"key":"e1JUPHojXWL5z0SGiaXWcO4FBBiIsXu6Z3nLBYhvtpM="},"chainType":1,"messageKeys":{}}},"pendingPreKey":{"signedKeyId":1,"baseKey":"BUE/dw/jqnCNrmu7NY003GyXQr/tHhXM8CoBnQjpGskO"}},"BQc79k89ScsbPKnfoCwwdTbNPHaZR89TJFwQ1PNZkNkl":{"registrationId":169,"currentRatchet":{"ephemeralKeyPair":{"pubKey":"BXNcO5yJ5RVA68lDP60cbfFQvbc6/FOy1ae48+FILrA8","privKey":"+D6Q888769eb7jH3y6RER9SOp23CKPN6gR5FKGXIjlE="},"lastRemoteEphemeralKey":"BRI+OhRSBEncbNnT71H7+EkgLaIuX84dnL2e+jaRSzIw","previousCounter":0,"rootKey":"L7W36O7aCNoBNvDp/CONqdGGgLoRtVPObItenZVZxIE="},"indexInfo":{"baseKey":"BQc79k89ScsbPKnfoCwwdTbNPHaZR89TJFwQ1PNZkNkl","baseKeyType":1,"closed":1755940506599,"used":1755940501338,"created":1755940501338,"remoteIdentityKey":"BbrrZXpgS+a8kSmhLWARGyUCSxpMI5FrLwIQIqmMah98"},"_chains":{"BXNcO5yJ5RVA68lDP60cbfFQvbc6/FOy1ae48+FILrA8":{"chainKey":{"counter":-1,"key":"BRLQwhch5rcDX43UoJi0a8Xj+z1b3X31RcVIMfrrvYE="},"chainType":1,"messageKeys":{}}},"pendingPreKey":{"signedKeyId":1,"baseKey":"BQc79k89ScsbPKnfoCwwdTbNPHaZR89TJFwQ1PNZkNkl"}},"BYZAnf6L14fvl4e2r2q92yg6aPckV6ytGcBo1XpFn1Zx":{"registrationId":169,"currentRatchet":{"ephemeralKeyPair":{"pubKey":"BeSw/4bRAKTC5gjDMF2T8liFSPAsOlI8zGlbB2SCDkNk","privKey":"AHl8Ta1Kv1fwNJPqpAezYB4nv1cvCM84fc5cSuwH+3A="},"lastRemoteEphemeralKey":"BRI+OhRSBEncbNnT71H7+EkgLaIuX84dnL2e+jaRSzIw","previousCounter":0,"rootKey":"SlIeq61OoB8f0JUGaL59GoZ/otqn0+VrdB8/o15HuPc="},"indexInfo":{"baseKey":"BYZAnf6L14fvl4e2r2q92yg6aPckV6ytGcBo1XpFn1Zx","baseKeyType":1,"closed":1755968420508,"used":1755940506596,"created":1755940506596,"remoteIdentityKey":"BbrrZXpgS+a8kSmhLWARGyUCSxpMI5FrLwIQIqmMah98"},"_chains":{"BeSw/4bRAKTC5gjDMF2T8liFSPAsOlI8zGlbB2SCDkNk":{"chainKey":{"counter":0,"key":"l7CtkOI9OrgMGtXRwanVe2UPqmyasWXZJnwOlP/fuZU="},"chainType":1,"messageKeys":{}}},"pendingPreKey":{"signedKeyId":1,"baseKey":"BYZAnf6L14fvl4e2r2q92yg6aPckV6ytGcBo1XpFn1Zx"}},"Be5uJvGhqsJMAz4v3/6WxOb17cHWsPtPpdbSCfMJXddK":{"registrationId":169,"currentRatchet":{"ephemeralKeyPair":{"pubKey":"Bf0+WIfurDcwrqEY1WoQjkOaTEhMelN6BwXq37WWpNpM","privKey":"UIcYK/f7dIFniCKVpqnVHOzHq9b2JNKSRMDV7uTGgmw="},"lastRemoteEphemeralKey":"BRI+OhRSBEncbNnT71H7+EkgLaIuX84dnL2e+jaRSzIw","previousCounter":0,"rootKey":"8+pcg2fvQ5w7QIRVVTtJwy1f0iUohsjzxGKjPLb8i5M="},"indexInfo":{"baseKey":"Be5uJvGhqsJMAz4v3/6WxOb17cHWsPtPpdbSCfMJXddK","baseKeyType":1,"closed":1756109506703,"used":1755968420504,"created":1755968420504,"remoteIdentityKey":"BbrrZXpgS+a8kSmhLWARGyUCSxpMI5FrLwIQIqmMah98"},"_chains":{"Bf0+WIfurDcwrqEY1WoQjkOaTEhMelN6BwXq37WWpNpM":{"chainKey":{"counter":1,"key":"zwTuWRJE8wxXmCZ98ov8mXJTmW3vcJ9WpML8btvkZPs="},"chainType":1,"messageKeys":{}}},"pendingPreKey":{"signedKeyId":1,"baseKey":"Be5uJvGhqsJMAz4v3/6WxOb17cHWsPtPpdbSCfMJXddK"}},"BXqKWj8X0KDnbfyEacZEW1rTsl/1KTUxhhyjW4MO8nR1":{"registrationId":169,"currentRatchet":{"ephemeralKeyPair":{"pubKey":"BXQqMZXDwFfN+HE3eN3BmCxtL+6SfkroAJpnrYCOqhdz","privKey":"CGSoRrmtLL+Jl6JTqQ8KgO1mG0lIsVlaXneBcqIXb0w="},"lastRemoteEphemeralKey":"BRI+OhRSBEncbNnT71H7+EkgLaIuX84dnL2e+jaRSzIw","previousCounter":0,"rootKey":"QF31loM/TE9fUCO8V/zl+tTSFwVcP79TseQw6poIiGs="},"indexInfo":{"baseKey":"BXqKWj8X0KDnbfyEacZEW1rTsl/1KTUxhhyjW4MO8nR1","baseKeyType":1,"closed":1756227620413,"used":1756109506699,"created":1756109506699,"remoteIdentityKey":"BbrrZXpgS+a8kSmhLWARGyUCSxpMI5FrLwIQIqmMah98"},"_chains":{"BXQqMZXDwFfN+HE3eN3BmCxtL+6SfkroAJpnrYCOqhdz":{"chainKey":{"counter":0,"key":"Jh3u2JuUAdRy26RXg8SC6d/YCRq+BUNRVX5TKBbccYk="},"chainType":1,"messageKeys":{}}},"pendingPreKey":{"signedKeyId":1,"baseKey":"BXqKWj8X0KDnbfyEacZEW1rTsl/1KTUxhhyjW4MO8nR1"}},"BWQ/U6uo4WpWC+HjN6O0hBsnRUAUtx+VZ3JOM6cAcltO":{"registrationId":169,"currentRatchet":{"ephemeralKeyPair":{"pubKey":"BXBWAnzL7KLOh7M2kGaJJVslb7oxamRWHx4U1lwnTIA/","privKey":"WOAzqQ/nEuODpLF9J0wtGapfIXtbhXN6F4h+Bflhin8="},"lastRemoteEphemeralKey":"BRI+OhRSBEncbNnT71H7+EkgLaIuX84dnL2e+jaRSzIw","previousCounter":0,"rootKey":"GnMeLbONk7/T1LbkJZXKzPMbQndCTZNDkvLV/+O2JKg="},"indexInfo":{"baseKey":"BWQ/U6uo4WpWC+HjN6O0hBsnRUAUtx+VZ3JOM6cAcltO","baseKeyType":1,"closed":1756311064363,"used":1756227620409,"created":1756227620409,"remoteIdentityKey":"BbrrZXpgS+a8kSmhLWARGyUCSxpMI5FrLwIQIqmMah98"},"_chains":{"BXBWAnzL7KLOh7M2kGaJJVslb7oxamRWHx4U1lwnTIA/":{"chainKey":{"counter":-1,"key":"cjDJmRiCcXshFProBuOfjzOr93Hsq9POcEeYafb28XM="},"chainType":1,"messageKeys":{}}},"pendingPreKey":{"signedKeyId":1,"baseKey":"BWQ/U6uo4WpWC+HjN6O0hBsnRUAUtx+VZ3JOM6cAcltO"}},"BdeN1R5CL3il+sC1kIpwY/ZpZlDI0Auhh1yitbJzbkEp":{"registrationId":169,"currentRatchet":{"ephemeralKeyPair":{"pubKey":"BSRmeqZINTidfRf1M6IRcStUJssAeAKDOfHYiFH4G/92","privKey":"0EfjV4bSgKNrkw4k5Lbi6DdKZ9rRqvyLxX18LCOHFmM="},"lastRemoteEphemeralKey":"BbGKUurijgmAh5L1SMCKyFwDvXJ+03zytYbQO1S5NMcV","previousCounter":0,"rootKey":"MMeLKDspxLW0l9ngXy8uG6VduVeqyJSOVptmBeM82LE="},"indexInfo":{"baseKey":"BdeN1R5CL3il+sC1kIpwY/ZpZlDI0Auhh1yitbJzbkEp","baseKeyType":2,"closed":1756345599393,"used":1756311064367,"created":1756311064367,"remoteIdentityKey":"BbrrZXpgS+a8kSmhLWARGyUCSxpMI5FrLwIQIqmMah98"},"_chains":{"BbGKUurijgmAh5L1SMCKyFwDvXJ+03zytYbQO1S5NMcV":{"chainKey":{"counter":0,"key":"Ae3vU/QB/oUZRtKBMcK00hG3lLgbSqQ868XpGGSv0NU="},"chainType":2,"messageKeys":{}},"BSRmeqZINTidfRf1M6IRcStUJssAeAKDOfHYiFH4G/92":{"chainKey":{"counter":0,"key":"f6/8gkfAnZBxTZitD9CmOdevBN3oS7pxVmdxB/MtuZ4="},"chainType":1,"messageKeys":{}}}},"BakQTnTz6Ip6wiNTF7xgPvMgwDivsf4ZWw1vQWPnssEV":{"registrationId":169,"currentRatchet":{"ephemeralKeyPair":{"pubKey":"Bdpas9qGtcTMYEIdcilq7X3boeWO4o0L7kewFoGz1CFo","privKey":"UH0z8EIFrKY/RD47yxUmAwyDDA+jOzE01/ydYOoA20c="},"lastRemoteEphemeralKey":"BRI+OhRSBEncbNnT71H7+EkgLaIuX84dnL2e+jaRSzIw","previousCounter":0,"rootKey":"B2ImBSfrYW/4Qupx2Zro78NZE68MEH3V+2yTgcF1Phg="},"indexInfo":{"baseKey":"BakQTnTz6Ip6wiNTF7xgPvMgwDivsf4ZWw1vQWPnssEV","baseKeyType":1,"closed":1756381283667,"used":1756345599390,"created":1756345599390,"remoteIdentityKey":"BbrrZXpgS+a8kSmhLWARGyUCSxpMI5FrLwIQIqmMah98"},"_chains":{"Bdpas9qGtcTMYEIdcilq7X3boeWO4o0L7kewFoGz1CFo":{"chainKey":{"counter":0,"key":"M2nLOBDQWklAbLAkZ5Eigc2kjH3KM56LiU+jRXD8bpQ="},"chainType":1,"messageKeys":{}}},"pendingPreKey":{"signedKeyId":1,"baseKey":"BakQTnTz6Ip6wiNTF7xgPvMgwDivsf4ZWw1vQWPnssEV"}},"BdbFOr6qflg8j1G9ZEh559do/VOxqYwCaCKAD2NiZJpY":{"registrationId":169,"currentRatchet":{"ephemeralKeyPair":{"pubKey":"Bd8Z36qsjdeQJTzZWXlaL/l4NW2zfMx4ujLb9kqR3stH","privKey":"4C4EW72zbK92x+jhOfrF3cNZcaWl41f/xzl5Pvlsj1Y="},"lastRemoteEphemeralKey":"BRI+OhRSBEncbNnT71H7+EkgLaIuX84dnL2e+jaRSzIw","previousCounter":0,"rootKey":"qwSAy3z4HVO0S7M2C+tLkicwl4WI6KFHM+avrI8LxmY="},"indexInfo":{"baseKey":"BdbFOr6qflg8j1G9ZEh559do/VOxqYwCaCKAD2NiZJpY","baseKeyType":1,"closed":1756381294176,"used":1756381283664,"created":1756381283664,"remoteIdentityKey":"BbrrZXpgS+a8kSmhLWARGyUCSxpMI5FrLwIQIqmMah98"},"_chains":{"Bd8Z36qsjdeQJTzZWXlaL/l4NW2zfMx4ujLb9kqR3stH":{"chainKey":{"counter":-1,"key":"ibd3IIPVTKcFimA8uMhr4V2B+q8RsAe8fjmhw+wkaKQ="},"chainType":1,"messageKeys":{}}},"pendingPreKey":{"signedKeyId":1,"baseKey":"BdbFOr6qflg8j1G9ZEh559do/VOxqYwCaCKAD2NiZJpY"}},"BQXdgAnkpMmexsZzWr42rxxF//FYfeRNQojrLtzWqThz":{"registrationId":169,"currentRatchet":{"ephemeralKeyPair":{"pubKey":"BXH0Gae7gMdYa1lsfSLT7zwbeFCpLrv6j1X9d6Ci+MwP","privKey":"ALYF+aERh8cjE5NOtbXoDZlj+V8ZlCnF34/SZgUk4Xg="},"lastRemoteEphemeralKey":"BRI+OhRSBEncbNnT71H7+EkgLaIuX84dnL2e+jaRSzIw","previousCounter":0,"rootKey":"wySNcUsKWKW/sWbl7xyAowTMUfjcgwKCvYfIBafjNKo="},"indexInfo":{"baseKey":"BQXdgAnkpMmexsZzWr42rxxF//FYfeRNQojrLtzWqThz","baseKeyType":1,"closed":-1,"used":1756381294174,"created":1756381294174,"remoteIdentityKey":"BbrrZXpgS+a8kSmhLWARGyUCSxpMI5FrLwIQIqmMah98"},"_chains":{"BXH0Gae7gMdYa1lsfSLT7zwbeFCpLrv6j1X9d6Ci+MwP":{"chainKey":{"counter":2,"key":"uL8gnu/OJVdCBjONfqIXkG4QkqjfxwtRrbmunRQ5S18="},"chainType":1,"messageKeys":{}}},"pendingPreKey":{"signedKeyId":1,"baseKey":"BQXdgAnkpMmexsZzWr42rxxF//FYfeRNQojrLtzWqThz"}}},"version":"v1"}