{"_sessions":{"BZHa2Y3o/byMrCHW7qzh1wH9Hi7Wfi00YbVW2f+m1JcK":{"registrationId":706259843,"currentRatchet":{"ephemeralKeyPair":{"pubKey":"BULmtjekQsfDya93dq0595aJ1hs+v0fLZP4dp1ueUtQS","privKey":"sLtfh2Rs/xggM3SYBX8iSg5UfmAg0MJeOKlCuUnFiWs="},"lastRemoteEphemeralKey":"Bcvy6JiKuBj1QDy4FLzl9Pogte1NahLz7oFXn1YwfJsb","previousCounter":0,"rootKey":"Mk5vph8avHNpuN/S/cPRqYvKAjnoYjCfbBeAK9zM3lI="},"indexInfo":{"baseKey":"BZHa2Y3o/byMrCHW7qzh1wH9Hi7Wfi00YbVW2f+m1JcK","baseKeyType":1,"closed":1756550347184,"used":1755492398025,"created":1755492398025,"remoteIdentityKey":"BXYNXfg2KV1RiwLnNxCdzrFnYJZnktaoCnRY2Nx82qAx"},"_chains":{"BULmtjekQsfDya93dq0595aJ1hs+v0fLZP4dp1ueUtQS":{"chainKey":{"counter":67,"key":"7qQaU1QT2GJjwp5zicQ1pHm7Y8yqChfYSK37mC0qJYw="},"chainType":1,"messageKeys":{}}},"pendingPreKey":{"signedKeyId":2,"baseKey":"BZHa2Y3o/byMrCHW7qzh1wH9Hi7Wfi00YbVW2f+m1JcK","preKeyId":3089784}},"BZvDI1GvC6nF2Lgn7b2A5XrY9E9i8XUWznawFSKTt+5W":{"registrationId":706259843,"currentRatchet":{"ephemeralKeyPair":{"pubKey":"BQ5wGtb0JmneBAY+Y4Q4jbY2REp8wUj1OUtf4VPt3z12","privKey":"YCziPd/VHnncP0YBYjthGPZyDLIqUbvDglk5z5hdDGY="},"lastRemoteEphemeralKey":"Bcvy6JiKuBj1QDy4FLzl9Pogte1NahLz7oFXn1YwfJsb","previousCounter":0,"rootKey":"h7dimirow16NgtYmGGu8Siff76dz+rfZnK/wX3V+ypg="},"indexInfo":{"baseKey":"BZvDI1GvC6nF2Lgn7b2A5XrY9E9i8XUWznawFSKTt+5W","baseKeyType":1,"closed":1756550362258,"used":1756550347181,"created":1756550347181,"remoteIdentityKey":"BXYNXfg2KV1RiwLnNxCdzrFnYJZnktaoCnRY2Nx82qAx"},"_chains":{"BQ5wGtb0JmneBAY+Y4Q4jbY2REp8wUj1OUtf4VPt3z12":{"chainKey":{"counter":-1,"key":"1caQcjm6tvpChjK7WKyYFAnVd0H1itNHRmmIswGA6pU="},"chainType":1,"messageKeys":{}}},"pendingPreKey":{"signedKeyId":2,"baseKey":"BZvDI1GvC6nF2Lgn7b2A5XrY9E9i8XUWznawFSKTt+5W","preKeyId":3092333}},"BYNWug1fooc5pba976upxoW9IV3Oi8VR+3hHPMcopipX":{"registrationId":706259843,"currentRatchet":{"ephemeralKeyPair":{"pubKey":"BXUUVm9lKhRihntLsvmR2mKU99WbYNeEcC+eB5LEzAht","privKey":"KB2bg/9nlXlkSkmj3H3EZRA2V5Gip91TRjq7ytfsN3w="},"lastRemoteEphemeralKey":"Bcvy6JiKuBj1QDy4FLzl9Pogte1NahLz7oFXn1YwfJsb","previousCounter":0,"rootKey":"6Adl6cIwGVpAY0UsHVi5XTYQyQcd73IJwh8WJo2Rk3s="},"indexInfo":{"baseKey":"BYNWug1fooc5pba976upxoW9IV3Oi8VR+3hHPMcopipX","baseKeyType":1,"closed":-1,"used":1756550362256,"created":1756550362256,"remoteIdentityKey":"BXYNXfg2KV1RiwLnNxCdzrFnYJZnktaoCnRY2Nx82qAx"},"_chains":{"BXUUVm9lKhRihntLsvmR2mKU99WbYNeEcC+eB5LEzAht":{"chainKey":{"counter":0,"key":"6vVxaFIrET1aKjViQJ0k7gBuYzV983mgcZ68s+LAjFY="},"chainType":1,"messageKeys":{}}},"pendingPreKey":{"signedKeyId":2,"baseKey":"BYNWug1fooc5pba976upxoW9IV3Oi8VR+3hHPMcopipX","preKeyId":3092274}}},"version":"v1"}