{"_sessions":{"BY5mzn0VCUrv1hU35NM+Lo8i/IUdges46ZzGwnoIupI/":{"registrationId":1638520867,"currentRatchet":{"ephemeralKeyPair":{"pubKey":"BZy81tIk+CauUnpsoEoSjnDR5PKqDf6ZcHxvjEYWL8w0","privKey":"+JFcAHWrsQJEBtHuREiCIWyt42iLr+nVXxcSofId2GI="},"lastRemoteEphemeralKey":"BS3ZPEEc5NBXP5M8Mveda+L0CGdVVrLkQt2dX3EHzvVr","previousCounter":0,"rootKey":"FAaNCGPFi4cGjOBbqo7e4wIMSpoKZBSbCpJgGQRpIXw="},"indexInfo":{"baseKey":"BY5mzn0VCUrv1hU35NM+Lo8i/IUdges46ZzGwnoIupI/","baseKeyType":1,"closed":-1,"used":1755507317020,"created":1755507317020,"remoteIdentityKey":"BUkPgItdqotPfPyhk7VUgL3qN6R2S2uJJGot70X9usNr"},"_chains":{"BZy81tIk+CauUnpsoEoSjnDR5PKqDf6ZcHxvjEYWL8w0":{"chainKey":{"counter":25,"key":"yNrq9fCR9KrKZwEuHREJViI14EPysJmbdToEVRJ+YdM="},"chainType":1,"messageKeys":{}}},"pendingPreKey":{"signedKeyId":3,"baseKey":"BY5mzn0VCUrv1hU35NM+Lo8i/IUdges46ZzGwnoIupI/","preKeyId":13242631}}},"version":"v1"}