{"_sessions":{"BXJFgIHtUE/asE54XNs5z49udaGEEHvizzh3YPNqfvI7":{"registrationId":1468707285,"currentRatchet":{"ephemeralKeyPair":{"pubKey":"BZSRn58OMVFECMuGK73daA5X8H8SSH+Eb1V1b/RW2hMv","privKey":"kBSxwReF51d2bmYesBSjwQ0AhlAGsp/I5AsJ6z1B4Hw="},"lastRemoteEphemeralKey":"BcbAIW6GH0Rt/5YgsQn0AKfG4/ZS2vjx2u8FWuQtX1kc","previousCounter":0,"rootKey":"FiOL4LDheuGQ1HtfTX0lohA8stabWSBenSFw/MtdUYs="},"indexInfo":{"baseKey":"BXJFgIHtUE/asE54XNs5z49udaGEEHvizzh3YPNqfvI7","baseKeyType":1,"closed":-1,"used":1755481289137,"created":1755481289137,"remoteIdentityKey":"BUAaDs2K27OsCo9YPEgvyZGsIOwh1hQIylnPzUcJOwsj"},"_chains":{"BZSRn58OMVFECMuGK73daA5X8H8SSH+Eb1V1b/RW2hMv":{"chainKey":{"counter":4,"key":"ySwdYHgvHGMrjHMVEW7NNx3S4lQN2zPUBlM6hMTQhXs="},"chainType":1,"messageKeys":{}}},"pendingPreKey":{"signedKeyId":1,"baseKey":"BXJFgIHtUE/asE54XNs5z49udaGEEHvizzh3YPNqfvI7","preKeyId":8849307}}},"version":"v1"}