{"_sessions":{"BfXA4sSMuyYrJ+hCVbhUTzCuzZ83eUP2vFvAPPmB49kR":{"registrationId":307580065,"currentRatchet":{"ephemeralKeyPair":{"pubKey":"BXNTMSde3lV8VPSFXZAB+1JM3BGJWWtRqxr7fR2w5Xw7","privKey":"2LYiNeO7+BGLBEU5T8X03uKb/NPDAyUI3/+R0WTKXEA="},"lastRemoteEphemeralKey":"BdK/2lq17PUP1IFYDBTzpi6tCZHyvsc2tFbUK0/Tf1Yr","previousCounter":0,"rootKey":"GyDgLKi/MBj8fzJ0p7VWLHpjcJJb5b+NYkWuWvnCfdA="},"indexInfo":{"baseKey":"BfXA4sSMuyYrJ+hCVbhUTzCuzZ83eUP2vFvAPPmB49kR","baseKeyType":1,"closed":-1,"used":1755507317168,"created":1755507317168,"remoteIdentityKey":"BcMqHZgGQmDM76p6xTH5Rz+ZLqC4LrFAcRhGKwDnlTpm"},"_chains":{"BXNTMSde3lV8VPSFXZAB+1JM3BGJWWtRqxr7fR2w5Xw7":{"chainKey":{"counter":23,"key":"xLJ7oaZ0Uy25+0lR9KkBqwp9c8myoKsVY9OhT/4Je+I="},"chainType":1,"messageKeys":{}}},"pendingPreKey":{"signedKeyId":0,"baseKey":"BfXA4sSMuyYrJ+hCVbhUTzCuzZ83eUP2vFvAPPmB49kR"}}},"version":"v1"}