{"_sessions":{"Bep79yOrPm2Mll+r07Jd6dPssqIdeRp/LmFp+4oi41tG":{"registrationId":590654832,"currentRatchet":{"ephemeralKeyPair":{"pubKey":"BWOSyYl+oeTjl9pi9fwXEpgNu1+AO1hv2eWn+DosZEp0","privKey":"2IL6gFifFNCKj0RrmGxhOMH7DMnsLoXD4O2Z5q3up18="},"lastRemoteEphemeralKey":"BUgw970rhEeIOn/e1KVnQ4o3lIPL0mBUKUvPc3vX/64R","previousCounter":0,"rootKey":"DF3nt+uIuihEnZBUsQXXifeWEqa1G79GsvxIMm5yNvc="},"indexInfo":{"baseKey":"Bep79yOrPm2Mll+r07Jd6dPssqIdeRp/LmFp+4oi41tG","baseKeyType":1,"closed":-1,"used":1756270525443,"created":1756270525443,"remoteIdentityKey":"BfW+YaN2Robdc294K5R3w+J2rsuHlQafSr1DOBIJzc5E"},"_chains":{"BWOSyYl+oeTjl9pi9fwXEpgNu1+AO1hv2eWn+DosZEp0":{"chainKey":{"counter":8,"key":"3Lx2Ng4JudtfamZm7WtLIdHwES4gNcptDEvExdADiac="},"chainType":1,"messageKeys":{}}},"pendingPreKey":{"signedKeyId":45,"baseKey":"Bep79yOrPm2Mll+r07Jd6dPssqIdeRp/LmFp+4oi41tG","preKeyId":5270450}}},"version":"v1"}