{"_sessions":{"BS9lWkf6J5ldMGjFhdHD2nveExfCGSvJXZSQ5J2wWREp":{"registrationId":2013638869,"currentRatchet":{"ephemeralKeyPair":{"pubKey":"BaNFzOfsj120mfDGyoAVmNs22Lo3KxWEWkIHr9swyeIG","privKey":"CHGy77VCIOOAx1JPLlVMf7OakLq1zbtZ3bBUHfrUHGs="},"lastRemoteEphemeralKey":"BbkvxEbag0ZeDEqjE6b6LJpYuVjpn9zJxiqVlEr0NTdF","previousCounter":0,"rootKey":"keu8JDcMg6K364ZMWRlHxRyPaHRobjVUh8smwQ/mlP4="},"indexInfo":{"baseKey":"BS9lWkf6J5ldMGjFhdHD2nveExfCGSvJXZSQ5J2wWREp","baseKeyType":1,"closed":-1,"used":1756270525847,"created":1756270525847,"remoteIdentityKey":"BdPSBrQCgyS2cCsr9/9o1ba63Lk3dmBHSAK+eC4nbagh"},"_chains":{"BaNFzOfsj120mfDGyoAVmNs22Lo3KxWEWkIHr9swyeIG":{"chainKey":{"counter":8,"key":"jMpMtswgpYnKluLhoInWp5L4sv48xNU0nLWUZ75Qxkk="},"chainType":1,"messageKeys":{}}},"pendingPreKey":{"signedKeyId":12,"baseKey":"BS9lWkf6J5ldMGjFhdHD2nveExfCGSvJXZSQ5J2wWREp","preKeyId":5818261}}},"version":"v1"}