{"_sessions":{"BQnqxUchFkvCiMP4WjYxfLSJKZhOm4DGCyrk6PbfE1ZI":{"registrationId":708491953,"currentRatchet":{"ephemeralKeyPair":{"pubKey":"BRrZoEEgaGwTotmYZ94sd3hFCAvFfGRvShnYPOyzn2Zq","privKey":"GI/GaXMogESAlh31jyLCjH6zgdGm4Yz6ZRF11HFmAkw="},"lastRemoteEphemeralKey":"BQTtbxCfkQg0iTnfq/ZgDiCSWyHu/CaA3boTvyJDlawH","previousCounter":0,"rootKey":"EIppNjPK6XW21wzXSpYHEL46vTruCjv10JeKQ6YW2Ok="},"indexInfo":{"baseKey":"BQnqxUchFkvCiMP4WjYxfLSJKZhOm4DGCyrk6PbfE1ZI","baseKeyType":1,"closed":-1,"used":1756270525241,"created":1756270525241,"remoteIdentityKey":"BQic+9tg/j3cBRPSiDOGPkqWifbtuVTO5Z/VVIrWkEA4"},"_chains":{"BRrZoEEgaGwTotmYZ94sd3hFCAvFfGRvShnYPOyzn2Zq":{"chainKey":{"counter":8,"key":"bYWHVgA74ZN2sgCHyjLjILip9FDev6xYP2++fqhuQ88="},"chainType":1,"messageKeys":{}}},"pendingPreKey":{"signedKeyId":10985703,"baseKey":"BQnqxUchFkvCiMP4WjYxfLSJKZhOm4DGCyrk6PbfE1ZI"}}},"version":"v1"}