{"_sessions":{"BYVOe5XbDvxstP7E3+tARTJIpUmj9iqaPsIPiwyPDDQC":{"registrationId":1725455523,"currentRatchet":{"ephemeralKeyPair":{"pubKey":"BeZKCck7oQccflub+b+BvcWYpjjs17hewLRziFw6CTEB","privKey":"IJc0G9HddTfp/CuHiEO5N8+CSQ+2HrqHIBUhG7UvyEA="},"lastRemoteEphemeralKey":"BS5mUxgcY/w5KNnSw98byDpawF2fZ9FvPFt0wbtQk9Ry","previousCounter":0,"rootKey":"VzZ3Mrq3GFeqYpTd3lB19o/4qUgqGU4roXf2mMkSHvo="},"indexInfo":{"baseKey":"BYVOe5XbDvxstP7E3+tARTJIpUmj9iqaPsIPiwyPDDQC","baseKeyType":1,"closed":-1,"used":1756387593974,"created":1756387430216,"remoteIdentityKey":"BW2VxbF0urlE724P+TM0g4H6/nqdCFWjFeLp5PX77YlN"},"_chains":{"BS5mUxgcY/w5KNnSw98byDpawF2fZ9FvPFt0wbtQk9Ry":{"chainKey":{"counter":1,"key":"CQQvYG0BEztxvRWlmws8I2U9eYLEtPDHyFg4hyrLmss="},"chainType":2,"messageKeys":{"0":"l9rpEQ+bwyPiSWZ6Zw1pwXnogxmrzYa5jYL1xKXyw8g="}},"BeZKCck7oQccflub+b+BvcWYpjjs17hewLRziFw6CTEB":{"chainKey":{"counter":-1,"key":"HPq43Nxwk4tdm+kGvQeXSNRwt0tyxZLOwl9/6YFX2JM="},"chainType":1,"messageKeys":{}}}}},"version":"v1"}