{"_sessions":{"BQnmjOiLrDyrl+OiqOudcqJwhEQn89GYz5xikiCaybQn":{"registrationId":124,"currentRatchet":{"ephemeralKeyPair":{"pubKey":"BUSCdtL/QAt81fGM89M5hTYUrvBUXSqHFng/ylDlJwN0","privKey":"eJDCu3O5HOsk62MvEf7Als9KcUURCWWiPd7xqtTH63k="},"lastRemoteEphemeralKey":"BfaJhTp77zZzD91/jBZ0YF2oZvDbI3L7AYEci6+rwnkq","previousCounter":0,"rootKey":"C17PIo+TcVGkH72mJ1owWO9AhZvUrXiB4Jn4Fa0bpXI="},"indexInfo":{"baseKey":"BQnmjOiLrDyrl+OiqOudcqJwhEQn89GYz5xikiCaybQn","baseKeyType":1,"closed":1756381283442,"used":1755926241968,"created":1755922454234,"remoteIdentityKey":"BZd3tDLCei7mBr2UslQxZYZr+1W4G9/UHigUZy8NSb5E"},"_chains":{"BfaJhTp77zZzD91/jBZ0YF2oZvDbI3L7AYEci6+rwnkq":{"chainKey":{"counter":0,"key":"DV5l6aDn7Kr/b0925eIpxOYbknv0R5nBsSlHTNs5CzU="},"chainType":2,"messageKeys":{}},"BUSCdtL/QAt81fGM89M5hTYUrvBUXSqHFng/ylDlJwN0":{"chainKey":{"counter":5,"key":"UMwZ3U61KmkA1baAB+SGzRfb7wtFa3egwMZHqBYVe9E="},"chainType":1,"messageKeys":{}}}},"BczI5P9UWrGD6bYk8APbZbBfx08foDGThAIwBT2YsYBJ":{"registrationId":124,"currentRatchet":{"ephemeralKeyPair":{"pubKey":"BfOEu3NMDGHkF8PXNKibg4xUzTJv7+nggx9Oq0xFb4NJ","privKey":"0IfVN5LhD2dGI4X6RRXMDzR2xBdNVrTX3LDGNU8q20o="},"lastRemoteEphemeralKey":"Bbs4Z9Y3Z4CgoqPs0+j016b9x1g0LkSKWZZLJiFHRAMv","previousCounter":0,"rootKey":"9iyLxdb2rb45yX2H2vTV48xoWobotnVxqtaOeDJqkXo="},"indexInfo":{"baseKey":"BczI5P9UWrGD6bYk8APbZbBfx08foDGThAIwBT2YsYBJ","baseKeyType":1,"closed":1756381293953,"used":1756381283440,"created":1756381283440,"remoteIdentityKey":"BZd3tDLCei7mBr2UslQxZYZr+1W4G9/UHigUZy8NSb5E"},"_chains":{"BfOEu3NMDGHkF8PXNKibg4xUzTJv7+nggx9Oq0xFb4NJ":{"chainKey":{"counter":-1,"key":"6ZSBxHUqO9RR9bxTeltEu5+ejMtIa5amRyu1BTO9JUs="},"chainType":1,"messageKeys":{}}},"pendingPreKey":{"signedKeyId":1,"baseKey":"BczI5P9UWrGD6bYk8APbZbBfx08foDGThAIwBT2YsYBJ"}},"BbiETr0QsMTshpAL6KCdHb23XRGrBRDydFpbL14jzkUk":{"registrationId":124,"currentRatchet":{"ephemeralKeyPair":{"pubKey":"Ba382B0bbHMOFZG719WPvI4BQyyFY8xWioK0bp+Ueopl","privKey":"cNkfc8xFIFsBWkefP4znP+mrz8zEMSIzVmbDJtT4kG4="},"lastRemoteEphemeralKey":"Bbs4Z9Y3Z4CgoqPs0+j016b9x1g0LkSKWZZLJiFHRAMv","previousCounter":0,"rootKey":"UdsIC/5q551SFCSVBJKZrjqlHVBFHRb29H6g8p0rGpU="},"indexInfo":{"baseKey":"BbiETr0QsMTshpAL6KCdHb23XRGrBRDydFpbL14jzkUk","baseKeyType":1,"closed":1756381303806,"used":1756381293951,"created":1756381293951,"remoteIdentityKey":"BZd3tDLCei7mBr2UslQxZYZr+1W4G9/UHigUZy8NSb5E"},"_chains":{"Ba382B0bbHMOFZG719WPvI4BQyyFY8xWioK0bp+Ueopl":{"chainKey":{"counter":-1,"key":"rqO77u4WMu8Roj+4fLYUQu4liwDVGfU5U6oBV/XeVhs="},"chainType":1,"messageKeys":{}}},"pendingPreKey":{"signedKeyId":1,"baseKey":"BbiETr0QsMTshpAL6KCdHb23XRGrBRDydFpbL14jzkUk"}},"BULIQjti/sMy3+wAhV5Qx8NM6gutoMWQB8x+AEfryrsq":{"registrationId":124,"currentRatchet":{"ephemeralKeyPair":{"pubKey":"BTPnZ6Oelb6evfjzlJBNXqdXSYNwLs1LvMBVRX09fU8a","privKey":"qN8njLU8SmQumEYRxTZfDK48CQhQH5gFu7saMvkeHkc="},"lastRemoteEphemeralKey":"BYIjQyAPRb5wliAG0iv38kUsRkwOPPQgJrgUrQCWeotT","previousCounter":0,"rootKey":"Rv22+DAt4KEjVSunIFcSYCMp+TUU/grkzdeZrJO14ps="},"indexInfo":{"baseKey":"BULIQjti/sMy3+wAhV5Qx8NM6gutoMWQB8x+AEfryrsq","baseKeyType":2,"closed":-1,"used":1756381303815,"created":1756381303815,"remoteIdentityKey":"BZd3tDLCei7mBr2UslQxZYZr+1W4G9/UHigUZy8NSb5E"},"_chains":{"BYIjQyAPRb5wliAG0iv38kUsRkwOPPQgJrgUrQCWeotT":{"chainKey":{"counter":1,"key":"Cv+U0TX9qf/jdTc5xIi15ka3jej7ww60A+9jYjaipJU="},"chainType":2,"messageKeys":{}},"BTPnZ6Oelb6evfjzlJBNXqdXSYNwLs1LvMBVRX09fU8a":{"chainKey":{"counter":2,"key":"ftx5lZZWHEO0baAzqOWRa/bDxPVKYlgWAPiMcGG+au4="},"chainType":1,"messageKeys":{}}}}},"version":"v1"}