{"_sessions":{"BTLS+TS6f/rceaYKc599bCgAvWtxTzBD+ErogF9JDAEx":{"registrationId":415177220,"currentRatchet":{"ephemeralKeyPair":{"pubKey":"BZZbWtAHuB99y2dohe/uqW2eRgV25euT1WrmjnjqKkdt","privKey":"YLDKQbp36ZlbZxfOo1liGYS/BundMUfgIp3RhVuhD3I="},"lastRemoteEphemeralKey":"Bf1fcSjkyPcSAqtiuxD3BDSQOgoj/aKCfBm5J5+DrpxH","previousCounter":0,"rootKey":"2qLo1RhshC5ejApjMWqQOpSjjoRBcPzyT5wb9Lr+kGA="},"indexInfo":{"baseKey":"BTLS+TS6f/rceaYKc599bCgAvWtxTzBD+ErogF9JDAEx","baseKeyType":2,"closed":-1,"used":1756435175732,"created":1756435175732,"remoteIdentityKey":"BQPt473SMaFYh8XO/lEbckROD+W+7d3Irhy3NChnXPlE"},"_chains":{"Bf1fcSjkyPcSAqtiuxD3BDSQOgoj/aKCfBm5J5+DrpxH":{"chainKey":{"counter":3,"key":"fX9JcwsVkjw1eb2GQ8MXLG7ydFsVT7ltoc1rinDyGHE="},"chainType":2,"messageKeys":{}},"BZZbWtAHuB99y2dohe/uqW2eRgV25euT1WrmjnjqKkdt":{"chainKey":{"counter":-1,"key":"bXlopyZUw5ta1Ksd0IQK44mhspBiBbaG9k7ye57hhcw="},"chainType":1,"messageKeys":{}}}}},"version":"v1"}