{"_sessions":{"BdMmyd0zNgsI5ebkA4ic3bkbCyo78E0GQVDIDMxG2Ygt":{"registrationId":1465614255,"currentRatchet":{"ephemeralKeyPair":{"pubKey":"BfVfNdIfn7z4MATGNPg5UXCDwmJbH7UJsfDiSgUuKFoY","privKey":"UNpQmdZE7ifPZQjzQ9BIjrbYyUI1KhVvrUJBpLHwYGQ="},"lastRemoteEphemeralKey":"BRbAMIAhju3RWo7avu9/QL19e+mmnFbCaR1OZImBV7pK","previousCounter":1,"rootKey":"5Ql7LEpKTc8PBwaFFpTsoLOgTVlOjlebb4dFU6KvRbs="},"indexInfo":{"baseKey":"BdMmyd0zNgsI5ebkA4ic3bkbCyo78E0GQVDIDMxG2Ygt","baseKeyType":1,"closed":-1,"used":1756389874904,"created":1756270525304,"remoteIdentityKey":"BWy6Kd1zndlgFigmCbB0XSZ98mbPRamxZGV76O4FB5Fh"},"_chains":{"BYLIBsOsUXIdRXr+xKJaOszz0HCyNoWWvCWVKxX2WWQy":{"chainKey":{"counter":0},"chainType":2,"messageKeys":{}},"BRbAMIAhju3RWo7avu9/QL19e+mmnFbCaR1OZImBV7pK":{"chainKey":{"counter":0,"key":"Ba9Wl6LlMmOQ+IbudeoRrNojHlx5Th7joWVTo2qip5k="},"chainType":2,"messageKeys":{}},"BfVfNdIfn7z4MATGNPg5UXCDwmJbH7UJsfDiSgUuKFoY":{"chainKey":{"counter":4,"key":"45nlk/0J9cMg8r0zFEzJ/N3pZQZAWYcuFbg3udwybDY="},"chainType":1,"messageKeys":{}}}}},"version":"v1"}