{"_sessions":{"BaSkTPNVSSbtMdbibQAnmE7rOiLIf6FnwwgJjwhMLpUX":{"registrationId":13,"currentRatchet":{"ephemeralKeyPair":{"pubKey":"BdFZtVdNsVIL5FCc5/pynig8OEz0IEp4RA0uvkNiSB0E","privKey":"uNcua/uWo8WfeX63AIwhwbad/KXjS4TR6sxAfVu/WVs="},"lastRemoteEphemeralKey":"BQV2GZwcLvRk4d6Md5nTxmhMWkSdCkaFRUBwUK59SUg6","previousCounter":0,"rootKey":"Ogt10fz9jBuD3c8UESGSvU6pBK/NUQ/uSWliESXInaI="},"indexInfo":{"baseKey":"BaSkTPNVSSbtMdbibQAnmE7rOiLIf6FnwwgJjwhMLpUX","baseKeyType":1,"closed":-1,"used":1755507317004,"created":1755507317004,"remoteIdentityKey":"BaAJLbFnuJtqfJdDnqL9bS1HCnLfHD9zc8wgZATE2DFb"},"_chains":{"BdFZtVdNsVIL5FCc5/pynig8OEz0IEp4RA0uvkNiSB0E":{"chainKey":{"counter":10,"key":"mVKvqi8RSPvl5QM0FZoso+0+VGgoIPUBiJBRsgIoZfM="},"chainType":1,"messageKeys":{}}},"pendingPreKey":{"signedKeyId":1,"baseKey":"BaSkTPNVSSbtMdbibQAnmE7rOiLIf6FnwwgJjwhMLpUX"}}},"version":"v1"}