{"_sessions":{"BZ+9INO10RU5SNnjQsV5IzwSrOMqDPJtNijsDPTEQ1w/":{"registrationId":1890220165,"currentRatchet":{"ephemeralKeyPair":{"pubKey":"Bf0FI1r/4s4mZrroH0b53hYyRu3uOaF5RCzLmMqiiklB","privKey":"QPtUOHmv0ywwI0FzjyOLy4WENspPTXB3+VVUK1lKw0U="},"lastRemoteEphemeralKey":"Bf0/SZ8f81+oi/b/y0gJro1j75Ol6RBSwv/giIRxdyoK","previousCounter":33,"rootKey":"echOTjI3lr2mRMi6pARuIUO5bMRgU3L6cYuNDBUsmEE="},"indexInfo":{"baseKey":"BZ+9INO10RU5SNnjQsV5IzwSrOMqDPJtNijsDPTEQ1w/","baseKeyType":1,"closed":-1,"used":1756266691828,"created":1755492398044,"remoteIdentityKey":"BRTYRFBD+YX7rN0dLPoel5q8eFcvmr6m73xJ4yCHVP9S"},"_chains":{"BR+qoYbvTuscR/8niAuY9+VkVeRdJDI9cXyP0dgU0V0y":{"chainKey":{"counter":0},"chainType":2,"messageKeys":{}},"BRqg3HnnBxnGTy4apR5OV0Ek4+kBaIhcN5wQneCHPuw9":{"chainKey":{"counter":2},"chainType":2,"messageKeys":{"0":"+0OLcGdJ0G+G31zObGs3zCIYMOO9uRIKhSxuuJuo3nU=","2":"8a/ZrUflAVuC1Hk61XofBzleFFTrjI4p7hf3Cx4XJdw="}},"Bf0/SZ8f81+oi/b/y0gJro1j75Ol6RBSwv/giIRxdyoK":{"chainKey":{"counter":3,"key":"n0ZlCEjouE8Mf6yBKg2QMTjnsN3mSiqdpbxLz0HRMrE="},"chainType":2,"messageKeys":{"0":"PViO22ey6KBuiK12tsR1TXRuR8ZOHluWezgeq+400fg=","1":"5LTLvXLihBNsLCOGiI+KOVvZwjrnER8DXQl7XQvleYc=","2":"Lfd/BqyW5LSNGkMOZMPi/puLyuwxqlIr6z4rfdSfuTE="}},"Bf0FI1r/4s4mZrroH0b53hYyRu3uOaF5RCzLmMqiiklB":{"chainKey":{"counter":10,"key":"nMNFVmDzjXDAeLPbfOM160nPg9H1dP8jE7NN6splfeY="},"chainType":1,"messageKeys":{}}}}},"version":"v1"}