{"_sessions":{"BUKPgLjfEX10//lvYIyf5E3X0Sb5GMtmZHR3s3VmZlcK":{"registrationId":575468097,"currentRatchet":{"ephemeralKeyPair":{"pubKey":"BdvMBgpkg078l4Uo8Xqg0z+jZ++XxXNVYrm4qznWHn80","privKey":"oGCgL440G8eaXNn+VI2WiWnRXF9UCKmo92U6W/tIs10="},"lastRemoteEphemeralKey":"BSu9ib4LjUDDB2r3gb0vXJvU1Aa0XBNHdzHetVvx/Ihp","previousCounter":0,"rootKey":"CAs6I2aFAGxQ4ok7Gge3wynotz9GejrOlvOvj7yJ1wY="},"indexInfo":{"baseKey":"BUKPgLjfEX10//lvYIyf5E3X0Sb5GMtmZHR3s3VmZlcK","baseKeyType":1,"closed":-1,"used":1756270525476,"created":1756270525476,"remoteIdentityKey":"Bfgrtfdyuf5OQnJ6tY8wo5HklRgiA1VjGyhMSlTKDLs7"},"_chains":{"BdvMBgpkg078l4Uo8Xqg0z+jZ++XxXNVYrm4qznWHn80":{"chainKey":{"counter":8,"key":"xe+Hbn+sUVEFi4zIKI3/vSSu9GTvnd9YZCb5kOCRzgE="},"chainType":1,"messageKeys":{}}},"pendingPreKey":{"signedKeyId":16711667,"baseKey":"BUKPgLjfEX10//lvYIyf5E3X0Sb5GMtmZHR3s3VmZlcK","preKeyId":7214}}},"version":"v1"}