{"_sessions":{"BTVepGZbtFeF0wYJWwl2ZSvzz+n8KiMhDMcM/tQxgtpr":{"registrationId":183,"currentRatchet":{"ephemeralKeyPair":{"pubKey":"Bfy+rjnTf9Yprhduq3JYqp9RQee3nFdQSJGaCMl0ztFo","privKey":"IPqQ0gK6zeeumrl7pJbbOykkCjlAUkMj1b1qyCH1gEI="},"lastRemoteEphemeralKey":"BesML2mNRybNC7gZl7OryH7vzVMgfqkE7dvsy7Gz9y58","previousCounter":0,"rootKey":"o560GSQT96UlnutdbXmFpsqiobipXf6VGLV8xsqT5I8="},"indexInfo":{"baseKey":"BTVepGZbtFeF0wYJWwl2ZSvzz+n8KiMhDMcM/tQxgtpr","baseKeyType":1,"closed":-1,"used":1755492398363,"created":1755492398363,"remoteIdentityKey":"BQwu3AUjnSe+A5WVUwDzRt/HaOapTlkFknyNK3c8kGcO"},"_chains":{"Bfy+rjnTf9Yprhduq3JYqp9RQee3nFdQSJGaCMl0ztFo":{"chainKey":{"counter":68,"key":"0jktkJLEyZ8F+qyhNSyLcEHeUyp3LbGCzMCFqGjCbUY="},"chainType":1,"messageKeys":{}}},"pendingPreKey":{"signedKeyId":1,"baseKey":"BTVepGZbtFeF0wYJWwl2ZSvzz+n8KiMhDMcM/tQxgtpr"}}},"version":"v1"}