{"_sessions":{"BQtGMBlyKmDIW7f0snF7Vpw5mRwzTz+D9NABhYYdoAZ0":{"registrationId":898,"currentRatchet":{"ephemeralKeyPair":{"pubKey":"BQB5iRdM+Pn/NGDIwsVILO7BsE5UZAqYjRSa+MgZ4Bs0","privKey":"uCwVsvwpnAqorN2MZYQ+lcDvpOb5D4aQl5qHIeaMUFY="},"lastRemoteEphemeralKey":"BaIk6QxbcUtclbvSORBFRm5/5uGUE7eyU3VLklYc3Lp/","previousCounter":0,"rootKey":"Twb2uJwmF29Y+WClxDF6O/uTQTtw5rbTr0JReB+WszE="},"indexInfo":{"baseKey":"BQtGMBlyKmDIW7f0snF7Vpw5mRwzTz+D9NABhYYdoAZ0","baseKeyType":1,"closed":-1,"used":1756130836863,"created":1756130836863,"remoteIdentityKey":"BWVsSPnBb+Qi3hLDTNqRwbw4a7Dw2D7kH+tU16YLWYpM"},"_chains":{"BQB5iRdM+Pn/NGDIwsVILO7BsE5UZAqYjRSa+MgZ4Bs0":{"chainKey":{"counter":26,"key":"crJCXQHnETwuK3O5Gfe9xpqDBpyJ1zz8rSzmFtmvO/Y="},"chainType":1,"messageKeys":{}}},"pendingPreKey":{"signedKeyId":1,"baseKey":"BQtGMBlyKmDIW7f0snF7Vpw5mRwzTz+D9NABhYYdoAZ0","preKeyId":684}}},"version":"v1"}