{"_sessions":{"Ba3d5O57J6APM+sP035LGKw+gz7vFOcdQZdHGwp3/a1Z":{"registrationId":1179442792,"currentRatchet":{"ephemeralKeyPair":{"pubKey":"BZ5/LWVJO/7/+Lgc5LzlGkSArNX3YsTIzAMJdzVtLewV","privKey":"AMcBMtmXbrLXXBpSiR8Z28nw8xsyqV2vYTM+K8mghWg="},"lastRemoteEphemeralKey":"BfOMqtw0yHINctuCys2XOd9ZieA/zWnbq4bXd06S8gMf","previousCounter":0,"rootKey":"8RRSXeG4ZfmGjXl9qFywBAGFLlCMBrMRfEpSg1QylJ0="},"indexInfo":{"baseKey":"Ba3d5O57J6APM+sP035LGKw+gz7vFOcdQZdHGwp3/a1Z","baseKeyType":1,"closed":1756300713334,"used":1756270525519,"created":1756270525519,"remoteIdentityKey":"BXvtmJyWhmbLsDRpYGVp7KkBOjTe0gP+Q1OTD7JEHr0j"},"_chains":{"BZ5/LWVJO/7/+Lgc5LzlGkSArNX3YsTIzAMJdzVtLewV":{"chainKey":{"counter":1,"key":"Ek55WH2uxuP8MV3Ti1kSPiRLY6O9m6SPPjsmkl4D01w="},"chainType":1,"messageKeys":{}}},"pendingPreKey":{"signedKeyId":0,"baseKey":"Ba3d5O57J6APM+sP035LGKw+gz7vFOcdQZdHGwp3/a1Z","preKeyId":8288524}},"BWUQRgjJqVGjymscWghOTQ2oEXdHzaqKBQ/FwZmjASRE":{"registrationId":1705736362,"currentRatchet":{"ephemeralKeyPair":{"pubKey":"BUPueFefnPPeRP6d00GotcR+xezPMjLRwxn/xgF4aKUB","privKey":"0Ajf6tAMjtVprIXZf2n67frzWrYt/F8IWNO/VvGnYUQ="},"lastRemoteEphemeralKey":"BSF9bfsJiCKWJ6rz8FqbIath54ckAm8Lc2rdI6KhU1h0","previousCounter":0,"rootKey":"b64tGAgKDLFRLDZvc8cYcticQ4GufdV53IzdUWV877I="},"indexInfo":{"baseKey":"BWUQRgjJqVGjymscWghOTQ2oEXdHzaqKBQ/FwZmjASRE","baseKeyType":1,"closed":1756421515108,"used":1756300713332,"created":1756300713332,"remoteIdentityKey":"Bee8CqeSpHpkjnsIMUTiQKfV4M4LT4DGxffkUewXMKpQ"},"_chains":{"BUPueFefnPPeRP6d00GotcR+xezPMjLRwxn/xgF4aKUB":{"chainKey":{"counter":2,"key":"QbMhb6sTyAzNH6tlJ20imElmnOxixn6KfOqZzjnS+w4="},"chainType":1,"messageKeys":{}}},"pendingPreKey":{"signedKeyId":0,"baseKey":"BWUQRgjJqVGjymscWghOTQ2oEXdHzaqKBQ/FwZmjASRE","preKeyId":1841398}},"BQuN+ZLaOqvGLZSTFZE2sOlagOCRZWWFCNlMyd/j/okV":{"registrationId":1189934287,"currentRatchet":{"ephemeralKeyPair":{"pubKey":"BRe7YJGnYtNmHvjwpghSE6XM8wv3KgiNMmz/vcqK+E5f","privKey":"aI3V7crMHM8am/JgWhqF9JFheuk+ySxEScLqBxva/Go="},"lastRemoteEphemeralKey":"BZ7VN2H9gzWTweaLQmYmc8dSHCCju+hCVMsXl64pPjM9","previousCounter":0,"rootKey":"DMHfWWpKKdXi6AVoISfKQus04qBiQcPaNRHfF0939kM="},"indexInfo":{"baseKey":"BQuN+ZLaOqvGLZSTFZE2sOlagOCRZWWFCNlMyd/j/okV","baseKeyType":1,"closed":1756421515586,"used":1756421515107,"created":1756421515107,"remoteIdentityKey":"BWu+UCGiUwilTJKNmXxYT05CjkLuyg+QJjeX/NLrM+tY"},"_chains":{"BRe7YJGnYtNmHvjwpghSE6XM8wv3KgiNMmz/vcqK+E5f":{"chainKey":{"counter":-1,"key":"pi14gZgkfExZ8/kPkcoBdCfhCokazw3mMW4QVpP9aeI="},"chainType":1,"messageKeys":{}}},"pendingPreKey":{"signedKeyId":0,"baseKey":"BQuN+ZLaOqvGLZSTFZE2sOlagOCRZWWFCNlMyd/j/okV","preKeyId":8051026}},"BZ7byuPWwEVhSYB1IozWF5GkjNGy3u56l78NZiJIkwts":{"registrationId":1189934287,"currentRatchet":{"ephemeralKeyPair":{"pubKey":"BfR71c+Oq8Hg+FZul31kV99k+0fZwyqBMD6tBgu/90Fe","privKey":"eFlUK/WEANNEaGpYNWt48dGbXPRsB0Z57x4IxGE0rXo="},"lastRemoteEphemeralKey":"BZ7VN2H9gzWTweaLQmYmc8dSHCCju+hCVMsXl64pPjM9","previousCounter":0,"rootKey":"hgbvdKjIYCpBO+LGSVY0me5AsX2ofmzKoHfxhYmRFcE="},"indexInfo":{"baseKey":"BZ7byuPWwEVhSYB1IozWF5GkjNGy3u56l78NZiJIkwts","baseKeyType":1,"closed":1756421516038,"used":1756421515585,"created":1756421515585,"remoteIdentityKey":"BWu+UCGiUwilTJKNmXxYT05CjkLuyg+QJjeX/NLrM+tY"},"_chains":{"BfR71c+Oq8Hg+FZul31kV99k+0fZwyqBMD6tBgu/90Fe":{"chainKey":{"counter":-1,"key":"W2DQ8KpucTiR+FjvZFusKo+XVZrjopUOEjiuhGbXrRI="},"chainType":1,"messageKeys":{}}},"pendingPreKey":{"signedKeyId":0,"baseKey":"BZ7byuPWwEVhSYB1IozWF5GkjNGy3u56l78NZiJIkwts","preKeyId":8050357}},"BSviplQmj80EFFPC4XVA1oIsyJz4Mc7qpDP/iF/US9d4":{"registrationId":1189934287,"currentRatchet":{"ephemeralKeyPair":{"pubKey":"BeaZ6h/5DV9eVcJJVYLrufYJ2nouRCc/tlH7YqBVfqZs","privKey":"cKtY+7HGHI1QOOFAklydlXpiZSVHvRBXIxTEl5BXU3I="},"lastRemoteEphemeralKey":"BZ7VN2H9gzWTweaLQmYmc8dSHCCju+hCVMsXl64pPjM9","previousCounter":0,"rootKey":"t3XB0baVewiRGjWd/iRmgICg5xL3d4pKnAS96ORLmBw="},"indexInfo":{"baseKey":"BSviplQmj80EFFPC4XVA1oIsyJz4Mc7qpDP/iF/US9d4","baseKeyType":1,"closed":1756421516369,"used":1756421516037,"created":1756421516037,"remoteIdentityKey":"BWu+UCGiUwilTJKNmXxYT05CjkLuyg+QJjeX/NLrM+tY"},"_chains":{"BeaZ6h/5DV9eVcJJVYLrufYJ2nouRCc/tlH7YqBVfqZs":{"chainKey":{"counter":-1,"key":"B4QlOiX8yDfDlBmgy3cCcXT/My7AJfbaJ8hVF1ELG4M="},"chainType":1,"messageKeys":{}}},"pendingPreKey":{"signedKeyId":0,"baseKey":"BSviplQmj80EFFPC4XVA1oIsyJz4Mc7qpDP/iF/US9d4","preKeyId":8051038}},"BWOCgyQkjDuRXsARxfN07kh1u4LJX+vV8xGguSSHZ00c":{"registrationId":1189934287,"currentRatchet":{"ephemeralKeyPair":{"pubKey":"Be0A4ytha9/LGxqUiExjhS4lljh5wdAFijKrKdm5RyhX","privKey":"aE4de+IjxJi7smP6phExCt/tw1JUXTMlmrYbZj488Ug="},"lastRemoteEphemeralKey":"BZ7VN2H9gzWTweaLQmYmc8dSHCCju+hCVMsXl64pPjM9","previousCounter":0,"rootKey":"TXet0hf3Glz7fs0Xk4fcc1IjR8XAX58D0aTEneEEkSw="},"indexInfo":{"baseKey":"BWOCgyQkjDuRXsARxfN07kh1u4LJX+vV8xGguSSHZ00c","baseKeyType":1,"closed":1756421517495,"used":1756421516367,"created":1756421516367,"remoteIdentityKey":"BWu+UCGiUwilTJKNmXxYT05CjkLuyg+QJjeX/NLrM+tY"},"_chains":{"Be0A4ytha9/LGxqUiExjhS4lljh5wdAFijKrKdm5RyhX":{"chainKey":{"counter":-1,"key":"DBxwy9CZ6RQG5/dk2f9TxoS+K3I54vqN0yNoH2fZPjI="},"chainType":1,"messageKeys":{}}},"pendingPreKey":{"signedKeyId":0,"baseKey":"BWOCgyQkjDuRXsARxfN07kh1u4LJX+vV8xGguSSHZ00c","preKeyId":8050275}},"BTDDxjSr4+5lHrXu8/Mj9lam7lqfDQ4IDe1phOKpYZA9":{"registrationId":1189934287,"currentRatchet":{"ephemeralKeyPair":{"pubKey":"BexqAfdsENaFGUVh/0yKLrzxwoYM29r+yO4ypqcDcdVY","privKey":"yLcCymNApKP4/62qQti1w7oKtukbZTxL0/maNd1m0n8="},"lastRemoteEphemeralKey":"BZ7VN2H9gzWTweaLQmYmc8dSHCCju+hCVMsXl64pPjM9","previousCounter":0,"rootKey":"/stg8OY/8ILf/AEnIpe+CYJ7J1BwgT0G4ZsfE/ILddk="},"indexInfo":{"baseKey":"BTDDxjSr4+5lHrXu8/Mj9lam7lqfDQ4IDe1phOKpYZA9","baseKeyType":1,"closed":1756421517829,"used":1756421517494,"created":1756421517494,"remoteIdentityKey":"BWu+UCGiUwilTJKNmXxYT05CjkLuyg+QJjeX/NLrM+tY"},"_chains":{"BexqAfdsENaFGUVh/0yKLrzxwoYM29r+yO4ypqcDcdVY":{"chainKey":{"counter":-1,"key":"bG1iSCBA19Sq6NutUtP7ZvsSz7DWfIOnCJ6KsDTOoGo="},"chainType":1,"messageKeys":{}}},"pendingPreKey":{"signedKeyId":0,"baseKey":"BTDDxjSr4+5lHrXu8/Mj9lam7lqfDQ4IDe1phOKpYZA9","preKeyId":8050941}},"BdP9ffNUtXZZNSRwO67eCu8cBlhXNQ9VSBMMs0Gc54ox":{"registrationId":1189934287,"currentRatchet":{"ephemeralKeyPair":{"pubKey":"BYUIE3aV4wogkRwV6wxAFD7UWj+VnKefmRTsJ0rIWMFf","privKey":"ICrpdx6R8QdAry215EegYplxTxl0vWuWzCCvfnJCwWY="},"lastRemoteEphemeralKey":"BZ7VN2H9gzWTweaLQmYmc8dSHCCju+hCVMsXl64pPjM9","previousCounter":0,"rootKey":"c4XoKVq+FzCC23f4K3CvwJdI6FbsevxZpuDr/bcmj9o="},"indexInfo":{"baseKey":"BdP9ffNUtXZZNSRwO67eCu8cBlhXNQ9VSBMMs0Gc54ox","baseKeyType":1,"closed":1756421518157,"used":1756421517827,"created":1756421517827,"remoteIdentityKey":"BWu+UCGiUwilTJKNmXxYT05CjkLuyg+QJjeX/NLrM+tY"},"_chains":{"BYUIE3aV4wogkRwV6wxAFD7UWj+VnKefmRTsJ0rIWMFf":{"chainKey":{"counter":-1,"key":"TuUAI4K/94JnqOr3VBOz14rU/eEGCmDaj8+eooT4wu0="},"chainType":1,"messageKeys":{}}},"pendingPreKey":{"signedKeyId":0,"baseKey":"BdP9ffNUtXZZNSRwO67eCu8cBlhXNQ9VSBMMs0Gc54ox","preKeyId":8050349}},"Bd5+A1U/oWkl4QJpb8AUsYAOc8Xbx0uBg6DSfAlIqvEH":{"registrationId":1189934287,"currentRatchet":{"ephemeralKeyPair":{"pubKey":"BQfPb0+95OF6Z9hF7qCaLRft6/L2BsycfTEw1kLJXpML","privKey":"ONckZXOMYJulRfEKFhn3QJT/CRP2xOIbvsDeS2Ij3Fk="},"lastRemoteEphemeralKey":"BZ7VN2H9gzWTweaLQmYmc8dSHCCju+hCVMsXl64pPjM9","previousCounter":0,"rootKey":"0OB5rpiUa4TuWK4NFemvFlxxyl48HiExHsk95gDp4zI="},"indexInfo":{"baseKey":"Bd5+A1U/oWkl4QJpb8AUsYAOc8Xbx0uBg6DSfAlIqvEH","baseKeyType":1,"closed":1756421518494,"used":1756421518156,"created":1756421518156,"remoteIdentityKey":"BWu+UCGiUwilTJKNmXxYT05CjkLuyg+QJjeX/NLrM+tY"},"_chains":{"BQfPb0+95OF6Z9hF7qCaLRft6/L2BsycfTEw1kLJXpML":{"chainKey":{"counter":-1,"key":"I45Xntk86pTMWOIrjqhYsKBHhb/4qWWZy0YjAjOuuQ8="},"chainType":1,"messageKeys":{}}},"pendingPreKey":{"signedKeyId":0,"baseKey":"Bd5+A1U/oWkl4QJpb8AUsYAOc8Xbx0uBg6DSfAlIqvEH","preKeyId":8050305}},"BW4+/GYhg+VL7GFmcXLUWezAhZdycwrWt00ekkySSAJ/":{"registrationId":1189934287,"currentRatchet":{"ephemeralKeyPair":{"pubKey":"BXa7RSy+SOms5RSix959qZmfdyLzZw4a9ecKGjqK5awh","privKey":"AFrSBPn1eT55kxC0CfuZN7lVpR8niLJUV4zesHKsKGc="},"lastRemoteEphemeralKey":"BZ7VN2H9gzWTweaLQmYmc8dSHCCju+hCVMsXl64pPjM9","previousCounter":0,"rootKey":"QQ269TjcyDv9XVnrey7rBuId4Fl8ZJSBm6zIF9CTUhw="},"indexInfo":{"baseKey":"BW4+/GYhg+VL7GFmcXLUWezAhZdycwrWt00ekkySSAJ/","baseKeyType":1,"closed":1756421518838,"used":1756421518492,"created":1756421518492,"remoteIdentityKey":"BWu+UCGiUwilTJKNmXxYT05CjkLuyg+QJjeX/NLrM+tY"},"_chains":{"BXa7RSy+SOms5RSix959qZmfdyLzZw4a9ecKGjqK5awh":{"chainKey":{"counter":-1,"key":"DU439dvi+DN3dlvJjZD+pZ0/4Q6qFvC4xxeBpDv048U="},"chainType":1,"messageKeys":{}}},"pendingPreKey":{"signedKeyId":0,"baseKey":"BW4+/GYhg+VL7GFmcXLUWezAhZdycwrWt00ekkySSAJ/","preKeyId":8051077}},"BbjyZZ8DuOvqv3QOCvQHySXgQ16sVJbTi0OPeXtvMK0w":{"registrationId":1189934287,"currentRatchet":{"ephemeralKeyPair":{"pubKey":"BVh3Q9TBv7UPoRw4uTVt504BtHltJ6VP6uFxfCKNaVJu","privKey":"KK2nuXCAT8iQIDONUnYeLT4kIG0CXlQD2wGAnX58JHc="},"lastRemoteEphemeralKey":"BZ7VN2H9gzWTweaLQmYmc8dSHCCju+hCVMsXl64pPjM9","previousCounter":0,"rootKey":"0lmY4gk9J/PLtS/WRpbyKvOXW1BrO+6ZnSPtlSr8pY8="},"indexInfo":{"baseKey":"BbjyZZ8DuOvqv3QOCvQHySXgQ16sVJbTi0OPeXtvMK0w","baseKeyType":1,"closed":1756421519167,"used":1756421518836,"created":1756421518836,"remoteIdentityKey":"BWu+UCGiUwilTJKNmXxYT05CjkLuyg+QJjeX/NLrM+tY"},"_chains":{"BVh3Q9TBv7UPoRw4uTVt504BtHltJ6VP6uFxfCKNaVJu":{"chainKey":{"counter":-1,"key":"ghR0l3R28AmKhFisc36KmbvTnQrshBGxUAMf+54yjUU="},"chainType":1,"messageKeys":{}}},"pendingPreKey":{"signedKeyId":0,"baseKey":"BbjyZZ8DuOvqv3QOCvQHySXgQ16sVJbTi0OPeXtvMK0w","preKeyId":8050290}},"BZnGazUnSOsHCSOPoviqO1b0AdkJ1eXXR45Cry6l9sEw":{"registrationId":1189934287,"currentRatchet":{"ephemeralKeyPair":{"pubKey":"BeV1PKLGSIS7dD1SjobSftGUKNYf6W56323TMdFlvror","privKey":"uLeh4JseWD9zZ2BmiewY6hrbaO1k02Xne8cb0ugALXQ="},"lastRemoteEphemeralKey":"BZ7VN2H9gzWTweaLQmYmc8dSHCCju+hCVMsXl64pPjM9","previousCounter":0,"rootKey":"Tv1Y9PxPNIfFqco/0Pi0BEdtmwZuFdz8NPhkjlfhNSg="},"indexInfo":{"baseKey":"BZnGazUnSOsHCSOPoviqO1b0AdkJ1eXXR45Cry6l9sEw","baseKeyType":1,"closed":1756421519503,"used":1756421519166,"created":1756421519166,"remoteIdentityKey":"BWu+UCGiUwilTJKNmXxYT05CjkLuyg+QJjeX/NLrM+tY"},"_chains":{"BeV1PKLGSIS7dD1SjobSftGUKNYf6W56323TMdFlvror":{"chainKey":{"counter":-1,"key":"Y2rfzbTdRBX9BfxRUn4jRjQMICywcdDkyOfKf4mo5Ys="},"chainType":1,"messageKeys":{}}},"pendingPreKey":{"signedKeyId":0,"baseKey":"BZnGazUnSOsHCSOPoviqO1b0AdkJ1eXXR45Cry6l9sEw","preKeyId":8050285}},"BbUKGFaU1kBkTtpj+amfy86zDDkY9qppxYXzrfC24VoB":{"registrationId":1189934287,"currentRatchet":{"ephemeralKeyPair":{"pubKey":"BVs8d9n46AtMeZs58kHotCS1xxeMBIv5ipF6Mh97NYkz","privKey":"oB5gvm2moR/Bb1I95QW9Kt+xWYij8GlWW4p38dq3+Gs="},"lastRemoteEphemeralKey":"BZ7VN2H9gzWTweaLQmYmc8dSHCCju+hCVMsXl64pPjM9","previousCounter":0,"rootKey":"oitxUzKUy63rMdk04+buAdgrPhebRc9kzclP2tJAi3U="},"indexInfo":{"baseKey":"BbUKGFaU1kBkTtpj+amfy86zDDkY9qppxYXzrfC24VoB","baseKeyType":1,"closed":1756539025284,"used":1756421519502,"created":1756421519502,"remoteIdentityKey":"BWu+UCGiUwilTJKNmXxYT05CjkLuyg+QJjeX/NLrM+tY"},"_chains":{"BVs8d9n46AtMeZs58kHotCS1xxeMBIv5ipF6Mh97NYkz":{"chainKey":{"counter":2,"key":"W2XDAmY/6Vkch59rCJhhwxyNLNILz+EMoeVXlFcYxS4="},"chainType":1,"messageKeys":{}}},"pendingPreKey":{"signedKeyId":0,"baseKey":"BbUKGFaU1kBkTtpj+amfy86zDDkY9qppxYXzrfC24VoB","preKeyId":8050942}},"BcpOhD742pVe61B99W5i21qIZKp1RwX6BYDpFIcho71P":{"registrationId":1240201175,"currentRatchet":{"ephemeralKeyPair":{"pubKey":"BeqVQ6Sypbo0FonGyuKYXARnzBafkKGDMUY555iQm6Y9","privKey":"uJfHQq4RAFq12jS8VM6EtrJ9sVeQwpQXRd8FlqZgg0w="},"lastRemoteEphemeralKey":"BYjPHrljACf8ExOe3x5f68CKsDFPSThCZiMafKcQbJoz","previousCounter":0,"rootKey":"0wdj5HbsOVwfqXuBeu//y1EUF8h66Spdk8kkF7sq/Ts="},"indexInfo":{"baseKey":"BcpOhD742pVe61B99W5i21qIZKp1RwX6BYDpFIcho71P","baseKeyType":1,"closed":-1,"used":1756539025281,"created":1756539025281,"remoteIdentityKey":"Bd5xrwQmlEgdz3oarVeOz27Mw9hLJ0CRIQlAb2cJYd0m"},"_chains":{"BeqVQ6Sypbo0FonGyuKYXARnzBafkKGDMUY555iQm6Y9":{"chainKey":{"counter":0,"key":"y1wsDrxIg8YMN7Ce55vWxd0kgGMnODkgXGgImRQzt/4="},"chainType":1,"messageKeys":{}}},"pendingPreKey":{"signedKeyId":0,"baseKey":"BcpOhD742pVe61B99W5i21qIZKp1RwX6BYDpFIcho71P","preKeyId":13108946}}},"version":"v1"}