{"_sessions":{"BRsUEf4BfzR0wipYoBmNV9Aee5s38rnRb9YtOmj9o9lF":{"registrationId":10920,"currentRatchet":{"ephemeralKeyPair":{"pubKey":"Be/Kn/qDY/vGM4WjA7ZoNwFk2uL3oth4zRXLN7X5WHdh","privKey":"kEBQX8k4IF3r/z1++ZrVCcq3HiRcpY6AefD2RdiOuWg="},"lastRemoteEphemeralKey":"BXV3xt4qBuYQZZBncnFID4LGaj4Ohzg0udlOBCqx4pJA","previousCounter":0,"rootKey":"8kJ500shFYgbzE2O1k1J6XOnVTv1MZ5C//77l329O7E="},"indexInfo":{"baseKey":"BRsUEf4BfzR0wipYoBmNV9Aee5s38rnRb9YtOmj9o9lF","baseKeyType":1,"closed":-1,"used":1756270525138,"created":1756270525138,"remoteIdentityKey":"Bd0cE8s/hy1X+lpckLjPH2xBUnE1LIT76duLwrRSuVlL"},"_chains":{"Be/Kn/qDY/vGM4WjA7ZoNwFk2uL3oth4zRXLN7X5WHdh":{"chainKey":{"counter":8,"key":"/xq1eWLPVCJqXmEKtmHyJUZNdvwyLVneKnmer5sXyYE="},"chainType":1,"messageKeys":{}}},"pendingPreKey":{"signedKeyId":1,"baseKey":"BRsUEf4BfzR0wipYoBmNV9Aee5s38rnRb9YtOmj9o9lF","preKeyId":251}}},"version":"v1"}