{"_sessions":{"Bef8YCcKLz8QhBp2FUkkra43SmxDCazh6h/PemcOuwgC":{"registrationId":282808843,"currentRatchet":{"ephemeralKeyPair":{"pubKey":"BUT8qzrZhFfHB2PLcUcyRYXhfS0kdK1ly0BTVdVgZdYk","privKey":"iBN1TgNX54BRIvi2FE65LTJKCpwruXV107uZCd08EVg="},"lastRemoteEphemeralKey":"BUeVKORfkLCuv9UmrvXtStLFjg00yeo7ilIkxhOy9lEK","previousCounter":0,"rootKey":"ClGDDUx9CEWrEWlwrHrWckg9yu9/nlPmUOwjVux/aSw="},"indexInfo":{"baseKey":"Bef8YCcKLz8QhBp2FUkkra43SmxDCazh6h/PemcOuwgC","baseKeyType":1,"closed":-1,"used":1755481289029,"created":1755481289029,"remoteIdentityKey":"BbZyBrVH7BmIila4jvC44G+cnG7seavO+GfnHDUmPi8/"},"_chains":{"BUT8qzrZhFfHB2PLcUcyRYXhfS0kdK1ly0BTVdVgZdYk":{"chainKey":{"counter":4,"key":"WVSdHHuUExCTIs4asV6BOhPqYyer0csjhHpOUS+YjU0="},"chainType":1,"messageKeys":{}}},"pendingPreKey":{"signedKeyId":1,"baseKey":"Bef8YCcKLz8QhBp2FUkkra43SmxDCazh6h/PemcOuwgC","preKeyId":6381379}}},"version":"v1"}