{"_sessions":{"BWNCTArJG7lvZ0zLkyXc6wD8EfNLtjRiWZLrdamSDK9c":{"registrationId":492663249,"currentRatchet":{"ephemeralKeyPair":{"pubKey":"BZ+MwMfRLcxSRkXp4hKlBkr2I7wKiopnoKvk3wHb4OhR","privKey":"qAGQ3GaysaA6Lg9DXhStAZGDSIrNsGYpUwXddRI9OXg="},"lastRemoteEphemeralKey":"BRfmLhbCItFSMAbbe9rXAdSK8q5wnYbE1QUcWx81DoVc","previousCounter":0,"rootKey":"NtvZ45dM1NfFAcThZn1tfRNiUGUwBTbjuqoyljU9cDQ="},"indexInfo":{"baseKey":"BWNCTArJG7lvZ0zLkyXc6wD8EfNLtjRiWZLrdamSDK9c","baseKeyType":1,"closed":-1,"used":1755481289073,"created":1755481289073,"remoteIdentityKey":"BYGNJ3yW8umTs2kOTj9lQfwVGJoApUxYADuk+TpoiYQK"},"_chains":{"BZ+MwMfRLcxSRkXp4hKlBkr2I7wKiopnoKvk3wHb4OhR":{"chainKey":{"counter":4,"key":"chCYVJNsGQrTZry/2RzB2a4i0bpU1o7s5rKBJOFv2QQ="},"chainType":1,"messageKeys":{}}},"pendingPreKey":{"signedKeyId":13,"baseKey":"BWNCTArJG7lvZ0zLkyXc6wD8EfNLtjRiWZLrdamSDK9c","preKeyId":7111928}}},"version":"v1"}