{"_sessions":{"BcYMNl3FwzoATRFYCwHJKW8Nx7095ndCqldcNlsDqgsc":{"registrationId":1292634495,"currentRatchet":{"ephemeralKeyPair":{"pubKey":"BV3OtKZTOnIOx2Kr6DctDzptr/0j1qZ7Rx3f1wjObg14","privKey":"oGWBT7Jwr46tcVuJ28V1oUC0DoXbE6TJwAc+323wM3U="},"lastRemoteEphemeralKey":"BUkCXVyg5OXWyF7/IGWqn9a+8fPffp9wreQEo1EFGAMe","previousCounter":0,"rootKey":"a9O43bg8ML9RU0tvip4qGx/MP1Z5USr1SIdx3amhI40="},"indexInfo":{"baseKey":"BcYMNl3FwzoATRFYCwHJKW8Nx7095ndCqldcNlsDqgsc","baseKeyType":1,"closed":-1,"used":1755507317012,"created":1755507317012,"remoteIdentityKey":"Bfnq4n3as98vD7iX4bWP3KIB6IzBpMdd1QZviRYBoLtM"},"_chains":{"BV3OtKZTOnIOx2Kr6DctDzptr/0j1qZ7Rx3f1wjObg14":{"chainKey":{"counter":25,"key":"bF0+BgyuWtRumUuby5lTrhnCW6knRWZ0p20Ii9vamkk="},"chainType":1,"messageKeys":{}}},"pendingPreKey":{"signedKeyId":1,"baseKey":"BcYMNl3FwzoATRFYCwHJKW8Nx7095ndCqldcNlsDqgsc","preKeyId":1800}}},"version":"v1"}