{"_sessions":{"BZrlbRRO1W5lPge0MVJfB6rixktKS0vmx2NzZaWRphg1":{"registrationId":192800768,"currentRatchet":{"ephemeralKeyPair":{"pubKey":"BZRJszgR8KZ/cLgWDxf279VSgU0xDtB6++VKbVe+pm5v","privKey":"MPsMIbChUybKY0w3EjnxBylwbS8crkpjn8ko2+89uk0="},"lastRemoteEphemeralKey":"BV2ZzVQ1oWTa/9igTu0ABl6+iaTr/9LmygbAtO9f7lpk","previousCounter":0,"rootKey":"3Nl0JNG2N/qFsVwl3jLUze2hcRS/VqJlpGHBK3ipBus="},"indexInfo":{"baseKey":"BZrlbRRO1W5lPge0MVJfB6rixktKS0vmx2NzZaWRphg1","baseKeyType":1,"closed":-1,"used":1755507317161,"created":1755507317161,"remoteIdentityKey":"Bf3mi8RP6/TSnNi+2SXhle9Oi1mhRW0QffHCZXIVXQFj"},"_chains":{"BZRJszgR8KZ/cLgWDxf279VSgU0xDtB6++VKbVe+pm5v":{"chainKey":{"counter":25,"key":"Q2DyYtm6KPahLyxhkI5Su03uPoL96IuKM8wm+FAvddc="},"chainType":1,"messageKeys":{}}},"pendingPreKey":{"signedKeyId":2,"baseKey":"BZrlbRRO1W5lPge0MVJfB6rixktKS0vmx2NzZaWRphg1","preKeyId":10496100}}},"version":"v1"}