{"_sessions":{"BRGl0eXfBHrl2WebnZ8uqmbQS5WKjtgAgyom9W7BBWQv":{"registrationId":1917295858,"currentRatchet":{"ephemeralKeyPair":{"pubKey":"BRlexkHDg9R+JAOg4U+tdHyTx4QFl1hikZyXjpeV1po6","privKey":"2KI3V0cE18ivs1t3ZF0SCfLwsnk1L11xXl9Ajb4CRE4="},"lastRemoteEphemeralKey":"BU9yz1Zuw691KH+4tG4PPjnyZog0p/TOK0KfLnqCCbBb","previousCounter":0,"rootKey":"opTJxMXDxDaX2xHjn0roq1BnczqoysHXYRfHPYcJaGo="},"indexInfo":{"baseKey":"BRGl0eXfBHrl2WebnZ8uqmbQS5WKjtgAgyom9W7BBWQv","baseKeyType":1,"closed":-1,"used":1756270525608,"created":1756270525608,"remoteIdentityKey":"BapRNmXEodGotMHYb0bnxXlnkUH1Vt7Z6M7pFI+PNb4O"},"_chains":{"BRlexkHDg9R+JAOg4U+tdHyTx4QFl1hikZyXjpeV1po6":{"chainKey":{"counter":8,"key":"+5K0CeqQ/PMQ11QsemPI4Q0X0LGudGue7JBuF8tHs6s="},"chainType":1,"messageKeys":{}}},"pendingPreKey":{"signedKeyId":0,"baseKey":"BRGl0eXfBHrl2WebnZ8uqmbQS5WKjtgAgyom9W7BBWQv","preKeyId":10931978}}},"version":"v1"}