{"_sessions":{"BVNz+wHUeTn5q/LyJ+qcDjqJcJiGjDQGzTGgfamoR3Ia":{"registrationId":234,"currentRatchet":{"ephemeralKeyPair":{"pubKey":"BStB8Pqfna1O8AJf+ztHEbrLtd+t/mtIH5Iao45uEIN3","privKey":"IA5nWYuC6H3J87w3zr0gVM7lwAZhycO8KDP27FXf+GM="},"lastRemoteEphemeralKey":"BZTd2jzSP9O2p4UNW5hanAER/2Vl2kBmM49MnMDnnVlJ","previousCounter":0,"rootKey":"dZ5onJrcmxqbYdTDGz/ZmpPVbJhXUTkA4zCqqVe2g0E="},"indexInfo":{"baseKey":"BVNz+wHUeTn5q/LyJ+qcDjqJcJiGjDQGzTGgfamoR3Ia","baseKeyType":1,"closed":-1,"used":1755507317028,"created":1755507317028,"remoteIdentityKey":"Beee+qSkg7bwRDp/lVBZXCb//5pinaEN/LTnXCVbdiJq"},"_chains":{"BStB8Pqfna1O8AJf+ztHEbrLtd+t/mtIH5Iao45uEIN3":{"chainKey":{"counter":8,"key":"9vWgZ5gFvc52fUGigHFqGcuewcFq6g+f18pOANsfGaU="},"chainType":1,"messageKeys":{}}},"pendingPreKey":{"signedKeyId":1,"baseKey":"BVNz+wHUeTn5q/LyJ+qcDjqJcJiGjDQGzTGgfamoR3Ia"}}},"version":"v1"}