{"_sessions":{"Bb9BALPeOTV4IWwLRBPQ51nFzbEXTdV02LWQX70MRZUP":{"registrationId":171,"currentRatchet":{"ephemeralKeyPair":{"pubKey":"BQYmtQZKeoFJUBcfxR5AYe6nCezcBh2o+ndsGtKw49ps","privKey":"6KQGOMZEFtK7N//OkelHjk2OkmwO/bWQrD5xHIG3t1A="},"lastRemoteEphemeralKey":"BbLeb8DLbxbBlLlTE0D1h93WC5WolYKV1hYY63xhmdhz","previousCounter":0,"rootKey":"qqujosYt6tZIuevXY2YTkCgYsxsPpewEHiJ6tzF8K0c="},"indexInfo":{"baseKey":"Bb9BALPeOTV4IWwLRBPQ51nFzbEXTdV02LWQX70MRZUP","baseKeyType":1,"closed":1756027376131,"used":1756017838858,"created":1755968402467,"remoteIdentityKey":"BZbg2eS8k9++YKxCC1jrBMoK22GU4uz8ZL1RpFL07pQr"},"_chains":{"BbLeb8DLbxbBlLlTE0D1h93WC5WolYKV1hYY63xhmdhz":{"chainKey":{"counter":0,"key":"7ncS8wqUW/W9sd45OV5slWVz7vxggwkz6zaGQTYODTg="},"chainType":2,"messageKeys":{}},"BQYmtQZKeoFJUBcfxR5AYe6nCezcBh2o+ndsGtKw49ps":{"chainKey":{"counter":0,"key":"lSQdZaA5PWSHi7TdhyPpnbsCwRitxZEle79pndjhZ7Y="},"chainType":1,"messageKeys":{}}}},"BXWGaMY9r7VkV2iWeiK+ZVAyga95fhLEGb4DVyAyX/RA":{"registrationId":171,"currentRatchet":{"ephemeralKeyPair":{"pubKey":"BXYcV621t/uK7tZGR42QjZBCNYeAoFpjodUczXopX1sj","privKey":"4PBwol3qhrJt7hE4TxZFTOBOQ4e808N7Tu1kSOk4YnY="},"lastRemoteEphemeralKey":"BTscWIguRj1wqDednbfG56bctYUiK18Mc4nMCPF0rBlB","previousCounter":0,"rootKey":"aq63ELZmnTkojgUcXusuWpHkhJtwSB8ApT8YVxo+lDc="},"indexInfo":{"baseKey":"BXWGaMY9r7VkV2iWeiK+ZVAyga95fhLEGb4DVyAyX/RA","baseKeyType":2,"closed":1756027389281,"used":1756027376138,"created":1756027376138,"remoteIdentityKey":"BZbg2eS8k9++YKxCC1jrBMoK22GU4uz8ZL1RpFL07pQr"},"_chains":{"BTscWIguRj1wqDednbfG56bctYUiK18Mc4nMCPF0rBlB":{"chainKey":{"counter":0,"key":"LV+xIWlc/GIKYDxIpiMo2NeNuoMDuAuAL6ipHhcs+d0="},"chainType":2,"messageKeys":{}},"BXYcV621t/uK7tZGR42QjZBCNYeAoFpjodUczXopX1sj":{"chainKey":{"counter":-1,"key":"yW8km6pCIs3AcO7NrBAuhe5rJo2Sdh9wxWSFv5RodLQ="},"chainType":1,"messageKeys":{}}}},"BWEVZN9lYh3XuPUDV64p9xIk/ef9CXOBUc+JbJCsvbwK":{"registrationId":171,"currentRatchet":{"ephemeralKeyPair":{"pubKey":"BWAChUS9GhJjut+FBnWH+JMPERIEsAvkd4AZ27oNOTUQ","privKey":"iERn1cV1VRurD5eOPluwxTHNe1w5xfQes1bKTH5xYk0="},"lastRemoteEphemeralKey":"BWefoUnWGJDjtudrsBhV6eoMHrIhOBFfQm4n4AekeRZz","previousCounter":0,"rootKey":"BO632/qn4gc780dd0bCEQQQzSiLSaE7j6D6AMy6xtnQ="},"indexInfo":{"baseKey":"BWEVZN9lYh3XuPUDV64p9xIk/ef9CXOBUc+JbJCsvbwK","baseKeyType":1,"closed":1756027394534,"used":1756027389280,"created":1756027389280,"remoteIdentityKey":"BZbg2eS8k9++YKxCC1jrBMoK22GU4uz8ZL1RpFL07pQr"},"_chains":{"BWAChUS9GhJjut+FBnWH+JMPERIEsAvkd4AZ27oNOTUQ":{"chainKey":{"counter":-1,"key":"SCdCA9N+1cLGcqyhKUYH54paNZ1uLLPcMyd3+PkT7bo="},"chainType":1,"messageKeys":{}}},"pendingPreKey":{"signedKeyId":1,"baseKey":"BWEVZN9lYh3XuPUDV64p9xIk/ef9CXOBUc+JbJCsvbwK"}},"Bd0N5hcnfpPUuaqY/6DwB6LpzoERmjtbl3GCDQ2v+LYo":{"registrationId":171,"currentRatchet":{"ephemeralKeyPair":{"pubKey":"BYOzbFm8OSuaFkju7WhtBkwvYGKnWgsgWz1rgEN0mkUV","privKey":"gD47cAzCNgV9l86Oi0KT3OVZlthQlqyAoYK+U93BGVI="},"lastRemoteEphemeralKey":"BVhUIdGLeYT7wS3eLc3J/9tJzRRsbDTnUs+1d5qdIyRo","previousCounter":0,"rootKey":"8YvqSUk6M408JaFgkrFc7dQ5D446nzc/KtMMDLwOev8="},"indexInfo":{"baseKey":"Bd0N5hcnfpPUuaqY/6DwB6LpzoERmjtbl3GCDQ2v+LYo","baseKeyType":1,"closed":1756055650665,"used":1756055310254,"created":1756027394532,"remoteIdentityKey":"BZbg2eS8k9++YKxCC1jrBMoK22GU4uz8ZL1RpFL07pQr"},"_chains":{"BVlvC4hdiw/SsY/BYlKaqWYjhLmu/Bc/41FXfY2IchBd":{"chainKey":{"counter":0},"chainType":2,"messageKeys":{}},"BZ4DsEslcoZMcJGKnFSYP8I85h/aRDfBOhN2zdYhJcRD":{"chainKey":{"counter":0},"chainType":2,"messageKeys":{}},"BVhUIdGLeYT7wS3eLc3J/9tJzRRsbDTnUs+1d5qdIyRo":{"chainKey":{"counter":0,"key":"1CNki6VBx2vweqFC4DeS4trAvHc+hILTl3aCM0yTGCw="},"chainType":2,"messageKeys":{}},"BYOzbFm8OSuaFkju7WhtBkwvYGKnWgsgWz1rgEN0mkUV":{"chainKey":{"counter":-1,"key":"6BlXdQErCLLaKAqGLtU+0iAV+PduSEO02PxNNkDtfog="},"chainType":1,"messageKeys":{}}}},"Bdot+TRJEkHJgxl3D9tqFXQzFd6JW89DUrYf0n+TaPxw":{"registrationId":171,"currentRatchet":{"ephemeralKeyPair":{"pubKey":"BT9KOfIp+iIah+G1K2JiJeW97IQCGe/HzLX0UEzbfZZc","privKey":"mFdAWCA9qLrqDX2L4Aa5ltIZYtRW4napDeUBOAIJAEs="},"lastRemoteEphemeralKey":"Be/U1v7xU0k/0sYybl3RFXQfb/fDMWc6v7PmrGws85JE","previousCounter":0,"rootKey":"YBWSxLrmPQXIieLxLMeLh22d/V9C2r9Bu/53Xo00ffE="},"indexInfo":{"baseKey":"Bdot+TRJEkHJgxl3D9tqFXQzFd6JW89DUrYf0n+TaPxw","baseKeyType":2,"closed":1756106299016,"used":1756055650670,"created":1756055650670,"remoteIdentityKey":"BZbg2eS8k9++YKxCC1jrBMoK22GU4uz8ZL1RpFL07pQr"},"_chains":{"Be/U1v7xU0k/0sYybl3RFXQfb/fDMWc6v7PmrGws85JE":{"chainKey":{"counter":0,"key":"a3F69OnCQPDaZQ6g0pAIIOOcSPqNvUjmqYc/kolaIjo="},"chainType":2,"messageKeys":{}},"BT9KOfIp+iIah+G1K2JiJeW97IQCGe/HzLX0UEzbfZZc":{"chainKey":{"counter":0,"key":"mCbzTZwJZLjpl1GC2/jrSCh8bV4rOIDq/Tp4FU6Mtd8="},"chainType":1,"messageKeys":{}}}},"BVPLFqPKZ8S2giskVmEhSMfxpDdAJpYaS5sOfnG6AX5A":{"registrationId":171,"currentRatchet":{"ephemeralKeyPair":{"pubKey":"BU1v3ek1+X5eAYTHrrf98+YSOjLL0UTRgn/AoZntDpgl","privKey":"QLx4vGG5eooVyDz/TOlt1Ohs9CzANPGNGN20ieiJx2M="},"lastRemoteEphemeralKey":"BWefoUnWGJDjtudrsBhV6eoMHrIhOBFfQm4n4AekeRZz","previousCounter":0,"rootKey":"AzgAGoIDBn5gYUGD4ve8AhNL9mDlyx/MNRNRnLssZ5w="},"indexInfo":{"baseKey":"BVPLFqPKZ8S2giskVmEhSMfxpDdAJpYaS5sOfnG6AX5A","baseKeyType":1,"closed":1756106304271,"used":1756106299015,"created":1756106299015,"remoteIdentityKey":"BZbg2eS8k9++YKxCC1jrBMoK22GU4uz8ZL1RpFL07pQr"},"_chains":{"BU1v3ek1+X5eAYTHrrf98+YSOjLL0UTRgn/AoZntDpgl":{"chainKey":{"counter":-1,"key":"P5V5IPuG+MhgOawxE2sIZc5RZAMhLPKxmZP4mJ5rJKU="},"chainType":1,"messageKeys":{}}},"pendingPreKey":{"signedKeyId":1,"baseKey":"BVPLFqPKZ8S2giskVmEhSMfxpDdAJpYaS5sOfnG6AX5A","preKeyId":212}},"BQS33BWYddn6PTei5lloTcrNf7z6pe7UUOnUWhSXrUNC":{"registrationId":171,"currentRatchet":{"ephemeralKeyPair":{"pubKey":"BS3DGEFLZHEpB5EtXnsI5386U6PlDPWEdX73vhSwfqFM","privKey":"sDHQD794LGDV5GVVCxwN/rAKmP65M3t26FAQz4sfemU="},"lastRemoteEphemeralKey":"BWefoUnWGJDjtudrsBhV6eoMHrIhOBFfQm4n4AekeRZz","previousCounter":0,"rootKey":"oy2VSs2UVGMYPV4qQiMIPKF5kXxw6hjx+TTba9f92VQ="},"indexInfo":{"baseKey":"BQS33BWYddn6PTei5lloTcrNf7z6pe7UUOnUWhSXrUNC","baseKeyType":1,"closed":1756106305654,"used":1756106304270,"created":1756106304270,"remoteIdentityKey":"BZbg2eS8k9++YKxCC1jrBMoK22GU4uz8ZL1RpFL07pQr"},"_chains":{"BS3DGEFLZHEpB5EtXnsI5386U6PlDPWEdX73vhSwfqFM":{"chainKey":{"counter":-1,"key":"R3HEHMRSIu+nzBIoXW0LisnSjTE6uGdYOcOpH3gy9/g="},"chainType":1,"messageKeys":{}}},"pendingPreKey":{"signedKeyId":1,"baseKey":"BQS33BWYddn6PTei5lloTcrNf7z6pe7UUOnUWhSXrUNC","preKeyId":193}},"BVXXaSLHvNyu3MozyKQHcEC8iH2DmjzWzoGw1T/PegFg":{"registrationId":171,"currentRatchet":{"ephemeralKeyPair":{"pubKey":"Bbr26vuHzjzHK4tfa/3B5/cthvFiOwT7k/v+eeOHt9UH","privKey":"QLP6i3f0F75yRq2/n9snXsAg2pgDn7r1ymNec6c022g="},"lastRemoteEphemeralKey":"BSSMp6oG7CZP17rViuWypCJuxJV0PmeEU+PgWmlAv3Yp","previousCounter":1,"rootKey":"wg8btsKjzP6nvNbegi4sBJdAEWILWoxI2koRRvringI="},"indexInfo":{"baseKey":"BVXXaSLHvNyu3MozyKQHcEC8iH2DmjzWzoGw1T/PegFg","baseKeyType":2,"closed":1756260228421,"used":1756287319924,"created":1756106305661,"remoteIdentityKey":"BZbg2eS8k9++YKxCC1jrBMoK22GU4uz8ZL1RpFL07pQr"},"_chains":{"Bf4MGbzV0nAlXMM5gh1aeWvAPNrJ1YApy0fndpU17+1I":{"chainKey":{"counter":1},"chainType":2,"messageKeys":{}},"BcyxELY25tyOF5J1IYgHGE0ZOCDV7zE3LzvaerlfDn58":{"chainKey":{"counter":0},"chainType":2,"messageKeys":{}},"Bc89rYMRTqkFhZDRbGRcptO8yrytCNu34W6g9MMKwlw3":{"chainKey":{"counter":0},"chainType":2,"messageKeys":{}},"BdgkTZEZMIeGQBJTPicwLOxuksNVahTDCY1Vo+hlzZpe":{"chainKey":{"counter":3},"chainType":2,"messageKeys":{"3":"JB2ER5LFN0x3Wo5nb0DsLOpOsCNtXBdlpDt8UwtaZp0="}},"BdYmZP5xV1knVhilI3pZ1H5I/5Jjf0+eB4B02/jFdz9U":{"chainKey":{"counter":1},"chainType":2,"messageKeys":{"1":"wizHB1w837+3IL6nJWbLKOF8JfAIeSTuILgOcM4BxXM="}},"BWSRmz/+gGPo4syOVZ6ERLpVPK+4N2lAY7U2zOmucUlN":{"chainKey":{"counter":1},"chainType":2,"messageKeys":{}},"BTn3JGIBlm1TgaTwrPIDEpo5ZqQxTTWoECSirD+qdhk8":{"chainKey":{"counter":1},"chainType":2,"messageKeys":{}},"BRKScK+KyGw+s2z58qL5atL28Jg9Jui+k4VtXF5dnbIo":{"chainKey":{"counter":0},"chainType":2,"messageKeys":{}},"Beo83OBn6Z5U6/qnNRtLrYHQt8ItdQ+z7DotJQHo9KFb":{"chainKey":{"counter":0},"chainType":2,"messageKeys":{}},"BUV9zrfq9BvZcNAHatXuTCdXi6n2Ws7SuwxRd5l4tcBN":{"chainKey":{"counter":2},"chainType":2,"messageKeys":{}},"BaBGsUs2UF5Eu1UWwGAUUjl80Zs6N9Nlifv7e8vnj05X":{"chainKey":{"counter":0},"chainType":2,"messageKeys":{}},"BdUtTlowcEkkBwCLv8Gppghpiy4VZRLJA9gvXLs80+tr":{"chainKey":{"counter":0},"chainType":2,"messageKeys":{}},"BSSMp6oG7CZP17rViuWypCJuxJV0PmeEU+PgWmlAv3Yp":{"chainKey":{"counter":2,"key":"9ju1dvE0C+oap1OAQIQ/8WTgZbCVm2vkXsHsjFIMEL8="},"chainType":2,"messageKeys":{}},"Bbr26vuHzjzHK4tfa/3B5/cthvFiOwT7k/v+eeOHt9UH":{"chainKey":{"counter":-1,"key":"MTKqfRTNbR1ucodq4D3+lWCy2X9CQIqFcj0qhFbHn+E="},"chainType":1,"messageKeys":{}}}},"BdrrV5XbM9AXTHhJKMlwlZbUMQH+4DVSkzvyOUnONq0b":{"registrationId":171,"currentRatchet":{"ephemeralKeyPair":{"pubKey":"BX1DfJY3oSYy3BmypN18G16pQWee9hJSrxkIhirS/+kG","privKey":"EOaqtNyrdZsVlJ314HhdqZqtk3ZJGJsGNMxkajq6LXE="},"lastRemoteEphemeralKey":"BSSMp6oG7CZP17rViuWypCJuxJV0PmeEU+PgWmlAv3Yp","previousCounter":-1,"rootKey":"6u6gX/rkLBC+AX4MWh34bza5zAhgMpZsYK1+sFr0Wkk="},"indexInfo":{"baseKey":"BdrrV5XbM9AXTHhJKMlwlZbUMQH+4DVSkzvyOUnONq0b","baseKeyType":1,"closed":1756287334212,"used":1756260228419,"created":1756260228419,"remoteIdentityKey":"BZbg2eS8k9++YKxCC1jrBMoK22GU4uz8ZL1RpFL07pQr"},"_chains":{"BSSMp6oG7CZP17rViuWypCJuxJV0PmeEU+PgWmlAv3Yp":{"chainKey":{"counter":1,"key":"w4SB79YaX8ZJLymjvNUuRdcugmBWapo41lyHWkLaKoM="},"chainType":2,"messageKeys":{"0":"lN0pvDERhTD5VSBbNr37LqfnKVrI3iJgJqEtO0MVJuk="}},"BX1DfJY3oSYy3BmypN18G16pQWee9hJSrxkIhirS/+kG":{"chainKey":{"counter":1,"key":"Sba3RxBZ5cUb26D0056ujJuQUdWfRUj/awUQ8wHg5N4="},"chainType":1,"messageKeys":{}}},"pendingPreKey":{"signedKeyId":1,"baseKey":"BdrrV5XbM9AXTHhJKMlwlZbUMQH+4DVSkzvyOUnONq0b","preKeyId":326}},"BW+Mv2e/MLKPjnWCPrEJp6BCWEY0ETOdP7qODLPRbUM0":{"registrationId":171,"currentRatchet":{"ephemeralKeyPair":{"pubKey":"BW5+FpK4ehJiDRYEUCeyuziX572uq2tQztbqPtC10/wo","privKey":"uMmBagZWqrIuTd9gKSBtE0T+P3LX4kLpyWryrJ5nEXk="},"lastRemoteEphemeralKey":"BWefoUnWGJDjtudrsBhV6eoMHrIhOBFfQm4n4AekeRZz","previousCounter":0,"rootKey":"5YHT90mO/x7TobI/KnT2WmZrVDLnhlMxux9GCaYAO14="},"indexInfo":{"baseKey":"BW+Mv2e/MLKPjnWCPrEJp6BCWEY0ETOdP7qODLPRbUM0","baseKeyType":1,"closed":1756287339718,"used":1756287334210,"created":1756287334210,"remoteIdentityKey":"BZbg2eS8k9++YKxCC1jrBMoK22GU4uz8ZL1RpFL07pQr"},"_chains":{"BW5+FpK4ehJiDRYEUCeyuziX572uq2tQztbqPtC10/wo":{"chainKey":{"counter":-1,"key":"dU5w6++NgmK2+45ALaALFPlzkXy+XIDjzdUEI+VIiAM="},"chainType":1,"messageKeys":{}}},"pendingPreKey":{"signedKeyId":1,"baseKey":"BW+Mv2e/MLKPjnWCPrEJp6BCWEY0ETOdP7qODLPRbUM0","preKeyId":322}},"BVOnQ5Oih1IbHo29v5py13DiEKZ6xL378uJQNXzeOWhc":{"registrationId":171,"currentRatchet":{"ephemeralKeyPair":{"pubKey":"BZhVnvAuAARLs/uMhgw8KgVe4xhg8rsWg2uL/rlG1b9/","privKey":"uA05MVCLESiEkIBT7tUWgo3ex/IGNn3P5XigM6pRpmk="},"lastRemoteEphemeralKey":"BWefoUnWGJDjtudrsBhV6eoMHrIhOBFfQm4n4AekeRZz","previousCounter":0,"rootKey":"lbZtjFyGex7VpSfkT2M2wpmyFpIoDWt4dFS1TD53EYg="},"indexInfo":{"baseKey":"BVOnQ5Oih1IbHo29v5py13DiEKZ6xL378uJQNXzeOWhc","baseKeyType":1,"closed":-1,"used":1756287339716,"created":1756287339716,"remoteIdentityKey":"BZbg2eS8k9++YKxCC1jrBMoK22GU4uz8ZL1RpFL07pQr"},"_chains":{"BZhVnvAuAARLs/uMhgw8KgVe4xhg8rsWg2uL/rlG1b9/":{"chainKey":{"counter":8,"key":"r/Z5zEyyhn1MuUHDYpCvF7FLbPv7XLkWK5hUdp1FKGs="},"chainType":1,"messageKeys":{}}},"pendingPreKey":{"signedKeyId":1,"baseKey":"BVOnQ5Oih1IbHo29v5py13DiEKZ6xL378uJQNXzeOWhc","preKeyId":312}}},"version":"v1"}