{"_sessions":{"Bdb0uwcemHxwIVGoffFrJt+cG52vZduCbyv04M5kaGV4":{"registrationId":60,"currentRatchet":{"ephemeralKeyPair":{"pubKey":"BemFIXNsuNJUqx9kb55CviqJnjDBDt0VA9GPZNUSXoFA","privKey":"MH7kpx/V/7a0Dr9PdG15r7hpmdnCsboBREWzrBG2OGk="},"lastRemoteEphemeralKey":"BeIP0goesnx4XPCpVrcqDWBS3EK5qYPZQZR1rpFk94sf","previousCounter":0,"rootKey":"dBxOL2kQ0Ux+wBuaVEdz28ULQaanD/drsr6vHKQaiAY="},"indexInfo":{"baseKey":"Bdb0uwcemHxwIVGoffFrJt+cG52vZduCbyv04M5kaGV4","baseKeyType":1,"closed":-1,"used":1755492398326,"created":1755492398326,"remoteIdentityKey":"BS89lFJE6sSnNzWOQ2f8YY7od4emlHKbAXOES34dbcdf"},"_chains":{"BemFIXNsuNJUqx9kb55CviqJnjDBDt0VA9GPZNUSXoFA":{"chainKey":{"counter":64,"key":"BoUWJZKQSnHC2lzVDwc3DtjStnNbDvI2aeNx+r+3LqQ="},"chainType":1,"messageKeys":{}}},"pendingPreKey":{"signedKeyId":1,"baseKey":"Bdb0uwcemHxwIVGoffFrJt+cG52vZduCbyv04M5kaGV4"}}},"version":"v1"}