{"_sessions":{"BbBXRCTQQRjH/F/KHIhxtgpaxbrCfadQ99EWHIP0Khwv":{"registrationId":1154630820,"currentRatchet":{"ephemeralKeyPair":{"pubKey":"BW0r/gocvD1DmUP2gw+otVuZ7KZfnrkCeXx/sraS8XNP","privKey":"gL9UGfbuhFXOFGo1Rebc/6BYGtT4Cbmv/UIELSCX10k="},"lastRemoteEphemeralKey":"BUPYZXdtzGbJZ/9q1nKhq5/0JMoB51nZjIYHa83GffUu","previousCounter":0,"rootKey":"i9z/a/osU/9qug399YIbNF+kfeb5FeYfN9UmuWIF7fY="},"indexInfo":{"baseKey":"BbBXRCTQQRjH/F/KHIhxtgpaxbrCfadQ99EWHIP0Khwv","baseKeyType":2,"closed":-1,"used":1755492386627,"created":1755492386627,"remoteIdentityKey":"BQWKCRYqcPAwdfVBMIs3qhSM9zn1Y8WUnDqmrSDN8b0k"},"_chains":{"BUPYZXdtzGbJZ/9q1nKhq5/0JMoB51nZjIYHa83GffUu":{"chainKey":{"counter":0,"key":"Go3iNhvMVmvI1QYWtu+RvugKtlzdEvCr4NGFp2MQ7cc="},"chainType":2,"messageKeys":{}},"BW0r/gocvD1DmUP2gw+otVuZ7KZfnrkCeXx/sraS8XNP":{"chainKey":{"counter":68,"key":"J8Jz4+Mu4veQf1YqfoOATC+5SHdtmroyreTKKZjIwuU="},"chainType":1,"messageKeys":{}}}}},"version":"v1"}