{"_sessions":{"BW3OduMAmx6VYawIHaHohxXC+qN2VsZ5Qbi0sWTQbI1M":{"registrationId":223,"currentRatchet":{"ephemeralKeyPair":{"pubKey":"BR5ICuzQqvKbSVn8J/IU4fEOzaEZEkhpJ419fXHa6GEH","privKey":"OERkXvHPeYLo1O3pMkNfKWrSodT9O04a00c3SLhU8XU="},"lastRemoteEphemeralKey":"BWbKusW7bIA3YNXhiP08em1HVcp1Q2HAbGBtqAtMNY4Y","previousCounter":0,"rootKey":"9jVcfQOhbPbG6HbCdqcSxQkC8TpZQKzVNdsBKs7LWnw="},"indexInfo":{"baseKey":"BW3OduMAmx6VYawIHaHohxXC+qN2VsZ5Qbi0sWTQbI1M","baseKeyType":1,"closed":-1,"used":1756387430210,"created":1756387430210,"remoteIdentityKey":"BS8e1xyfIRow9ttiRyy4dFdyLjSAzKP6LTNJHHoeSLF1"},"_chains":{"BR5ICuzQqvKbSVn8J/IU4fEOzaEZEkhpJ419fXHa6GEH":{"chainKey":{"counter":23,"key":"QYakakiYeG6z5xMv+OLztqDzASrKxuJBDom0oHtSy8A="},"chainType":1,"messageKeys":{}}},"pendingPreKey":{"signedKeyId":1,"baseKey":"BW3OduMAmx6VYawIHaHohxXC+qN2VsZ5Qbi0sWTQbI1M","preKeyId":41}}},"version":"v1"}