{"_sessions":{"BQ7T4FN/m++8FAydsKeB2hqRLp2PYQLlVQFELlRMqkZZ":{"registrationId":1520602294,"currentRatchet":{"ephemeralKeyPair":{"pubKey":"BSFJVWd4wF9AuRaiaToam1aJcs4Y5/a0hN9EbDvlFoV2","privKey":"WHZiZi2CR06ZKYAQd1baNY09lBH/C+7f5XvdIetLPXo="},"lastRemoteEphemeralKey":"BcsMye3rtzTKeXS7AUD72kXywWJ97aCOY1EEJT4RC68U","previousCounter":0,"rootKey":"yx7LWC0tYtu7JncwiE/nui91mFGuaw4XU8ElT8YqaBw="},"indexInfo":{"baseKey":"BQ7T4FN/m++8FAydsKeB2hqRLp2PYQLlVQFELlRMqkZZ","baseKeyType":1,"closed":-1,"used":1756270525538,"created":1756270525538,"remoteIdentityKey":"BVVVbbBfIhu3Ca84Zn++75gD1+bJu4V1zfRXfTx8ykhe"},"_chains":{"BSFJVWd4wF9AuRaiaToam1aJcs4Y5/a0hN9EbDvlFoV2":{"chainKey":{"counter":8,"key":"O1/7Ta6FOXn9ba5DKQ+Vr5B9GGvfjtHVNPCOt3mpy08="},"chainType":1,"messageKeys":{}}},"pendingPreKey":{"signedKeyId":3,"baseKey":"BQ7T4FN/m++8FAydsKeB2hqRLp2PYQLlVQFELlRMqkZZ","preKeyId":3308596}}},"version":"v1"}