{"_sessions":{"BUnsFXs4QKViXHYp4oUHmuHZ0KCqBca8cgZgQEjejyIp":{"registrationId":8135,"currentRatchet":{"ephemeralKeyPair":{"pubKey":"BVGKfmApvB53ojKX4k5m94qKwuzGUjIQEhTmOMjFOSxd","privKey":"OKVGEu/mMz/UPXLx9HniabT34I7TSf9B+5LVps41llM="},"lastRemoteEphemeralKey":"BYDRGdyTwEJUR9PTtm/dGHcqd1eOM85K2Prkfkd0iLwl","previousCounter":0,"rootKey":"iz82OVkBI+D+qG7Png6vFuS62YkvY65lsyhjN+VOGfk="},"indexInfo":{"baseKey":"BUnsFXs4QKViXHYp4oUHmuHZ0KCqBca8cgZgQEjejyIp","baseKeyType":1,"closed":-1,"used":1756539832531,"created":1756539832531,"remoteIdentityKey":"BcCfhmSH0CEZvBOL0WS5/zyulxPsO8u8pHlbIPbNb/g0"},"_chains":{"BVGKfmApvB53ojKX4k5m94qKwuzGUjIQEhTmOMjFOSxd":{"chainKey":{"counter":2,"key":"LHDeVENNoqpey1Sr5/5J2iteV0y9bSDB+t2Qmi/E3qA="},"chainType":1,"messageKeys":{}}},"pendingPreKey":{"signedKeyId":1,"baseKey":"BUnsFXs4QKViXHYp4oUHmuHZ0KCqBca8cgZgQEjejyIp","preKeyId":34}}},"version":"v1"}