{"_sessions":{"BagkW96PtfUqQCCWQSUS3ZQ5Oqk5Kz9zjb4CZ8ly7QIz":{"registrationId":1160517738,"currentRatchet":{"ephemeralKeyPair":{"pubKey":"BTYvyXN6w3c8ZeqfkZO3fRKrlmfI4g3QlZpVNuxJkdMO","privKey":"aPpwFiX5w261DTGEaEHwlfuLIdo/r4i5tqVwZe9Lq1c="},"lastRemoteEphemeralKey":"BWM/5zyQsuj4aRf7d3GVwRwIny31leb2Q1bWpQxYgbdY","previousCounter":0,"rootKey":"SBRz5wd+GiV1QhpLdsRTTbFVueu+h5/nT+cV/J0Am7M="},"indexInfo":{"baseKey":"BagkW96PtfUqQCCWQSUS3ZQ5Oqk5Kz9zjb4CZ8ly7QIz","baseKeyType":1,"closed":-1,"used":1755507317603,"created":1755507317603,"remoteIdentityKey":"BZkY++wupEApR/Mz4Aw5DGN1YExg5D5MfdWIf2CYLOR8"},"_chains":{"BTYvyXN6w3c8ZeqfkZO3fRKrlmfI4g3QlZpVNuxJkdMO":{"chainKey":{"counter":25,"key":"rUIJ7uX0bZJMtnStxOqDRESy53+dX8RM1pePg5zlRuU="},"chainType":1,"messageKeys":{}}},"pendingPreKey":{"signedKeyId":7,"baseKey":"BagkW96PtfUqQCCWQSUS3ZQ5Oqk5Kz9zjb4CZ8ly7QIz","preKeyId":9839397}}},"version":"v1"}