{"_sessions":{"BdGejb9FfaehPeGBxQfnrEgfz7RmsKR5DpbghZLZoMQs":{"registrationId":1739543871,"currentRatchet":{"ephemeralKeyPair":{"pubKey":"BU5laR0hK40dMA9UC5Hxt5zOanbxvwYKMmx+CNddI0wl","privKey":"uCQ/VdLapWRkZ/ygwpKcdmyTfjwag+rhnvN3KHm3FFQ="},"lastRemoteEphemeralKey":"BQsUmObsN45GDyCAXT/4jv5cNzzeiMlqqJMYaVCBBxoi","previousCounter":0,"rootKey":"BB2w05ahQ2qmnZdPkhb8RgDr7KCYjawZg9XynhsudKE="},"indexInfo":{"baseKey":"BdGejb9FfaehPeGBxQfnrEgfz7RmsKR5DpbghZLZoMQs","baseKeyType":1,"closed":-1,"used":1756270525687,"created":1756270525687,"remoteIdentityKey":"BbmeVKvB/TuL+RTSYjT99+7AsIINzJiU7PbjSng0nWIK"},"_chains":{"BU5laR0hK40dMA9UC5Hxt5zOanbxvwYKMmx+CNddI0wl":{"chainKey":{"counter":8,"key":"OOFuynG1W9hTGkpXZPHOLGJdlbTLNOKfyIGtz5NDX5A="},"chainType":1,"messageKeys":{}}},"pendingPreKey":{"signedKeyId":5,"baseKey":"BdGejb9FfaehPeGBxQfnrEgfz7RmsKR5DpbghZLZoMQs","preKeyId":10101643}}},"version":"v1"}