{"_sessions":{"BRwJBA0cmYxl5744kyUbKzSJVNGhhIibq/66l2U1iDEj":{"registrationId":137,"currentRatchet":{"ephemeralKeyPair":{"pubKey":"BXwIoxPl8Cs1NBPFoZUPzXJwdbxyAL36+BQ2VjNy9HpS","privKey":"mNotxRuUngq6yNGoMPn9qQhkESbhzhyj6Wl6wLTIrHM="},"lastRemoteEphemeralKey":"BYRdfMX/Qc+qOOeXEnyTaGgQzi4/H5rWmS1RhytjllMs","previousCounter":0,"rootKey":"BBoZpjp0GgMA+1Yv8K9qlobx02jmJGnY9TLMbW8nhnQ="},"indexInfo":{"baseKey":"BRwJBA0cmYxl5744kyUbKzSJVNGhhIibq/66l2U1iDEj","baseKeyType":1,"closed":-1,"used":1755481289198,"created":1755481289198,"remoteIdentityKey":"BQEOSpqLwgTLSgYMYFW4b4sPQyvQjAWyPrsi+k+dVFg9"},"_chains":{"BXwIoxPl8Cs1NBPFoZUPzXJwdbxyAL36+BQ2VjNy9HpS":{"chainKey":{"counter":81,"key":"tFmxd6r6PDTfJpJk2yFXMfpp1m14c2xtNmReeqzTIUs="},"chainType":1,"messageKeys":{}}},"pendingPreKey":{"signedKeyId":1,"baseKey":"BRwJBA0cmYxl5744kyUbKzSJVNGhhIibq/66l2U1iDEj","preKeyId":4}}},"version":"v1"}