{"_sessions":{"BQKtYJLF6oKu78z6WNRTt9zMMT7NWFA2gACx5l7baLFu":{"registrationId":1909225968,"currentRatchet":{"ephemeralKeyPair":{"pubKey":"BYEJkCCBxuKUEr8FE6Vz6zNhi0wl6EgD0LfyrPNvmP9M","privKey":"WGii6gDdOSGIyWLdoojxdW1bhDDiGzGY9lTJAPcpqX4="},"lastRemoteEphemeralKey":"BQJiJZ+c1hdY9RhQPFry0gwaoZilx0C/LtxpAJ7bnpwM","previousCounter":0,"rootKey":"45FsMW4oYLx2PYUWNXWfgQvRjORZT9O0kldVOhxu3Mw="},"indexInfo":{"baseKey":"BQKtYJLF6oKu78z6WNRTt9zMMT7NWFA2gACx5l7baLFu","baseKeyType":1,"closed":-1,"used":1756270525701,"created":1756270525701,"remoteIdentityKey":"BUfyIIYDIhv8HWEw8ZmZUdwXi7Ea4XWC/O/rgHAdWNN1"},"_chains":{"BYEJkCCBxuKUEr8FE6Vz6zNhi0wl6EgD0LfyrPNvmP9M":{"chainKey":{"counter":8,"key":"ytGE4jwI3+23MP7Di2FWGiwJIduUf7aZ7g8RAw8RcIA="},"chainType":1,"messageKeys":{}}},"pendingPreKey":{"signedKeyId":14,"baseKey":"BQKtYJLF6oKu78z6WNRTt9zMMT7NWFA2gACx5l7baLFu","preKeyId":16141671}}},"version":"v1"}