{"_sessions":{"Bbmfj3GH6LkgFWwgewkKsK285Ks8NIHW7j44mBc88BV4":{"registrationId":636685981,"currentRatchet":{"ephemeralKeyPair":{"pubKey":"BVV6f1Xigq3ipqAay0jKaX+/54KL/K3OA9HSLa+vV0Es","privKey":"+DPwJlHsVp8/XMapAExuNNFV0tDZ29Ln58UF0Z9k+VM="},"lastRemoteEphemeralKey":"BY9+gKwWGs5cFw6yysblycdNbBjp0qzxv9FKYXwyJsd7","previousCounter":0,"rootKey":"LC/dCYvrH53HF2MvUGYYpz4mCCrhxAEHRxc/bESEAyc="},"indexInfo":{"baseKey":"Bbmfj3GH6LkgFWwgewkKsK285Ks8NIHW7j44mBc88BV4","baseKeyType":1,"closed":-1,"used":1756270525356,"created":1756270525356,"remoteIdentityKey":"BaeqbAdIUSpAlOYNP+Jb5FIYqoHpUt++xvIkhUxxMO0G"},"_chains":{"BVV6f1Xigq3ipqAay0jKaX+/54KL/K3OA9HSLa+vV0Es":{"chainKey":{"counter":8,"key":"0RecDg6j0EwrHijNFowwZw6W9NG85LHk+O8Om0DS6HQ="},"chainType":1,"messageKeys":{}}},"pendingPreKey":{"signedKeyId":18,"baseKey":"Bbmfj3GH6LkgFWwgewkKsK285Ks8NIHW7j44mBc88BV4","preKeyId":8152487}}},"version":"v1"}