{"_sessions":{"BdhInr3oYu7hPNcfs6EWWytvKl1YyzOOmnPvq1/pJaZO":{"registrationId":274240608,"currentRatchet":{"ephemeralKeyPair":{"pubKey":"BY5eIhTwsIbnTn9Bx+a3hUXBTtx855GqYn/V72nv+DxZ","privKey":"0DBmffg5J7UsIeA8v9sZBmr77KMryZOd0hcAdh7P/mw="},"lastRemoteEphemeralKey":"BRnBipbT7Zni/rwMqvfqjW/vDXn8NfyFJ9Tlt+n34i04","previousCounter":0,"rootKey":"4arFmDDlFUMYqmfdotQ91SyCuOF5YW6NqOzI9MBzMbQ="},"indexInfo":{"baseKey":"BdhInr3oYu7hPNcfs6EWWytvKl1YyzOOmnPvq1/pJaZO","baseKeyType":1,"closed":-1,"used":1756386234704,"created":1755481289163,"remoteIdentityKey":"BfpFb0nWhAHhq3TNqDHj4xnroCORUhA/x4LsIKdTg0pt"},"_chains":{"BSFZj7DTdZGwh+Qddt62phqClgOTRgKfPZgsr0sakXJo":{"chainKey":{"counter":0},"chainType":2,"messageKeys":{}},"Bfh6eAMPb7WA08inviwRmdFPo+QHKAOEPMo3fIxgWbFc":{"chainKey":{"counter":0},"chainType":2,"messageKeys":{}},"Bd2rtVexvf5eXL1sZEAHtG2XJnaJicavD+uS2sh0b2BH":{"chainKey":{"counter":0},"chainType":2,"messageKeys":{}},"BbeaxM5tXkEBJe5SC6VDBQ204q5DmtoLh6Qy2hLp24BI":{"chainKey":{"counter":1},"chainType":2,"messageKeys":{}},"BRnBipbT7Zni/rwMqvfqjW/vDXn8NfyFJ9Tlt+n34i04":{"chainKey":{"counter":0,"key":"SMWS0tgen0UXuBn/KXo3g1uVNGlhgR8rVdJL6R2WnYQ="},"chainType":2,"messageKeys":{}},"BY5eIhTwsIbnTn9Bx+a3hUXBTtx855GqYn/V72nv+DxZ":{"chainKey":{"counter":-1,"key":"017rXF6I5170NNUazw46d2brtKyo4EbvWXYqeHBtwrI="},"chainType":1,"messageKeys":{}}}}},"version":"v1"}