{"_sessions":{"Ba778zL2cWLAaU/9g5jee6/E/mEG9oYh+6ZRHtQ6RnsV":{"registrationId":309233027,"currentRatchet":{"ephemeralKeyPair":{"pubKey":"Bd4Rl++mWsCL5rq3OYVLWSYT1+WExmZuyvwctwdWMDxt","privKey":"EEBOvynZAZfzA3Xq3Doks2hA1zZgafQENhjof41XZWM="},"lastRemoteEphemeralKey":"BYqX7q3TfoB0NkHsWpv1bNeI2VyqbbGjPWcxaPkBWuJH","previousCounter":0,"rootKey":"tMURvQnAj8ssEynzihxQIk5ZI+slug+6vRQsTO9THzQ="},"indexInfo":{"baseKey":"Ba778zL2cWLAaU/9g5jee6/E/mEG9oYh+6ZRHtQ6RnsV","baseKeyType":1,"closed":-1,"used":1755507317025,"created":1755507317025,"remoteIdentityKey":"BSI/YYvvNytD40JZfLdZHmaltAp0a58UfylirFVTdCEW"},"_chains":{"Bd4Rl++mWsCL5rq3OYVLWSYT1+WExmZuyvwctwdWMDxt":{"chainKey":{"counter":25,"key":"+ewdMBkMkySkbkru2htuLLFO75qURpJV1mRCLdC9FJQ="},"chainType":1,"messageKeys":{}}},"pendingPreKey":{"signedKeyId":5232352,"baseKey":"Ba778zL2cWLAaU/9g5jee6/E/mEG9oYh+6ZRHtQ6RnsV","preKeyId":10264}}},"version":"v1"}