{"_sessions":{"BVMBBpmk2nzW0TcCdXxs6FuwTE9Aw5ivuUSzgMoEiZg9":{"registrationId":1222882985,"currentRatchet":{"ephemeralKeyPair":{"pubKey":"BZxiTfgpM8Jv4FWZRrC6jjk1km51gv1rk3ygZyfRLish","privKey":"CDQvQlbBNQ0yjYTM1Q1XJQq7Sy4AH41hVns+XbOkeFc="},"lastRemoteEphemeralKey":"BWc+6OLqWXIkaFaf2UGZ5x4bJXrvVGdG5/guQlYZr+Y9","previousCounter":0,"rootKey":"nKLX7AKsyDJ92XBGJ4YKICX/OqklXQ16mDA0lZBtk+4="},"indexInfo":{"baseKey":"BVMBBpmk2nzW0TcCdXxs6FuwTE9Aw5ivuUSzgMoEiZg9","baseKeyType":1,"closed":1755840440960,"used":1755492398183,"created":1755492398183,"remoteIdentityKey":"BZJ428ZLUgi1g1TQFFDYuAloyFvfmedaXNMGEbulWIMe"},"_chains":{"BZxiTfgpM8Jv4FWZRrC6jjk1km51gv1rk3ygZyfRLish":{"chainKey":{"counter":25,"key":"dS8S06fY+Bv36TfQbkrZ9HcggOncVqGPuVw/3/5K/J4="},"chainType":1,"messageKeys":{}}},"pendingPreKey":{"signedKeyId":12,"baseKey":"BVMBBpmk2nzW0TcCdXxs6FuwTE9Aw5ivuUSzgMoEiZg9","preKeyId":14665582}},"BWB+GGseCCBL0OyhlF3fbDRmYIYXGQeNqDpiTr4KAOAr":{"registrationId":797094663,"currentRatchet":{"ephemeralKeyPair":{"pubKey":"BWD7UQRr0qJdbkYkeqeiKDsQnxhvyEEGhGO1NoOzXI0/","privKey":"YIU2XDSS9xkXCsCp38uYCs9eU2vMlPlTpyRTxN+I+n8="},"lastRemoteEphemeralKey":"BfMnVIPXFICukjSAgrdOw0R/OEZc0Dq+z3P5EjDsD9ss","previousCounter":0,"rootKey":"kciU5n1wovNe/HEdnyh6ke/E2zm7P7ldgHaxSiWj5s0="},"indexInfo":{"baseKey":"BWB+GGseCCBL0OyhlF3fbDRmYIYXGQeNqDpiTr4KAOAr","baseKeyType":1,"closed":-1,"used":1755840440957,"created":1755840440957,"remoteIdentityKey":"BSG6FhVddOJ/AtJ+qUHF1j/CZFi+aUIwdaARwqCBj91X"},"_chains":{"BWD7UQRr0qJdbkYkeqeiKDsQnxhvyEEGhGO1NoOzXI0/":{"chainKey":{"counter":42,"key":"jOLrUmaHNmhIwlOAYElWarwyL2zOfHZP5k4VxL7T1j4="},"chainType":1,"messageKeys":{}}},"pendingPreKey":{"signedKeyId":0,"baseKey":"BWB+GGseCCBL0OyhlF3fbDRmYIYXGQeNqDpiTr4KAOAr","preKeyId":3769415}}},"version":"v1"}