{"_sessions":{"Bec9IAWA1BQBLeivWWsRjsOTTC2tt9TMEwK6du5+KGEv":{"registrationId":74562746,"currentRatchet":{"ephemeralKeyPair":{"pubKey":"BeOABU+kRMu7Q8jLpuiOFwAQ+gV213w9jpa+6X1R4e1l","privKey":"0J0iTUBweDa8SRBvrKRjY0PwdC8C8AIT/qD3+IVOE0I="},"lastRemoteEphemeralKey":"BdgtaLr5lKgGpkeFDLkZ6zf0zx2JDs/0xc4bnCX88KJv","previousCounter":0,"rootKey":"et1dX9UBrhstDv9H+4OJaESC0FmkP7fzGCZdARziNT8="},"indexInfo":{"baseKey":"Bec9IAWA1BQBLeivWWsRjsOTTC2tt9TMEwK6du5+KGEv","baseKeyType":1,"closed":-1,"used":1755492398199,"created":1755492398199,"remoteIdentityKey":"Bf1HII7WQ5IP8KnvTXHBpFEIHlAdpofSasc+r8VoADsa"},"_chains":{"BeOABU+kRMu7Q8jLpuiOFwAQ+gV213w9jpa+6X1R4e1l":{"chainKey":{"counter":68,"key":"1yYgwrgX9y42D3javl6JU+5rslXTDoTGAprgqY3ipvc="},"chainType":1,"messageKeys":{}}},"pendingPreKey":{"signedKeyId":5,"baseKey":"Bec9IAWA1BQBLeivWWsRjsOTTC2tt9TMEwK6du5+KGEv","preKeyId":7636211}}},"version":"v1"}