{"_sessions":{"BeQfzlKwCzQJrh7gJVsWzvdD+vH3PRgPj4UrYr6b0OA+":{"registrationId":2410,"currentRatchet":{"ephemeralKeyPair":{"pubKey":"BUTdewxdxn8tYhz89H0un3iGMppLkbPGJgt6zPbu32wi","privKey":"EAHF7iREf6PygvQC34IwpbJerE8bDIxdDWbjgy7gF14="},"lastRemoteEphemeralKey":"Be2NHvH+ggmGSfZczpWIPA7nPYvmiiQ6v6dFv4PGPnI7","previousCounter":0,"rootKey":"QUgNWovvJQOcf1nBtzU4w3tCXfQI6BhZIQ1aNdKUlJM="},"indexInfo":{"baseKey":"BeQfzlKwCzQJrh7gJVsWzvdD+vH3PRgPj4UrYr6b0OA+","baseKeyType":1,"closed":-1,"used":1756270525257,"created":1756270525257,"remoteIdentityKey":"BVhAfRcaBHT0xs7P7mM7ta90ODWcRKoxHWVL/+X2UK4r"},"_chains":{"BUTdewxdxn8tYhz89H0un3iGMppLkbPGJgt6zPbu32wi":{"chainKey":{"counter":8,"key":"hQy01/Q7CrZXIU77niSjHhQRlyKMgnWXI864+LE38eI="},"chainType":1,"messageKeys":{}}},"pendingPreKey":{"signedKeyId":1,"baseKey":"BeQfzlKwCzQJrh7gJVsWzvdD+vH3PRgPj4UrYr6b0OA+"}}},"version":"v1"}