{"_sessions":{"Bdb2SPAf6awxkS8Ev8VKcyFqeSWyUwJtUAmafAXMXsIc":{"registrationId":362230720,"currentRatchet":{"ephemeralKeyPair":{"pubKey":"BVHgLps9mgzTXP35RHg73BnPw/gAGfbaDDsdnFZZ0wlZ","privKey":"4E6vV3s7wKCXZSPqzAacwfzTPws6wBGJjCVfPKuvGHU="},"lastRemoteEphemeralKey":"BWO+WsCu52YJZV+un/Rr5kpBsBF2QIKyqTeoKHljlnwY","previousCounter":0,"rootKey":"Lp5Kq+ucwC6273EsEpCAmVbpeioqd/elPqhLl2UNVeM="},"indexInfo":{"baseKey":"Bdb2SPAf6awxkS8Ev8VKcyFqeSWyUwJtUAmafAXMXsIc","baseKeyType":1,"closed":-1,"used":1755507317523,"created":1755507317523,"remoteIdentityKey":"BZTQxGhzm0waoGMyQOFTQ3kpw+cs23LC+UQv0sSToHU0"},"_chains":{"BVHgLps9mgzTXP35RHg73BnPw/gAGfbaDDsdnFZZ0wlZ":{"chainKey":{"counter":25,"key":"kHjOvSFPLY330JpQRP5zte866VBdO9DbYtuDSSijNGo="},"chainType":1,"messageKeys":{}}},"pendingPreKey":{"signedKeyId":34,"baseKey":"Bdb2SPAf6awxkS8Ev8VKcyFqeSWyUwJtUAmafAXMXsIc","preKeyId":5171546}}},"version":"v1"}