{"_sessions":{"Bdgv6Oy+YHXzat3oDyjQXzA6u+N9ik1iyma/KJoqalAQ":{"registrationId":704078476,"currentRatchet":{"ephemeralKeyPair":{"pubKey":"Bbj0IFCOPCUHbAYOYLxR+s1RIayZLTPeATjqA3Zl7TkQ","privKey":"UAn6rVviHKWSiQHGMkS5wLbaOCnHEMqNO0YjQKgGvFQ="},"lastRemoteEphemeralKey":"BSR3s3IPOVHuRMCrhgNsDCXTZTEEHXSi/uV4MLb2xtNT","previousCounter":0,"rootKey":"pPj5y4DvYLn6CvrT0e4+scVZJST+9KZsSENFbC4yHaI="},"indexInfo":{"baseKey":"Bdgv6Oy+YHXzat3oDyjQXzA6u+N9ik1iyma/KJoqalAQ","baseKeyType":1,"closed":-1,"used":1756270525759,"created":1756270525759,"remoteIdentityKey":"BT8tOeF5+3E+EtcTiIGcOLG/72BUF+Miafzcis5u0exJ"},"_chains":{"Bbj0IFCOPCUHbAYOYLxR+s1RIayZLTPeATjqA3Zl7TkQ":{"chainKey":{"counter":8,"key":"xh6TGjsR+GWpR8CgHaAxj1tOU94Kis1O+0NUefNI5OQ="},"chainType":1,"messageKeys":{}}},"pendingPreKey":{"signedKeyId":0,"baseKey":"Bdgv6Oy+YHXzat3oDyjQXzA6u+N9ik1iyma/KJoqalAQ"}}},"version":"v1"}