{"_sessions":{"BSwyOUj2r5C5pXgWif8xcfwqUj9TH1wph74UH/5+a/Yo":{"registrationId":11,"currentRatchet":{"ephemeralKeyPair":{"pubKey":"BaczVUz78wD4OzBOzHLIODiS0JAiBjcmLPKqHQDuaDZ5","privKey":"cDLorzYft/hTBNMx79p/VmkT6xntuKCFxYlxX54GJF0="},"lastRemoteEphemeralKey":"BeVvz+j9QtNxw5f+a1k6rzr2dMIrn3M3bkLM1PRdDSgf","previousCounter":1,"rootKey":"Axheqjv0gm6ukOVmuoFNgxhZZG0RP9Rze8ydVF2/OLw="},"indexInfo":{"baseKey":"BSwyOUj2r5C5pXgWif8xcfwqUj9TH1wph74UH/5+a/Yo","baseKeyType":1,"closed":1755568353224,"used":1755567341898,"created":1755536402187,"remoteIdentityKey":"BWOggz/DPLot+azz9+/g7AD5oVJ4mQ/iJGWffdAlRNxS"},"_chains":{"BeVvz+j9QtNxw5f+a1k6rzr2dMIrn3M3bkLM1PRdDSgf":{"chainKey":{"counter":0,"key":"kU1tQ4eQ446Agx8iqiHLZIaYG3482VbpofmBsnSECjA="},"chainType":2,"messageKeys":{}},"BaczVUz78wD4OzBOzHLIODiS0JAiBjcmLPKqHQDuaDZ5":{"chainKey":{"counter":0,"key":"NsaAh9Sb/BSSF0vMhktrq1wugBAyS9njmLlE5PnN75E="},"chainType":1,"messageKeys":{}}}},"BQECwPpTmyzXzcBDnVAMoLvm99mXCkJgdXUCILbKEtIO":{"registrationId":11,"currentRatchet":{"ephemeralKeyPair":{"pubKey":"BSXLTuKitzz+CebcW3py5OSeveq5sioVWFrw+qMKSLAz","privKey":"cChVPB0kWviWEkec1U+YWhJ1F07JAPTVbDL9NdwQc1w="},"lastRemoteEphemeralKey":"BUMyqy2kd9VAdG0OXdhU085JnePTS1nJusyViWO8FEJx","previousCounter":0,"rootKey":"2lkELg9PtNmuVBDlBVp4kfQ2+2AVhPulja9fspuNmfk="},"indexInfo":{"baseKey":"BQECwPpTmyzXzcBDnVAMoLvm99mXCkJgdXUCILbKEtIO","baseKeyType":2,"closed":1755568417000,"used":1755568353244,"created":1755568353244,"remoteIdentityKey":"BWOggz/DPLot+azz9+/g7AD5oVJ4mQ/iJGWffdAlRNxS"},"_chains":{"BUMyqy2kd9VAdG0OXdhU085JnePTS1nJusyViWO8FEJx":{"chainKey":{"counter":0,"key":"L9POpFDqRtuxIJXvnJfVyO1Q9mL/xjmmcf4ZfLV665o="},"chainType":2,"messageKeys":{}},"BSXLTuKitzz+CebcW3py5OSeveq5sioVWFrw+qMKSLAz":{"chainKey":{"counter":-1,"key":"AD5JUbU3rcJaqJ/aFmaf+oZ2a+r+gqksMAXoqZGAvmM="},"chainType":1,"messageKeys":{}}}},"Bc5zegghgF2s/TObjFkvj/idL3KBaPp56DXyR/CSZOgw":{"registrationId":11,"currentRatchet":{"ephemeralKeyPair":{"pubKey":"BRN6TVec0BYxxDyksWxqG6bPs3BZ4BBWanHtgbf+vfhV","privKey":"aDwdmwsMZ6KVxsLGYgIxqiV8errin5ftDZuV0n3gZmk="},"lastRemoteEphemeralKey":"Bd7jeGzMb2uam1Tv8b4wFNslTZRzu5e1mEm4ZTZflD9/","previousCounter":0,"rootKey":"JGITQGjFN6cqmfO3lqaFP+IO3hS6TNmx2KXn+d9ZTQA="},"indexInfo":{"baseKey":"Bc5zegghgF2s/TObjFkvj/idL3KBaPp56DXyR/CSZOgw","baseKeyType":2,"closed":1755568579950,"used":1755568417006,"created":1755568417006,"remoteIdentityKey":"BWOggz/DPLot+azz9+/g7AD5oVJ4mQ/iJGWffdAlRNxS"},"_chains":{"Bd7jeGzMb2uam1Tv8b4wFNslTZRzu5e1mEm4ZTZflD9/":{"chainKey":{"counter":0,"key":"KK3SQV2CU/+jURTpOu4y6y2LcQ8dw2pMW9cVOUKIgAg="},"chainType":2,"messageKeys":{}},"BRN6TVec0BYxxDyksWxqG6bPs3BZ4BBWanHtgbf+vfhV":{"chainKey":{"counter":-1,"key":"A/TXe5v31r8ukgeTWoVc0NzbOAZgEAYChkRWj9y2avY="},"chainType":1,"messageKeys":{}}}},"BUacn5x31q5VuqObMn4cWmUyhJULeZ95gF0Ogcc2wucH":{"registrationId":11,"currentRatchet":{"ephemeralKeyPair":{"pubKey":"Ba0uGUg/Qkn01YBCTngLbcCCYVlB1jgzmsG/g38Uujhk","privKey":"CMSh0hTqeUsDKpKLv06Dzqu6GdEQ64CaZu2144euzUg="},"lastRemoteEphemeralKey":"BRXKVMAFtGKOttKbojEDF1hGt4RUdjIyLHICZh4iTO54","previousCounter":0,"rootKey":"eDFzzKdlh9tKVrRwFiiXViBDXjtl8x8KemTnkq5U5E0="},"indexInfo":{"baseKey":"BUacn5x31q5VuqObMn4cWmUyhJULeZ95gF0Ogcc2wucH","baseKeyType":2,"closed":1755576351959,"used":1755568579969,"created":1755568579969,"remoteIdentityKey":"BWOggz/DPLot+azz9+/g7AD5oVJ4mQ/iJGWffdAlRNxS"},"_chains":{"BRXKVMAFtGKOttKbojEDF1hGt4RUdjIyLHICZh4iTO54":{"chainKey":{"counter":0,"key":"e6v9d9mNgz+HXxl2TQFC1HWu4UNzXaqFP3xZ1AP4jRo="},"chainType":2,"messageKeys":{}},"Ba0uGUg/Qkn01YBCTngLbcCCYVlB1jgzmsG/g38Uujhk":{"chainKey":{"counter":-1,"key":"tSRHyHT9fedp6pFKrAn+IYhwUI+f/24mqYzCRHdhzM0="},"chainType":1,"messageKeys":{}}}},"BfZisRd9DQUKk/Wqoi6WY7KnJc4/sxCi64VxKATZ831k":{"registrationId":11,"currentRatchet":{"ephemeralKeyPair":{"pubKey":"BSw6AzehvXOJB61In8tt4vQcRmKwjuqziGlzTs6Qespb","privKey":"CGyL9NxBOPMii9r1V3WQdLsdfY/CS3vAOPZmH4Wc62Y="},"lastRemoteEphemeralKey":"BeUF/IIxdEpw/bqbSvCyWW6TyNEBj7kXe54U/qYCt0dz","previousCounter":0,"rootKey":"9/D3JRaQWG+EBWuOenL4qhj6rmHSeS8VGeMI6Xd+PMc="},"indexInfo":{"baseKey":"BfZisRd9DQUKk/Wqoi6WY7KnJc4/sxCi64VxKATZ831k","baseKeyType":2,"closed":1755576354017,"used":1755576351965,"created":1755576351965,"remoteIdentityKey":"BWOggz/DPLot+azz9+/g7AD5oVJ4mQ/iJGWffdAlRNxS"},"_chains":{"BeUF/IIxdEpw/bqbSvCyWW6TyNEBj7kXe54U/qYCt0dz":{"chainKey":{"counter":0,"key":"34HLegKTm4aPMUvXZH7zuKrrdpOV2n2fDbE2NIMlSTw="},"chainType":2,"messageKeys":{}},"BSw6AzehvXOJB61In8tt4vQcRmKwjuqziGlzTs6Qespb":{"chainKey":{"counter":-1,"key":"1ox8EFnYH1gpL0aQPj066EmYUQvB51S+joBtmqmIWOU="},"chainType":1,"messageKeys":{}}}},"BdXaj1EzXagtuDobeqpPN71qs8aGlHi1FTzJ1qE6otNG":{"registrationId":11,"currentRatchet":{"ephemeralKeyPair":{"pubKey":"BVOT+PrrlCfpB5TdoWVCs/GMvDDOxxZS9+MzUd6eK/UF","privKey":"6CG8PBMAoaOThZU/48j+d5zXJ43wUCzEaYTPZfrz0k0="},"lastRemoteEphemeralKey":"BR9koov6Y2g3us1fuGgV/d+BdWPT49CMwyWq23TPetMQ","previousCounter":0,"rootKey":"kREb35eEjjevtZW+xkRVVr5lQhQwhpcWQpy6wt4cHCQ="},"indexInfo":{"baseKey":"BdXaj1EzXagtuDobeqpPN71qs8aGlHi1FTzJ1qE6otNG","baseKeyType":1,"closed":1755585726059,"used":1755576354011,"created":1755576354011,"remoteIdentityKey":"BWOggz/DPLot+azz9+/g7AD5oVJ4mQ/iJGWffdAlRNxS"},"_chains":{"BVOT+PrrlCfpB5TdoWVCs/GMvDDOxxZS9+MzUd6eK/UF":{"chainKey":{"counter":1,"key":"2VIYcJ+HVmIAidqNL8EShA0srkX0HtbXiU6d0WpaEiU="},"chainType":1,"messageKeys":{}}},"pendingPreKey":{"signedKeyId":1,"baseKey":"BdXaj1EzXagtuDobeqpPN71qs8aGlHi1FTzJ1qE6otNG"}},"Bf9VmGUN1MGLZNSubgzVAzgNpue/dKlJRMkCgyU+qv5v":{"registrationId":11,"currentRatchet":{"ephemeralKeyPair":{"pubKey":"BbYBGUCf1VrxcI48AqAaRs3BEcrPlXEA7GKSH0KXX3Mg","privKey":"EHozRt0PT2nPV5WiM6lQeinmzBaAtAycjdzMFi0vT3s="},"lastRemoteEphemeralKey":"BR9koov6Y2g3us1fuGgV/d+BdWPT49CMwyWq23TPetMQ","previousCounter":0,"rootKey":"6116tIzrgWCg8T1+/ZvORMztluO7zVaoUxD0ic7rD24="},"indexInfo":{"baseKey":"Bf9VmGUN1MGLZNSubgzVAzgNpue/dKlJRMkCgyU+qv5v","baseKeyType":1,"closed":1755585763334,"used":1755585726050,"created":1755585726050,"remoteIdentityKey":"BWOggz/DPLot+azz9+/g7AD5oVJ4mQ/iJGWffdAlRNxS"},"_chains":{"BbYBGUCf1VrxcI48AqAaRs3BEcrPlXEA7GKSH0KXX3Mg":{"chainKey":{"counter":0,"key":"iJlPS3whiwWXbcHFr44j72K1JNGq2qjHYmFd1AkZK6Q="},"chainType":1,"messageKeys":{}}},"pendingPreKey":{"signedKeyId":1,"baseKey":"Bf9VmGUN1MGLZNSubgzVAzgNpue/dKlJRMkCgyU+qv5v","preKeyId":340}},"BZwQjqS3n7ce1TGDmxDqJQ2U5WbI5rtemSMqe7+feRgW":{"registrationId":11,"currentRatchet":{"ephemeralKeyPair":{"pubKey":"BTNMsE5xAvnpDm4Nr7rcJpCKcEmHMQWPi1ng1Q0ycF94","privKey":"WEaZH8T7GwpN00gUBOQagnnfKB2jYQJe6MaQsjt2lkg="},"lastRemoteEphemeralKey":"BR9koov6Y2g3us1fuGgV/d+BdWPT49CMwyWq23TPetMQ","previousCounter":0,"rootKey":"1yRGBNbNbs4GhruRy3ORq0m4AI4Q3aGgABgivBmAiGQ="},"indexInfo":{"baseKey":"BZwQjqS3n7ce1TGDmxDqJQ2U5WbI5rtemSMqe7+feRgW","baseKeyType":1,"closed":1755592305621,"used":1755585763314,"created":1755585763314,"remoteIdentityKey":"BWOggz/DPLot+azz9+/g7AD5oVJ4mQ/iJGWffdAlRNxS"},"_chains":{"BTNMsE5xAvnpDm4Nr7rcJpCKcEmHMQWPi1ng1Q0ycF94":{"chainKey":{"counter":-1,"key":"mgWnbL93FSDx/FLUyrmev2Znywo+4rG5NVldhHXBnqc="},"chainType":1,"messageKeys":{}}},"pendingPreKey":{"signedKeyId":1,"baseKey":"BZwQjqS3n7ce1TGDmxDqJQ2U5WbI5rtemSMqe7+feRgW"}},"BZsq+XWjhhZCLzd2dIZ39UazXAbvDUWUbf5mDSYlr5tC":{"registrationId":11,"currentRatchet":{"ephemeralKeyPair":{"pubKey":"BcSDfTaphi/O/J9J8seBdI07oX2ijkKW5GiWyH4ktokp","privKey":"kHPxPVaem03Uz1+SrPhUtbKjsgmKtEFe/LwqRhtM8m8="},"lastRemoteEphemeralKey":"BevvNBrLAh6nWk0J7emigRQQIhRs4Ud6B31opWPsiJM5","previousCounter":0,"rootKey":"w/Q3Rec5RdOadw9CnEJInPYqq9hoQEXm5xy/3iyyeRE="},"indexInfo":{"baseKey":"BZsq+XWjhhZCLzd2dIZ39UazXAbvDUWUbf5mDSYlr5tC","baseKeyType":2,"closed":1755603428901,"used":1755592305647,"created":1755592305647,"remoteIdentityKey":"BWOggz/DPLot+azz9+/g7AD5oVJ4mQ/iJGWffdAlRNxS"},"_chains":{"BevvNBrLAh6nWk0J7emigRQQIhRs4Ud6B31opWPsiJM5":{"chainKey":{"counter":0,"key":"sB9kWqJGaAF4pY0TEmYicH4yMCTEqn9MU6CJ6JUhUvs="},"chainType":2,"messageKeys":{}},"BcSDfTaphi/O/J9J8seBdI07oX2ijkKW5GiWyH4ktokp":{"chainKey":{"counter":0,"key":"dZPP+xv1LEB1WkFTlSEiKoJu2Ak2UgIcpECMvhvdc+8="},"chainType":1,"messageKeys":{}}}},"Besrq6ATTue8L2HQjO8vBSdsI4PvNJ446aUVH5poqUJq":{"registrationId":11,"currentRatchet":{"ephemeralKeyPair":{"pubKey":"BThkU1yMpgLR4GDDD2fsriD7S175H3LCzOAJuqHaausn","privKey":"ILvg7119wGXDV+XxmBQ/LM/JgF0y9VUagcs9aGb9nk8="},"lastRemoteEphemeralKey":"BR9koov6Y2g3us1fuGgV/d+BdWPT49CMwyWq23TPetMQ","previousCounter":0,"rootKey":"28LY86a9EV/OJxEdyBqlsRc96aBdhGBqRa6XjHudAUo="},"indexInfo":{"baseKey":"Besrq6ATTue8L2HQjO8vBSdsI4PvNJ446aUVH5poqUJq","baseKeyType":1,"closed":-1,"used":1755603428895,"created":1755603428895,"remoteIdentityKey":"BWOggz/DPLot+azz9+/g7AD5oVJ4mQ/iJGWffdAlRNxS"},"_chains":{"BThkU1yMpgLR4GDDD2fsriD7S175H3LCzOAJuqHaausn":{"chainKey":{"counter":60,"key":"Rkd/BVQ/HdZYIu33xMwpOOrbgBCxI5SAfOy3r8yhUOI="},"chainType":1,"messageKeys":{}}},"pendingPreKey":{"signedKeyId":1,"baseKey":"Besrq6ATTue8L2HQjO8vBSdsI4PvNJ446aUVH5poqUJq","preKeyId":453}}},"version":"v1"}