{"_sessions":{"BWYd7XPXkM4tqt4vN3bIf2Bv/lWL6XB+x+00lIeOsUUr":{"registrationId":8111,"currentRatchet":{"ephemeralKeyPair":{"pubKey":"BVjDSoth8VHuMARTOW/zSpstKeIqSWfgNAce4VyhINRa","privKey":"6H9eqLPSzh6bOSc9T5cqQ34U4n4zigy0yHPkZHjJSUE="},"lastRemoteEphemeralKey":"BekmfcQuO50iog4EZA7mj/3UQQihge6WUYF0zyPOdwtC","previousCounter":0,"rootKey":"elw9dMG1s79fAnsnV7gwttCjs2KkVU2YrgUg6Xz+DCQ="},"indexInfo":{"baseKey":"BWYd7XPXkM4tqt4vN3bIf2Bv/lWL6XB+x+00lIeOsUUr","baseKeyType":1,"closed":-1,"used":1756270525235,"created":1756270525235,"remoteIdentityKey":"BZWGyTRWp+T3Wh+g1CR7XMh8uCexblO2GFplA/k9evUG"},"_chains":{"BVjDSoth8VHuMARTOW/zSpstKeIqSWfgNAce4VyhINRa":{"chainKey":{"counter":8,"key":"edvTbhZJUL9e3ZY58Uaz7T+bUSURtkIRC2hDJfZoYxQ="},"chainType":1,"messageKeys":{}}},"pendingPreKey":{"signedKeyId":1,"baseKey":"BWYd7XPXkM4tqt4vN3bIf2Bv/lWL6XB+x+00lIeOsUUr","preKeyId":193}}},"version":"v1"}