{"_sessions":{"BRFuoWWjDqQYfMIhzVn8ZWYIES+Nmt79Y/8G9D+8uM4A":{"registrationId":1907217692,"currentRatchet":{"ephemeralKeyPair":{"pubKey":"BRv7UTIFYziG0uDqH2hC3gCaGfbdXhpdnF/AeARXpvxS","privKey":"2L1ePjyjtiwGg4jmTByCQaqc4b8c+5otw324ZIgqn1U="},"lastRemoteEphemeralKey":"BSVEW8TghBOzaeMK71IF5kfex43KH7KzFWRHtWiiYIFP","previousCounter":0,"rootKey":"hYVYHv8tdU/EvHF8TvxyKAsoh5t7XbIOfrUVcG2SJEk="},"indexInfo":{"baseKey":"BRFuoWWjDqQYfMIhzVn8ZWYIES+Nmt79Y/8G9D+8uM4A","baseKeyType":1,"closed":-1,"used":1756270525555,"created":1756270525555,"remoteIdentityKey":"BfNVFk6oaLyiCLE3o8B4Jw26hz2smazDdYrui1N7broM"},"_chains":{"BRv7UTIFYziG0uDqH2hC3gCaGfbdXhpdnF/AeARXpvxS":{"chainKey":{"counter":8,"key":"hIamDCprj/zvKa3PmvZxEiKcDsBS7n6hFS1PjIyHDJE="},"chainType":1,"messageKeys":{}}},"pendingPreKey":{"signedKeyId":10,"baseKey":"BRFuoWWjDqQYfMIhzVn8ZWYIES+Nmt79Y/8G9D+8uM4A","preKeyId":9900027}}},"version":"v1"}