{"_sessions":{"BWbr2aPsCiKjL5PSSlzRe0yzbh+uuo4oWwk2arEdRSxp":{"registrationId":673423718,"currentRatchet":{"ephemeralKeyPair":{"pubKey":"BYDqe8TKPTvNkCXNNe7LUq7EU8k+QBIDkMCnYJu0QPMC","privKey":"MJ0SIViU/odR8B+lfjNbzU0jD8pwY22vTFWurTSY8EY="},"lastRemoteEphemeralKey":"BQ7YyeJnc8KpMBGbM8ZkavFMZbNplvPYoJtUiIzAcD8p","previousCounter":0,"rootKey":"toYtn/a/BfgdO0jNKaU317O9VSK/dYjshcqSaO9G9ak="},"indexInfo":{"baseKey":"BWbr2aPsCiKjL5PSSlzRe0yzbh+uuo4oWwk2arEdRSxp","baseKeyType":1,"closed":-1,"used":1756270525825,"created":1756270525825,"remoteIdentityKey":"Bc+jKFY9MO4bHAgSh+Fp5o0F/KP0RjY04pN1WdCmYgVp"},"_chains":{"BYDqe8TKPTvNkCXNNe7LUq7EU8k+QBIDkMCnYJu0QPMC":{"chainKey":{"counter":8,"key":"EXOlVhpwfjBkCk9K5Ry3JJJiItzX/xVbluH0By6WUns="},"chainType":1,"messageKeys":{}}},"pendingPreKey":{"signedKeyId":3,"baseKey":"BWbr2aPsCiKjL5PSSlzRe0yzbh+uuo4oWwk2arEdRSxp","preKeyId":2158534}}},"version":"v1"}