{"_sessions":{"BfwPAjA0wadMsefZrhyrbst0fZ3z6piK8f6/jRua39c6":{"registrationId":15735,"currentRatchet":{"ephemeralKeyPair":{"pubKey":"Bcr3qN1uIIvCOeuhj6aK5/6nsh9tnTVryAqpmc80bw1z","privKey":"WKf9Rr4uRLsaRpF9A1hbXhQkBbFj3poKxtL7XxxMYWI="},"lastRemoteEphemeralKey":"BUKrHPW4v3vnTFiroll/MwhBYwhIqI8UqrZF6Mkk3U0M","previousCounter":0,"rootKey":"umVOEakz1sxITTm/lytVa14XT2fjVLbQp22OBoXDhsw="},"indexInfo":{"baseKey":"BfwPAjA0wadMsefZrhyrbst0fZ3z6piK8f6/jRua39c6","baseKeyType":1,"closed":-1,"used":1755758271084,"created":1755758271084,"remoteIdentityKey":"BVDbCsrD8Fgab43TjHNNqc0kkCOgGP1Bi4hxY0oG6Edq"},"_chains":{"Bcr3qN1uIIvCOeuhj6aK5/6nsh9tnTVryAqpmc80bw1z":{"chainKey":{"counter":0,"key":"9CKrZKNhiciQbI4Xgi/fxPTO5r4KaiU05oksYHJRN1M="},"chainType":1,"messageKeys":{}}},"pendingPreKey":{"signedKeyId":1,"baseKey":"BfwPAjA0wadMsefZrhyrbst0fZ3z6piK8f6/jRua39c6","preKeyId":92}}},"version":"v1"}