{"_sessions":{"Bd1vCZMLf4n2uNnai9m3AM/kreMBpQfIUoIQBc/cf3JL":{"registrationId":398270604,"currentRatchet":{"ephemeralKeyPair":{"pubKey":"BRQxFC7SyNXSnsR+0MMIVBzzBFwAZHhucVMIhgBLCSBQ","privKey":"CPQTcBCuQVnvKP60fmBuAS8U4G3Y13TBg37KQr+Sd30="},"lastRemoteEphemeralKey":"BYz73FKqoBoP0w0Kx+YGRDQk9XlmjmsEKZygRV0O5fJr","previousCounter":0,"rootKey":"Q51NSMU6AtC8RYl2gCQrCZQNbVHBihPXrOx43yqhkOI="},"indexInfo":{"baseKey":"Bd1vCZMLf4n2uNnai9m3AM/kreMBpQfIUoIQBc/cf3JL","baseKeyType":1,"closed":-1,"used":1755507317323,"created":1755507317323,"remoteIdentityKey":"BUEpBm/kIh3zImikkIbq+xhNyt78LsBSRzV7o9CdQZww"},"_chains":{"BRQxFC7SyNXSnsR+0MMIVBzzBFwAZHhucVMIhgBLCSBQ":{"chainKey":{"counter":25,"key":"DuL+EPwJGkjkypo8lUYmrsWI4ODlYNV4piYswi/fitI="},"chainType":1,"messageKeys":{}}},"pendingPreKey":{"signedKeyId":27,"baseKey":"Bd1vCZMLf4n2uNnai9m3AM/kreMBpQfIUoIQBc/cf3JL","preKeyId":12569384}}},"version":"v1"}