{"_sessions":{"BcY8P7is8nKFQ+OGSR7mk2Owtp16pQiPuS+S+4RJVf0A":{"registrationId":1809914487,"currentRatchet":{"ephemeralKeyPair":{"pubKey":"Be/yHt0FMaLr0HdoOB4g35vPTXHbwH87aKQ30KLavRgS","privKey":"0GtdV2ntMRUvHH8mtYca+opP2jNK7x91Vl09X+CuWmc="},"lastRemoteEphemeralKey":"BXwvnh7vmiaixuEWq3kw4MTPQ6Qxvceap4WZQgkzig4I","previousCounter":7,"rootKey":"HzcMaC+n9Cz1PvW3P6vzJocWB5tuuMyZfE/089G20S8="},"indexInfo":{"baseKey":"BcY8P7is8nKFQ+OGSR7mk2Owtp16pQiPuS+S+4RJVf0A","baseKeyType":1,"closed":1755813371683,"used":1755650469837,"created":1755507317237,"remoteIdentityKey":"BTsD5K+i0Gimz9JXoIc101NnduzSwM5l+u8BU4PBHSY4"},"_chains":{"BYywXUof1Sc2Py8eVMAqs4ZkZwWSQh/j9B43hpo9drI4":{"chainKey":{"counter":0},"chainType":2,"messageKeys":{}},"BXwvnh7vmiaixuEWq3kw4MTPQ6Qxvceap4WZQgkzig4I":{"chainKey":{"counter":0,"key":"DdGxEQHHdEviTWT50E37tc9Gvouz4KpkeCV2RGD/Lbk="},"chainType":2,"messageKeys":{}},"Be/yHt0FMaLr0HdoOB4g35vPTXHbwH87aKQ30KLavRgS":{"chainKey":{"counter":3,"key":"ucyTMMqI8uxWk1oTG/3znDfDYxcJWqjWZtr3NYZL9EA="},"chainType":1,"messageKeys":{}}}},"Bf4lmGmdBHXAE4Coy+QuVw+o7LgcbcPZ5mmN5f5iv6pr":{"registrationId":1809914487,"currentRatchet":{"ephemeralKeyPair":{"pubKey":"BeROH+M3hwnnAz7joQMBfFyYavDCbDuhKWH2YHpd2+V3","privKey":"0NWwrqmLhVw505BR6fVRnp/vro6FnWQRYHY4c8Xd3E0="},"lastRemoteEphemeralKey":"BX8E0TX6rHqSXskwu+X+cobnL9sbEdxKSi3hhOhJuxp3","previousCounter":0,"rootKey":"AV+6+4EjFnp/6euqdBY6YloDlU/7nOXlumOpIRyykyQ="},"indexInfo":{"baseKey":"Bf4lmGmdBHXAE4Coy+QuVw+o7LgcbcPZ5mmN5f5iv6pr","baseKeyType":1,"closed":1755813446995,"used":1755813371680,"created":1755813371680,"remoteIdentityKey":"BTsD5K+i0Gimz9JXoIc101NnduzSwM5l+u8BU4PBHSY4"},"_chains":{"BeROH+M3hwnnAz7joQMBfFyYavDCbDuhKWH2YHpd2+V3":{"chainKey":{"counter":-1,"key":"0k7ZCl8gc/d2FZbKPWD/kW0N02t111KlUILNKvEihV4="},"chainType":1,"messageKeys":{}}},"pendingPreKey":{"signedKeyId":3,"baseKey":"Bf4lmGmdBHXAE4Coy+QuVw+o7LgcbcPZ5mmN5f5iv6pr","preKeyId":7737123}},"BQwfOVFZ644GA/RllprosxVRt9au2X9hHrni9SQIju9v":{"registrationId":1809914487,"currentRatchet":{"ephemeralKeyPair":{"pubKey":"BQMRXb2/fVrwu+WfDSRiONLoyGGAVQmp+1iBx8PmIwZ6","privKey":"mHsR2efKE1PXDObpaakU0Ch5Fuqzh6m73NKN7piV118="},"lastRemoteEphemeralKey":"BfTZ97MBRDXIGSVb08PHUqAyPR0NZ/q2uuD7+AJnvINl","previousCounter":2,"rootKey":"xVpujQ276AQuSWem+Xngm1GSYaK4uy9lSljKGay0Ef8="},"indexInfo":{"baseKey":"BQwfOVFZ644GA/RllprosxVRt9au2X9hHrni9SQIju9v","baseKeyType":1,"closed":1756109599866,"used":1755869455227,"created":1755813446994,"remoteIdentityKey":"BTsD5K+i0Gimz9JXoIc101NnduzSwM5l+u8BU4PBHSY4"},"_chains":{"BfTZ97MBRDXIGSVb08PHUqAyPR0NZ/q2uuD7+AJnvINl":{"chainKey":{"counter":0,"key":"J1TGwLHODE1Qzpg9icuqqL7yIrcaclirDr8QvJFJuE8="},"chainType":2,"messageKeys":{}},"BQMRXb2/fVrwu+WfDSRiONLoyGGAVQmp+1iBx8PmIwZ6":{"chainKey":{"counter":3,"key":"E/zpcaVyGZZAE8x6c+3on+zn3+oRwF7AgB0uuXAevZc="},"chainType":1,"messageKeys":{}}}},"BWR9B4+pAp5xeFeojYHibSrztQVYJyBfrvvfBLSTgD8L":{"registrationId":1809914487,"currentRatchet":{"ephemeralKeyPair":{"pubKey":"BZs3/RzvLbnMSJe+t69ojcNH3ca/3IGMtXhydvopYNZ4","privKey":"2D5CjMQywwChox2b3c9O/L/xBRxGnR57zmwrLxxmVl4="},"lastRemoteEphemeralKey":"BX8E0TX6rHqSXskwu+X+cobnL9sbEdxKSi3hhOhJuxp3","previousCounter":0,"rootKey":"Xo/tVdvtonVn5haJAgYYZmMZHc1yMpw8Rwv/g6vitjM="},"indexInfo":{"baseKey":"BWR9B4+pAp5xeFeojYHibSrztQVYJyBfrvvfBLSTgD8L","baseKeyType":1,"closed":-1,"used":1756109599863,"created":1756109599863,"remoteIdentityKey":"BTsD5K+i0Gimz9JXoIc101NnduzSwM5l+u8BU4PBHSY4"},"_chains":{"BZs3/RzvLbnMSJe+t69ojcNH3ca/3IGMtXhydvopYNZ4":{"chainKey":{"counter":5,"key":"llwc5F6XqAYhQ87L/P3qYf5N1hQdYVtvjFOb98MUzOw="},"chainType":1,"messageKeys":{}}},"pendingPreKey":{"signedKeyId":3,"baseKey":"BWR9B4+pAp5xeFeojYHibSrztQVYJyBfrvvfBLSTgD8L","preKeyId":7739051}}},"version":"v1"}