{"_sessions":{"BZrkCTFNpJ/2/VFy3sEJbPzg2mE5/dF332Rc9nhFjG0G":{"registrationId":27,"currentRatchet":{"ephemeralKeyPair":{"pubKey":"BW/gP7hDAyZzFcM+m20x/NR9DhtLFCcHKzcLYXkRSitw","privKey":"OAgT2o78plwIN5Tl/AlNHREezBMXhUIlsvTd2/0Y4VQ="},"lastRemoteEphemeralKey":"BUbTXbKfiKZg8Aw+yNWIqicDEr/8NSG34sOZc9EFUCEl","previousCounter":0,"rootKey":"ZM2Ht+nWj25/DCiS/jkMbVIrvYjZs1sanQ5+zu1cXFA="},"indexInfo":{"baseKey":"BZrkCTFNpJ/2/VFy3sEJbPzg2mE5/dF332Rc9nhFjG0G","baseKeyType":1,"closed":-1,"used":1755869466175,"created":1755869385537,"remoteIdentityKey":"BZednWnuIChCDIH+hz0/CP9AiDObZ3+uIPj9dl/Eeel/"},"_chains":{"BUbTXbKfiKZg8Aw+yNWIqicDEr/8NSG34sOZc9EFUCEl":{"chainKey":{"counter":1,"key":"w2p8qlOOBf5d6j2HRXfGaI6fLj/qQFH5k1Go7K0Es2Q="},"chainType":2,"messageKeys":{}},"BW/gP7hDAyZzFcM+m20x/NR9DhtLFCcHKzcLYXkRSitw":{"chainKey":{"counter":9,"key":"RfiWbXUcf5lJXDoFYf6WICHUqh0Nmr0nC62BKcj9tnk="},"chainType":1,"messageKeys":{}}}}},"version":"v1"}