{"_sessions":{"BT45RP1hTc8aY3NXa1Qsvp0t3kYJtuDJ5Fxxm+TpBgRb":{"registrationId":1493390723,"currentRatchet":{"ephemeralKeyPair":{"pubKey":"Bd8AGZ9OkFlIbEtqNzCHeyuRpkhwuHjBrItQmCKNJmNb","privKey":"wCM+4hn0ge3mSIFBJMT8VppdX9c2fD/OxzbA7TKTn08="},"lastRemoteEphemeralKey":"BbdkhMUhYwbUH+F0TIvhZGd0XM9Q3Bvu5gRT/Y8g9zxI","previousCounter":0,"rootKey":"lJiKfDpxK66sF4q7ozW4AWbC44HMqKBTFLhryqiDjFo="},"indexInfo":{"baseKey":"BT45RP1hTc8aY3NXa1Qsvp0t3kYJtuDJ5Fxxm+TpBgRb","baseKeyType":1,"closed":-1,"used":1755492398405,"created":1755492398405,"remoteIdentityKey":"BX3WAPk/qnlqKmbX7FVrAghcWoSpl1dhc1T/5dUjigBF"},"_chains":{"Bd8AGZ9OkFlIbEtqNzCHeyuRpkhwuHjBrItQmCKNJmNb":{"chainKey":{"counter":68,"key":"SZMllNSzV+xh+7buht5RUtBnc1uZczVlXu7WI3psaxc="},"chainType":1,"messageKeys":{}}},"pendingPreKey":{"signedKeyId":1,"baseKey":"BT45RP1hTc8aY3NXa1Qsvp0t3kYJtuDJ5Fxxm+TpBgRb","preKeyId":748}}},"version":"v1"}