{"_sessions":{"Bc4EiuKVpm7Pe62nV3d65sp9wHKBZEydkflFHFNEZVMf":{"registrationId":821297679,"currentRatchet":{"ephemeralKeyPair":{"pubKey":"BRXBr24jA/0EYNgPAuyW6W0z4bHa0uI/zRHx+mhAoJI9","privKey":"cJSzaSCbMB1PpLZMteNPqYIPP1R+lBgNQri6ww0XrGE="},"lastRemoteEphemeralKey":"BdMeg2l809tDXx7fZ/7TkDa1y9hWPKF0/w5MdXeAdZUd","previousCounter":0,"rootKey":"7MblQ1E6KuZwoA7LHHuCr4tSvGXlpnJ7yHFu7eojpQI="},"indexInfo":{"baseKey":"Bc4EiuKVpm7Pe62nV3d65sp9wHKBZEydkflFHFNEZVMf","baseKeyType":1,"closed":-1,"used":1756277246232,"created":1756277246232,"remoteIdentityKey":"BYjlNFc5dShDiYsnrcwnvTjXOHcf54pBJOPTdB0fRXoH"},"_chains":{"BRXBr24jA/0EYNgPAuyW6W0z4bHa0uI/zRHx+mhAoJI9":{"chainKey":{"counter":1,"key":"P/5xOP5idQUe1w/Y0nx0XDCHILkf8ZzNaX2vGqH2Gt0="},"chainType":1,"messageKeys":{}}},"pendingPreKey":{"signedKeyId":1,"baseKey":"Bc4EiuKVpm7Pe62nV3d65sp9wHKBZEydkflFHFNEZVMf","preKeyId":46}}},"version":"v1"}