{"_sessions":{"BR+6TjhC/8o3OBOoJ5Bh+DXVPVgHpo+Or+mxFSj2Iahl":{"registrationId":223,"currentRatchet":{"ephemeralKeyPair":{"pubKey":"BVpMFQH9E67AD/fBRVpPWxXCw52isHgeNUJTU3dR/IwC","privKey":"QOLkzyEySMQgDDDQPZNh32vxjqrUTremX8j+f45dCUc="},"lastRemoteEphemeralKey":"BWbKusW7bIA3YNXhiP08em1HVcp1Q2HAbGBtqAtMNY4Y","previousCounter":0,"rootKey":"9rhfwz3QwkEyRT45D6edjIk2uJiiQinKY7sQMCfBBoA="},"indexInfo":{"baseKey":"BR+6TjhC/8o3OBOoJ5Bh+DXVPVgHpo+Or+mxFSj2Iahl","baseKeyType":1,"closed":-1,"used":1756385693648,"created":1756385693648,"remoteIdentityKey":"BS8e1xyfIRow9ttiRyy4dFdyLjSAzKP6LTNJHHoeSLF1"},"_chains":{"BVpMFQH9E67AD/fBRVpPWxXCw52isHgeNUJTU3dR/IwC":{"chainKey":{"counter":7,"key":"touS21YQa/mdUExKVe8K/QHWKlDKq7j7ut/XhiX4hqQ="},"chainType":1,"messageKeys":{}}},"pendingPreKey":{"signedKeyId":1,"baseKey":"BR+6TjhC/8o3OBOoJ5Bh+DXVPVgHpo+Or+mxFSj2Iahl","preKeyId":22}}},"version":"v1"}