{"_sessions":{"BSp3xKZRYNg8II1WcwRWtYu6Z/b9YmhKdA28UksCxwd0":{"registrationId":1695014971,"currentRatchet":{"ephemeralKeyPair":{"pubKey":"BVValx4CmXqM68DtMflPOiu2A3U9py0zKlPh4SI8DN48","privKey":"OFOboTK7ySHJaDmxuf/I/SQudIJhT6r7ZNENtU6qqW4="},"lastRemoteEphemeralKey":"BSTkw0sRZKREav57SY7SfoYLBO9JqAPB7QykByIDcDl1","previousCounter":0,"rootKey":"QRr2vATaLmX3wj5Y1LNLue9xgli/+IAgmGjUmUn+WiI="},"indexInfo":{"baseKey":"BSp3xKZRYNg8II1WcwRWtYu6Z/b9YmhKdA28UksCxwd0","baseKeyType":1,"closed":-1,"used":1755507316988,"created":1755507316988,"remoteIdentityKey":"Ba7xP8ah9Fu25iqqL1F5P2XXpkNmJ/Ne9rKBFgIClmcU"},"_chains":{"BVValx4CmXqM68DtMflPOiu2A3U9py0zKlPh4SI8DN48":{"chainKey":{"counter":25,"key":"bYj9nY1LpYY2UuyxeQubjm9TQI7zB6Gc/7B4emRvYHk="},"chainType":1,"messageKeys":{}}},"pendingPreKey":{"signedKeyId":1,"baseKey":"BSp3xKZRYNg8II1WcwRWtYu6Z/b9YmhKdA28UksCxwd0","preKeyId":643}}},"version":"v1"}