{"_sessions":{"BRBKSJt3MLdDv0DeyDbmMmk34xKWvxf8nIKhP7g02tEB":{"registrationId":1911268095,"currentRatchet":{"ephemeralKeyPair":{"pubKey":"BZndL5bFc5br2rhVt6UmoHEWk43FxGtq5o0OKE9Wd39K","privKey":"0M+RBZfUj0AWrJK6X12AoUliqPUfHB1/kdgKnGoezUQ="},"lastRemoteEphemeralKey":"Bf3AI5SoKysCFfoEO87q4TLtJRAoQXQ8/uju9He1kf12","previousCounter":19,"rootKey":"S9e4xYgNG3LIYFBe1AWk4RkPg+O3bd6OrfWfcqOQE/Q="},"indexInfo":{"baseKey":"BRBKSJt3MLdDv0DeyDbmMmk34xKWvxf8nIKhP7g02tEB","baseKeyType":1,"closed":-1,"used":1756084042533,"created":1755507317706,"remoteIdentityKey":"BWXBxH4dzuDJTxOLF1OVmC9FnggMv5nowTuNFP8gDSll"},"_chains":{"Bf3AI5SoKysCFfoEO87q4TLtJRAoQXQ8/uju9He1kf12":{"chainKey":{"counter":1,"key":"nPELOvbF3YaoSmKMCr3ufQ5X5jB6gnugb7TI/MX9zyM="},"chainType":2,"messageKeys":{}},"BZndL5bFc5br2rhVt6UmoHEWk43FxGtq5o0OKE9Wd39K":{"chainKey":{"counter":5,"key":"54XoEnF7MwSVK66CdV6Eo6viCpmIhFRaKerCe/wOMpM="},"chainType":1,"messageKeys":{}}}}},"version":"v1"}