{"_sessions":{"BbboXV48e3F6eolw2ST4RoJddQCJ51r+pRb66cYuBzw9":{"registrationId":3124,"currentRatchet":{"ephemeralKeyPair":{"pubKey":"BYq0wnlxsTWjlMaSsINmN77ZTdcvgOYcvHRadFbbfINF","privKey":"2PpT3+nxhVdSa8MaI70soYdBOPwiJRZs+dgazHxH/Gw="},"lastRemoteEphemeralKey":"BSHN9I6ko6+rlNqfaHuvQ3ccyXeDDCOxoke61gpIIBwL","previousCounter":0,"rootKey":"HBl8f13A8WYKR0ui7Pa9acEYhYIlF1B7gB23OMrj1Oo="},"indexInfo":{"baseKey":"BbboXV48e3F6eolw2ST4RoJddQCJ51r+pRb66cYuBzw9","baseKeyType":1,"closed":-1,"used":1755481289190,"created":1755481289190,"remoteIdentityKey":"BdH5X/s26R1zl5oOVdq+bAk4Jabq01ecVJKnEu+QD6k8"},"_chains":{"BYq0wnlxsTWjlMaSsINmN77ZTdcvgOYcvHRadFbbfINF":{"chainKey":{"counter":46,"key":"ctEsKpH5oG+AWthFvz5IwmpBN6bVqJCqDOtzpAYq0HQ="},"chainType":1,"messageKeys":{}}},"pendingPreKey":{"signedKeyId":1,"baseKey":"BbboXV48e3F6eolw2ST4RoJddQCJ51r+pRb66cYuBzw9","preKeyId":439}}},"version":"v1"}