{"_sessions":{"BZnIcf/5wn284ySTf0xyceXw/9cUakTnm/HVDr5wRHdq":{"registrationId":203237731,"currentRatchet":{"ephemeralKeyPair":{"pubKey":"BWPJjbgs4x0qKLUTtEwB1iZ60U4IieY1gj1bW90dUzNm","privKey":"oH9SIZZyGiF/ls5dSv193dM6QW9srtCkZosUmL9/JHQ="},"lastRemoteEphemeralKey":"BfkjsBnFphNSEPMYXYPPt1Z+rtAIWTj4L/QCD+I5LutE","previousCounter":0,"rootKey":"5U9O9W63/6Nv9DtdWJFFd4rwEkhQ6yNJCmksFGmEntY="},"indexInfo":{"baseKey":"BZnIcf/5wn284ySTf0xyceXw/9cUakTnm/HVDr5wRHdq","baseKeyType":1,"closed":-1,"used":1755507317789,"created":1755507317789,"remoteIdentityKey":"Bbe/swFlVXYzADRPX80VwRlGlu8Kh6t2GHyD5E/srhM0"},"_chains":{"BWPJjbgs4x0qKLUTtEwB1iZ60U4IieY1gj1bW90dUzNm":{"chainKey":{"counter":25,"key":"clgNQnxjgtA3K6evZWRDMe+4l6Z3T9dZGFDk2Z3a0HQ="},"chainType":1,"messageKeys":{}}},"pendingPreKey":{"signedKeyId":1,"baseKey":"BZnIcf/5wn284ySTf0xyceXw/9cUakTnm/HVDr5wRHdq","preKeyId":15547380}}},"version":"v1"}