{"_sessions":{"BU1Qo3PwGjJzp/6laNbI+ZZH0T87RXdIBFjgXrYdPtMi":{"registrationId":1010354471,"currentRatchet":{"ephemeralKeyPair":{"pubKey":"BTKI/WjYsyzQZA8ksMmSWt0/eaOclbb37heI64ELVRA+","privKey":"CHTMBgTtM/vKSDJ/fuRBRK9Fxtr9LbtX4luqkMNFhEg="},"lastRemoteEphemeralKey":"Bf/QLpuvFLGkopjaZpD3i4rRZ6fHiSvw8Pntxn851XEr","previousCounter":0,"rootKey":"JR6O8q+7eD42z1YoDEZkL2f5/u6eIwNqPF8Lh5s0cBU="},"indexInfo":{"baseKey":"BU1Qo3PwGjJzp/6laNbI+ZZH0T87RXdIBFjgXrYdPtMi","baseKeyType":1,"closed":-1,"used":1755507317331,"created":1755507317331,"remoteIdentityKey":"BfSERcdFFNBZxGwBp/CcpoyBqXgc4z3MTCHTYRLsFQQZ"},"_chains":{"BTKI/WjYsyzQZA8ksMmSWt0/eaOclbb37heI64ELVRA+":{"chainKey":{"counter":25,"key":"wEuBDA9OQpTwBT6RxzzgnblGlUQxlVtLEkZ0TI1COzE="},"chainType":1,"messageKeys":{}}},"pendingPreKey":{"signedKeyId":1,"baseKey":"BU1Qo3PwGjJzp/6laNbI+ZZH0T87RXdIBFjgXrYdPtMi","preKeyId":7441148}}},"version":"v1"}