{"_sessions":{"BetdWH5lgwiD6SFJjBp339MeECdw6FJT9DvT8TL03yNX":{"registrationId":2052598035,"currentRatchet":{"ephemeralKeyPair":{"pubKey":"BfwjHdQhCMJbdy1+vwN2l80bYFxqG9xEJG//uxTRW18e","privKey":"yElI2T3xxAF6YWwefQaNm/vLF01E4Z36HWO6gYm1cHM="},"lastRemoteEphemeralKey":"BfzsBXxkCOMMTV2Yxzdy58j1XzbLnnnobL1/If9q4pRU","previousCounter":0,"rootKey":"w+OsVqQs802P3FAx5FH7dywwioqgTNQwEBs+44638sY="},"indexInfo":{"baseKey":"BetdWH5lgwiD6SFJjBp339MeECdw6FJT9DvT8TL03yNX","baseKeyType":1,"closed":1755583416595,"used":1755481289100,"created":1755481289100,"remoteIdentityKey":"BRwl7lDfFQRlgJuFjoqxZ/fXEvBHmoyHOFU1iiOY3xgJ"},"_chains":{"BfwjHdQhCMJbdy1+vwN2l80bYFxqG9xEJG//uxTRW18e":{"chainKey":{"counter":9,"key":"zZ2nM8w3ErxDE1q7PQzsIUC51/LKHq+An5mSk6if46M="},"chainType":1,"messageKeys":{}}},"pendingPreKey":{"signedKeyId":10,"baseKey":"BetdWH5lgwiD6SFJjBp339MeECdw6FJT9DvT8TL03yNX","preKeyId":15436141}},"BTSPBSjMq3jSAOJr04TNqcTShx75d085OdSbK8ggHQwc":{"registrationId":2052598035,"currentRatchet":{"ephemeralKeyPair":{"pubKey":"BfAv2i+grxqUEZXAhAq6ZPQ3v0iBcirgVZfFIIL5IXVQ","privKey":"QDlrunnN6VJg9FMnL/IDhjNoEu4aqRn0hKWLVUiK634="},"lastRemoteEphemeralKey":"BfzsBXxkCOMMTV2Yxzdy58j1XzbLnnnobL1/If9q4pRU","previousCounter":0,"rootKey":"GXtDEaz01IoJevl3iv1mcEFNPhpL4VU0ZLkVUt8v5ds="},"indexInfo":{"baseKey":"BTSPBSjMq3jSAOJr04TNqcTShx75d085OdSbK8ggHQwc","baseKeyType":1,"closed":1755742180103,"used":1755583416591,"created":1755583416591,"remoteIdentityKey":"BRwl7lDfFQRlgJuFjoqxZ/fXEvBHmoyHOFU1iiOY3xgJ"},"_chains":{"BfAv2i+grxqUEZXAhAq6ZPQ3v0iBcirgVZfFIIL5IXVQ":{"chainKey":{"counter":34,"key":"+kPihkvkzH7Di9IvZ6GIUIiU2vvYEloTdiM2qHQpd8M="},"chainType":1,"messageKeys":{}}},"pendingPreKey":{"signedKeyId":10,"baseKey":"BTSPBSjMq3jSAOJr04TNqcTShx75d085OdSbK8ggHQwc","preKeyId":15436207}},"Bbtukz/IQ9/tqg0VZVg6oHT0EwfAlh4Cf5Gtq4Thv+VT":{"registrationId":2052598035,"currentRatchet":{"ephemeralKeyPair":{"pubKey":"BSVQND8JAvgcxziGfHBG0iZMTcGpukaKIpsUnbbxywx5","privKey":"WMuHiTzNRuvbm8COb5BB3CoHb16Yh3ll7k8wHzhbpmw="},"lastRemoteEphemeralKey":"Bfg1rkQT4WmG01UV52sDMSH0YSeET58B3BNAUf+kVzwf","previousCounter":0,"rootKey":"WLhBuDQwrgo1l3BMjrVuAv/oyfQcy9t3V2PRi/K3V44="},"indexInfo":{"baseKey":"Bbtukz/IQ9/tqg0VZVg6oHT0EwfAlh4Cf5Gtq4Thv+VT","baseKeyType":2,"closed":1755929147666,"used":1755742237463,"created":1755742180110,"remoteIdentityKey":"BRwl7lDfFQRlgJuFjoqxZ/fXEvBHmoyHOFU1iiOY3xgJ"},"_chains":{"BeZAXfyaE/eAQet8AtcCi7nw4ABj8I03V2nAnKfNFJMm":{"chainKey":{"counter":0},"chainType":2,"messageKeys":{}},"Bc5jl6Y85ToqVkz9wcK+a2e+ZszfSXdBrXixX8LKQkh9":{"chainKey":{"counter":0},"chainType":2,"messageKeys":{}},"Bfg1rkQT4WmG01UV52sDMSH0YSeET58B3BNAUf+kVzwf":{"chainKey":{"counter":0,"key":"mVJhPUpAy+sUQOA+KxnXbPXB7hKhdHrtvs5+e0jGwbg="},"chainType":2,"messageKeys":{}},"BSVQND8JAvgcxziGfHBG0iZMTcGpukaKIpsUnbbxywx5":{"chainKey":{"counter":8,"key":"03l8RJgLALMznYB3blHyi16na1+q57pZFp8Agrzu4+g="},"chainType":1,"messageKeys":{}}}},"BWXrHZb1rvqGoCzqXn3d87NJZjuMqpeVoUM7AsIdUZhT":{"registrationId":2052598035,"currentRatchet":{"ephemeralKeyPair":{"pubKey":"Bbshji3heVoAaDKDc0EK9iT2N0HauQ/27ddB3BJwKWRq","privKey":"uDpmc6AqYroZOvEBwIbN7bjawusjtgZf6pQhN11/t3Q="},"lastRemoteEphemeralKey":"BeJayg2aMxB5pfEzwVzrbI84MdV1GEna3e630J2TOZx2","previousCounter":0,"rootKey":"0xibzvHarxSSSYUc6JrbFlLQsUXuZ5WA80EDcma85BA="},"indexInfo":{"baseKey":"BWXrHZb1rvqGoCzqXn3d87NJZjuMqpeVoUM7AsIdUZhT","baseKeyType":2,"closed":1756381420328,"used":1755929147674,"created":1755929147674,"remoteIdentityKey":"BRwl7lDfFQRlgJuFjoqxZ/fXEvBHmoyHOFU1iiOY3xgJ"},"_chains":{"BeJayg2aMxB5pfEzwVzrbI84MdV1GEna3e630J2TOZx2":{"chainKey":{"counter":0,"key":"PmBPaHxrZEG2BstrRzCp+jHdMjd5skSLLZ4J27UHGsQ="},"chainType":2,"messageKeys":{}},"Bbshji3heVoAaDKDc0EK9iT2N0HauQ/27ddB3BJwKWRq":{"chainKey":{"counter":54,"key":"jPOnh8N8NCgnOAuld9OCK6r0ADSkjN8a2VV48xDtuuI="},"chainType":1,"messageKeys":{}}}},"BfjNDDzu2UmdjmtxabP6Cu8opKaXqE0KvAhIBTE5vU88":{"registrationId":2052598035,"currentRatchet":{"ephemeralKeyPair":{"pubKey":"BXzPLeiXzZzWgrzY8K4NS7UeGrqE3CLTR5MDGBsS4oRH","privKey":"4M60cenBuEl1+rJG4vIwpVuZCNiyO6fJQuBH+uZJkEo="},"lastRemoteEphemeralKey":"BaEIMIiR8fwKWBS0be3miu08lw4qXshusTrYE66yN+QE","previousCounter":1,"rootKey":"6qRlnzwIeY1K+qPPpleQbl1c/PFczfNB0Vb9nZ563ss="},"indexInfo":{"baseKey":"BfjNDDzu2UmdjmtxabP6Cu8opKaXqE0KvAhIBTE5vU88","baseKeyType":2,"closed":1756435220916,"used":1756382070054,"created":1756381420336,"remoteIdentityKey":"BRwl7lDfFQRlgJuFjoqxZ/fXEvBHmoyHOFU1iiOY3xgJ"},"_chains":{"BR41eszDg+aYaMf82zXjzCqNtGjRxS6Uk3kss9o9775k":{"chainKey":{"counter":0},"chainType":2,"messageKeys":{}},"BaEIMIiR8fwKWBS0be3miu08lw4qXshusTrYE66yN+QE":{"chainKey":{"counter":2,"key":"pt282taBgIA2+14BCiVnZYgZtbRl4iCCEJmNbYRbdb4="},"chainType":2,"messageKeys":{}},"BXzPLeiXzZzWgrzY8K4NS7UeGrqE3CLTR5MDGBsS4oRH":{"chainKey":{"counter":2,"key":"2vJUS98pCe47fvCsPi/B9gsvvjjjmCW5mUO9Fu0wQBY="},"chainType":1,"messageKeys":{}}}},"BRq1vwQku2eKN0hmB531yZtFOsawcY68LFvCHXgaN38V":{"registrationId":2052598035,"currentRatchet":{"ephemeralKeyPair":{"pubKey":"BT9lhdSt0B6YeF0ZL8eePUy0vhp9IA6fFyEpec74lNEL","privKey":"MKViPR1IZnB/YLVmh8hJH7ybzwtEWtK96gvsiu2VGl8="},"lastRemoteEphemeralKey":"BUG6ja/YyiwBzoilHqcpq0pKlPzs8eQnt1IBXALHR0p/","previousCounter":0,"rootKey":"1y74ztUhYWT0fOlVL+f8Mo1IbTH5ZClGSv7Lxju3gYI="},"indexInfo":{"baseKey":"BRq1vwQku2eKN0hmB531yZtFOsawcY68LFvCHXgaN38V","baseKeyType":2,"closed":1756435221218,"used":1756435220922,"created":1756435220922,"remoteIdentityKey":"BRwl7lDfFQRlgJuFjoqxZ/fXEvBHmoyHOFU1iiOY3xgJ"},"_chains":{"BUG6ja/YyiwBzoilHqcpq0pKlPzs8eQnt1IBXALHR0p/":{"chainKey":{"counter":0,"key":"iqBDYUro44ozx+OTeafSVLKGwXKrHXiY+Zm58ts/1zg="},"chainType":2,"messageKeys":{}},"BT9lhdSt0B6YeF0ZL8eePUy0vhp9IA6fFyEpec74lNEL":{"chainKey":{"counter":-1,"key":"67U9z6GViJasBpI8hGALm2Mar2rChmNrklgrQoO6jX0="},"chainType":1,"messageKeys":{}}}},"Bf77FWL7kJq192zeRnnkR9ckPaSpn9gH+sZBowuL6K4t":{"registrationId":2052598035,"currentRatchet":{"ephemeralKeyPair":{"pubKey":"Bc03YBFCbzJAucGehRtdVsIA5G8uZEopt2qnOlnbH28P","privKey":"KDQUdTZ1ruESJkpq/W34gqkfH9uXGSNU4KeChAvORFE="},"lastRemoteEphemeralKey":"BdhADcJVX00rNN1V0Vk2w8+sIS8GG7iNKvm1EDMyO+c/","previousCounter":0,"rootKey":"uN2Iel0127eR1AypBpaM4XNZlCpbkJkBtHNajOZTSGY="},"indexInfo":{"baseKey":"Bf77FWL7kJq192zeRnnkR9ckPaSpn9gH+sZBowuL6K4t","baseKeyType":2,"closed":1756435221585,"used":1756435221237,"created":1756435221237,"remoteIdentityKey":"BRwl7lDfFQRlgJuFjoqxZ/fXEvBHmoyHOFU1iiOY3xgJ"},"_chains":{"BdhADcJVX00rNN1V0Vk2w8+sIS8GG7iNKvm1EDMyO+c/":{"chainKey":{"counter":0,"key":"GiIABK7179DaDSRk70PhlfgIl8B42R3lForsrd+mqpM="},"chainType":2,"messageKeys":{}},"Bc03YBFCbzJAucGehRtdVsIA5G8uZEopt2qnOlnbH28P":{"chainKey":{"counter":-1,"key":"jDEXgnkUyR1uxW2eK3rtEB7CHg3Ed92w6nO5a0KoZeE="},"chainType":1,"messageKeys":{}}}},"BTaAddLMcSch/FtibC2w5bliArVbql5LlbpYJhl1DKF6":{"registrationId":2052598035,"currentRatchet":{"ephemeralKeyPair":{"pubKey":"BTtyHBNtX4PX1Wq28ERBll8djrH05Zrn6bWObHPrF2BX","privKey":"IFyFTAKEsovQVfIbS4ebbXUTLpHWMLCtRBHf1Z9eDno="},"lastRemoteEphemeralKey":"Be8m0BTSQ8ARj05ith4hUlAdchlbWyyuUkF85qlNqYBv","previousCounter":0,"rootKey":"QPBn2xqYr4JzxsB1HG6u3XjYNBKkrta6Z4tBWN0+QA0="},"indexInfo":{"baseKey":"BTaAddLMcSch/FtibC2w5bliArVbql5LlbpYJhl1DKF6","baseKeyType":2,"closed":-1,"used":1756435221591,"created":1756435221591,"remoteIdentityKey":"BRwl7lDfFQRlgJuFjoqxZ/fXEvBHmoyHOFU1iiOY3xgJ"},"_chains":{"Be8m0BTSQ8ARj05ith4hUlAdchlbWyyuUkF85qlNqYBv":{"chainKey":{"counter":7,"key":"4v4Ck2Qt52ynjrPXVxpDWyeRomC6vqu3QvmHYEzUbN4="},"chainType":2,"messageKeys":{}},"BTtyHBNtX4PX1Wq28ERBll8djrH05Zrn6bWObHPrF2BX":{"chainKey":{"counter":11,"key":"xdqCZ8i0ToQljtYCWe3NIHGsx92aaQu1PtOdHZRhCPA="},"chainType":1,"messageKeys":{}}}}},"version":"v1"}