{"_sessions":{"BeEERX1d4DCqXdgXUEPmFCFXPiT0kaR4GG96iVnO5Q4A":{"registrationId":101,"currentRatchet":{"ephemeralKeyPair":{"pubKey":"BX35KE+uOef1AzuyTBhnaGGqp9GsY/FI3wljqntUiPoP","privKey":"cGUh2JokHQkTOGFz4kLHR31tURQ+h2NkH13lzp8k3mQ="},"lastRemoteEphemeralKey":"Bd2K0eTxuzRe668lS4sBbkubMT4T9y63QYRi4ePzEqAu","previousCounter":0,"rootKey":"AGAXSDAV37WvsLSerFg4y0QwYcUJeOPC9yeYT4FxqjM="},"indexInfo":{"baseKey":"BeEERX1d4DCqXdgXUEPmFCFXPiT0kaR4GG96iVnO5Q4A","baseKeyType":1,"closed":-1,"used":1756024528164,"created":1756024528164,"remoteIdentityKey":"BSgXY1Upc08i7WEMZZxqccevJFTIU/o4e5bBOq673lt3"},"_chains":{"BX35KE+uOef1AzuyTBhnaGGqp9GsY/FI3wljqntUiPoP":{"chainKey":{"counter":1,"key":"XIdzBksv8l7PWnCBMlSp4woz3agzQ0LZKDhl6poSEAY="},"chainType":1,"messageKeys":{}}},"pendingPreKey":{"signedKeyId":1,"baseKey":"BeEERX1d4DCqXdgXUEPmFCFXPiT0kaR4GG96iVnO5Q4A","preKeyId":13}}},"version":"v1"}