{"_sessions":{"BU8u05qu022kSRBUfNqq+8fGGBpB/+7zp0zckNSYsGZR":{"registrationId":760962392,"currentRatchet":{"ephemeralKeyPair":{"pubKey":"BWf6nDJQRWkXYmxlvaxa2J6UQDj0L4jbEqfBkaIzdjkT","privKey":"SNPBPwy7RmJE5Q0BUYsL9w7YbV95SYy+sWgCYaY3BFs="},"lastRemoteEphemeralKey":"BaAaptlig3IwoNRiPWnkzdJJsZ8zjOXn1SkCM85XqyR1","previousCounter":0,"rootKey":"u2KtPH6gWmP1tFr7kEmAaDqkN8kqo8lMo34kLcZvmnA="},"indexInfo":{"baseKey":"BU8u05qu022kSRBUfNqq+8fGGBpB/+7zp0zckNSYsGZR","baseKeyType":1,"closed":-1,"used":1756270525399,"created":1756270525399,"remoteIdentityKey":"BRGGplV5FCQyaW/U7mM01cWe7S5xvM7RB5mVzycnbW4h"},"_chains":{"BWf6nDJQRWkXYmxlvaxa2J6UQDj0L4jbEqfBkaIzdjkT":{"chainKey":{"counter":8,"key":"BZffJwMwURtzJS+KYP83CdtQ8Ie/Vdug5mxmg3rrdD8="},"chainType":1,"messageKeys":{}}},"pendingPreKey":{"signedKeyId":5,"baseKey":"BU8u05qu022kSRBUfNqq+8fGGBpB/+7zp0zckNSYsGZR","preKeyId":16342926}}},"version":"v1"}