{"_sessions":{"BbhoX3AsPodPUPZbR8ekRLwTdhEr1LDuCHayrUGJdZQP":{"registrationId":458009862,"currentRatchet":{"ephemeralKeyPair":{"pubKey":"BWY2T3+E3g22tGfdwCCV6qHJX2vR1havnEsdqa5pedRQ","privKey":"2GHKjB5CBPLEXTPEYiLbHeNkQiaadKESXZUzXy80BFU="},"lastRemoteEphemeralKey":"BWPlHeYG9uuPln11/qwLowYGAY8ZCD+OdgW+iN3RdYEg","previousCounter":0,"rootKey":"CcWogqOMOKZykooP9DtLhSB+wUvfVC6Jh0Gx2ijnvNc="},"indexInfo":{"baseKey":"BbhoX3AsPodPUPZbR8ekRLwTdhEr1LDuCHayrUGJdZQP","baseKeyType":1,"closed":-1,"used":1755507317527,"created":1755507317527,"remoteIdentityKey":"BQyTaYsyiaHGv0k8TTkn8cDffCmBg1Viodavj6ne9QE1"},"_chains":{"BWY2T3+E3g22tGfdwCCV6qHJX2vR1havnEsdqa5pedRQ":{"chainKey":{"counter":12,"key":"04V1zMMEbxhw8jF9sur4DAA2F/lui0XxcWxdpci5N3Y="},"chainType":1,"messageKeys":{}}},"pendingPreKey":{"signedKeyId":7,"baseKey":"BbhoX3AsPodPUPZbR8ekRLwTdhEr1LDuCHayrUGJdZQP"}}},"version":"v1"}