{"_sessions":{"BYa6hP0opG0hJ7mwKanMLfCoFMaXwWHTU5VX4G7PwnY7":{"registrationId":1890220165,"currentRatchet":{"ephemeralKeyPair":{"pubKey":"BdRPZAB54aJpnGngHeeUnkTbRZgqOSTWgfjYTAqXjDN4","privKey":"qPsy8ogmHUO82YJfKiu7cCL6ndYd5bbml72UOiIfSlQ="},"lastRemoteEphemeralKey":"BS8MiVAdRnJvbfXuiRfdiEtG+UIbvEFOxSiraX0DaER7","previousCounter":0,"rootKey":"TMr2TJwzmNH9zqTopOgH4E7Mi1Kq/Ee+DkYKuMcaBtA="},"indexInfo":{"baseKey":"BYa6hP0opG0hJ7mwKanMLfCoFMaXwWHTU5VX4G7PwnY7","baseKeyType":1,"closed":1756259754909,"used":1755947133490,"created":1755507317114,"remoteIdentityKey":"BRTYRFBD+YX7rN0dLPoel5q8eFcvmr6m73xJ4yCHVP9S"},"_chains":{"BZjhpWeYl6Z995lIcMF2WWgz/z4hvW5QpeStGmDzSQc8":{"chainKey":{"counter":0},"chainType":2,"messageKeys":{}},"BdEcBy96uvXUH3op6ZiSlh3LeTHOWsv/iP5r8roMKu4R":{"chainKey":{"counter":0},"chainType":2,"messageKeys":{}},"BSfPS7aTEV+JUBOMatSI7q7a1sgcWmajmkqcTJlE2NYV":{"chainKey":{"counter":1},"chainType":2,"messageKeys":{"0":"8vUSqtb9XkpC1m+fx9aFeCECvIGOop54Qq+wJi9wCCA="}},"BSmJoPsfog1vbIwDPjyOJ7Hn/3pYnZKZYJ19pQVuM7F1":{"chainKey":{"counter":0},"chainType":2,"messageKeys":{}},"BS8MiVAdRnJvbfXuiRfdiEtG+UIbvEFOxSiraX0DaER7":{"chainKey":{"counter":0,"key":"eX8HBQ4/MRUQDnePvFPPfj2i/wEHXg+MjC0sj147Lm0="},"chainType":2,"messageKeys":{}},"BdRPZAB54aJpnGngHeeUnkTbRZgqOSTWgfjYTAqXjDN4":{"chainKey":{"counter":2,"key":"LfiKq8vADmXXgrbXBzo0CXpBVl38ITLl2/2HJENKFyw="},"chainType":1,"messageKeys":{}}}},"BQ6Gzk4AbhgzOWEGNi0EkklkTENfZUHOT5JP2ArqakU+":{"registrationId":1890220165,"currentRatchet":{"ephemeralKeyPair":{"pubKey":"BXeRNR1/Dh1gzHvJ4nODdHJSCajO9jl4omKK73Gv7os1","privKey":"wPH+QBNg/saxwgg9t+qvU1kwT+yNUH9R9W+ip5mIaGY="},"lastRemoteEphemeralKey":"BbBbBw5mSnzy+EMSRb3+vH5/kU4jzL0+gD3a6XZvrxF0","previousCounter":0,"rootKey":"93ooS/oag9VCwTldtE3yIqfEmax8O44waklAJ/n/knE="},"indexInfo":{"baseKey":"BQ6Gzk4AbhgzOWEGNi0EkklkTENfZUHOT5JP2ArqakU+","baseKeyType":2,"closed":-1,"used":1756259754916,"created":1756259754916,"remoteIdentityKey":"BRTYRFBD+YX7rN0dLPoel5q8eFcvmr6m73xJ4yCHVP9S"},"_chains":{"BbBbBw5mSnzy+EMSRb3+vH5/kU4jzL0+gD3a6XZvrxF0":{"chainKey":{"counter":0,"key":"jntYoeClU5LvOoHc2zhirBQxjD3kKoFgO1DfOlGve/U="},"chainType":2,"messageKeys":{}},"BXeRNR1/Dh1gzHvJ4nODdHJSCajO9jl4omKK73Gv7os1":{"chainKey":{"counter":4,"key":"t4oAIe4gCss58mxXg59IOzRyxYFfVZxaQ1CrJoLEek4="},"chainType":1,"messageKeys":{}}}}},"version":"v1"}