{"_sessions":{"BSQx8OW9zH/pJAtwjED+GIVnQvGWixxwnMJtqmV+Kr0t":{"registrationId":370621096,"currentRatchet":{"ephemeralKeyPair":{"pubKey":"BYMc6x5Vb5lgy934DCc6HDIfcPbHSNz02KMWD/EUcNt/","privKey":"8HE7bTcy7xHxa+7+atMV26U4xm965lwSt50CTTQKI34="},"lastRemoteEphemeralKey":"BWE3t6k8BGk35NX2IxWkmYt+sIUuKZbN3AjNHPkCZAQL","previousCounter":0,"rootKey":"hVdJ8m/lHzScum61L5YhSc7RTC6lKsiLqNh49fDTZH0="},"indexInfo":{"baseKey":"BSQx8OW9zH/pJAtwjED+GIVnQvGWixxwnMJtqmV+Kr0t","baseKeyType":1,"closed":-1,"used":1756270525737,"created":1756270525737,"remoteIdentityKey":"BXCTwfKQdBPtiUUL8WHDWaJg5mx20hhEV8xgF7S9o/cO"},"_chains":{"BYMc6x5Vb5lgy934DCc6HDIfcPbHSNz02KMWD/EUcNt/":{"chainKey":{"counter":8,"key":"7uvC28Q/PwH/tvFHsQ/ossj+cE+TeRcKHBpVctgxAJU="},"chainType":1,"messageKeys":{}}},"pendingPreKey":{"signedKeyId":7,"baseKey":"BSQx8OW9zH/pJAtwjED+GIVnQvGWixxwnMJtqmV+Kr0t"}}},"version":"v1"}